zcta_id,geography_id,tract_land_area,tract_water_area,overlap_land_area,overlap_water_area,overlap_fraction,zcta_count,is_crossing_tract,is_dominant,dominant_zcta_id,covered_fraction,is_noncrossing,relationship_vintage,linkage_role
60626,17031010100,379511,0,379511,0,1,1,False,True,60626,1,True,2020,comparison_metadata_only_not_disease_aggregation
60626,17031010201,504464,0,229333,0,0.454607266326,2,True,False,60645,1,False,2020,comparison_metadata_only_not_disease_aggregation
60645,17031010201,504464,0,275131,0,0.545392733674,2,True,True,60645,1,False,2020,comparison_metadata_only_not_disease_aggregation
60626,17031010202,351253,0,351253,0,1,1,False,True,60626,1,True,2020,comparison_metadata_only_not_disease_aggregation
60626,17031010300,472522,0,472522,0,1,1,False,True,60626,1,True,2020,comparison_metadata_only_not_disease_aggregation
60626,17031010501,202133,0,202133,0,1,1,False,True,60626,1,True,2020,comparison_metadata_only_not_disease_aggregation
60626,17031010502,180386,0,180386,0,1,1,False,True,60626,1,True,2020,comparison_metadata_only_not_disease_aggregation
60626,17031010503,194213,0,185588,0,0.95558999655,2,True,True,60626,1,False,2020,comparison_metadata_only_not_disease_aggregation
60660,17031010503,194213,0,8625,0,0.0444100034498,2,True,False,60626,1,False,2020,comparison_metadata_only_not_disease_aggregation
60626,17031010600,495017,0,495017,0,1,1,False,True,60626,1,True,2020,comparison_metadata_only_not_disease_aggregation
60626,17031010701,429690,0,318304,0,0.740775908213,2,True,True,60626,1,False,2020,comparison_metadata_only_not_disease_aggregation
60645,17031010701,429690,0,111386,0,0.259224091787,2,True,False,60626,1,False,2020,comparison_metadata_only_not_disease_aggregation
60626,17031010702,357548,0,357548,0,1,1,False,True,60626,1,True,2020,comparison_metadata_only_not_disease_aggregation
60645,17031020100,411155,0,411155,0,1,1,False,True,60645,1,True,2020,comparison_metadata_only_not_disease_aggregation
60645,17031020200,1241961,0,1241961,0,1,1,False,True,60645,1,True,2020,comparison_metadata_only_not_disease_aggregation
60645,17031020301,825541,0,825541,0,1,1,False,True,60645,1,True,2020,comparison_metadata_only_not_disease_aggregation
60645,17031020302,639920,0,639920,0,1,1,False,True,60645,1,True,2020,comparison_metadata_only_not_disease_aggregation
60645,17031020400,555577,0,555577,0,1,1,False,True,60645,1,True,2020,comparison_metadata_only_not_disease_aggregation
60626,17031020500,771659,0,90302,0,0.117023192887,4,True,False,60645,1,False,2020,comparison_metadata_only_not_disease_aggregation
60645,17031020500,771659,0,648136,0,0.839925407466,4,True,True,60645,1,False,2020,comparison_metadata_only_not_disease_aggregation
60659,17031020500,771659,0,26410,0,0.0342249620623,4,True,False,60645,1,False,2020,comparison_metadata_only_not_disease_aggregation
60660,17031020500,771659,0,6811,0,0.00882643758448,4,True,False,60645,1,False,2020,comparison_metadata_only_not_disease_aggregation
60645,17031020601,591329,0,565733,0,0.956714451684,2,True,True,60645,1,False,2020,comparison_metadata_only_not_disease_aggregation
60659,17031020601,591329,0,25596,0,0.0432855483157,2,True,False,60645,1,False,2020,comparison_metadata_only_not_disease_aggregation
60645,17031020602,492027,0,471352,0,0.957979948255,2,True,True,60645,1,False,2020,comparison_metadata_only_not_disease_aggregation
60659,17031020602,492027,0,20675,0,0.0420200517451,2,True,False,60645,1,False,2020,comparison_metadata_only_not_disease_aggregation
60659,17031020701,591396,0,591396,0,1,1,False,True,60659,1,True,2020,comparison_metadata_only_not_disease_aggregation
60645,17031020702,704323,0,19173,0,0.0272218854134,2,True,False,60659,1,False,2020,comparison_metadata_only_not_disease_aggregation
60659,17031020702,704323,0,685150,0,0.972778114587,2,True,True,60659,1,False,2020,comparison_metadata_only_not_disease_aggregation
60659,17031020801,655953,0,655953,0,1,1,False,True,60659,1,True,2020,comparison_metadata_only_not_disease_aggregation
60659,17031020802,644017,0,644017,0,1,1,False,True,60659,1,True,2020,comparison_metadata_only_not_disease_aggregation
60659,17031020901,485422,2818,485422,2818,1,1,False,True,60659,1,True,2020,comparison_metadata_only_not_disease_aggregation
60659,17031020902,501886,0,132815,0,0.264631808817,2,True,False,60660,1,False,2020,comparison_metadata_only_not_disease_aggregation
60660,17031020902,501886,0,369071,0,0.735368191183,2,True,True,60660,1,False,2020,comparison_metadata_only_not_disease_aggregation
60660,17031030101,127283,110999,127283,110999,1,1,False,True,60660,1,True,2020,comparison_metadata_only_not_disease_aggregation
60660,17031030102,113330,87128,113330,87128,1,1,False,True,60660,1,True,2020,comparison_metadata_only_not_disease_aggregation
60660,17031030103,86631,101282,86631,101282,1,1,False,True,60660,1,True,2020,comparison_metadata_only_not_disease_aggregation
60660,17031030104,110578,70440,110578,70440,1,1,False,True,60660,1,True,2020,comparison_metadata_only_not_disease_aggregation
60660,17031030200,666198,0,666198,0,1,1,False,True,60660,1,True,2020,comparison_metadata_only_not_disease_aggregation
60660,17031030300,314151,0,314151,0,1,1,False,True,60660,1,True,2020,comparison_metadata_only_not_disease_aggregation
60660,17031030400,346486,0,346486,0,1,1,False,True,60660,1,True,2020,comparison_metadata_only_not_disease_aggregation
60660,17031030500,618133,0,618133,0,1,1,False,True,60660,1,True,2020,comparison_metadata_only_not_disease_aggregation
60660,17031030601,149770,98467,149770,98467,1,1,False,True,60660,1,True,2020,comparison_metadata_only_not_disease_aggregation
60660,17031030603,116000,0,116000,0,1,1,False,True,60660,1,True,2020,comparison_metadata_only_not_disease_aggregation
60660,17031030604,198590,89530,198590,89530,1,1,False,True,60660,1,True,2020,comparison_metadata_only_not_disease_aggregation
60640,17031030701,69878,0,69878,0,1,1,False,True,60640,1,True,2020,comparison_metadata_only_not_disease_aggregation
60640,17031030702,22158,0,22158,0,1,1,False,True,60640,1,True,2020,comparison_metadata_only_not_disease_aggregation
60640,17031030703,198290,0,198290,0,1,1,False,True,60640,1,True,2020,comparison_metadata_only_not_disease_aggregation
60640,17031030800,567414,0,531326,0,0.936399172386,2,True,True,60640,1,False,2020,comparison_metadata_only_not_disease_aggregation
60660,17031030800,567414,0,36088,0,0.0636008276144,2,True,False,60640,1,False,2020,comparison_metadata_only_not_disease_aggregation
60640,17031030900,408716,0,403840,0,0.988069955666,2,True,True,60640,1,False,2020,comparison_metadata_only_not_disease_aggregation
60660,17031030900,408716,0,4876,0,0.011930044334,2,True,False,60640,1,False,2020,comparison_metadata_only_not_disease_aggregation
60640,17031031000,424897,0,424897,0,1,1,False,True,60640,1,True,2020,comparison_metadata_only_not_disease_aggregation
60640,17031031100,549965,0,549965,0,1,1,False,True,60640,1,True,2020,comparison_metadata_only_not_disease_aggregation
60640,17031031200,326475,0,326475,0,1,1,False,True,60640,1,True,2020,comparison_metadata_only_not_disease_aggregation
60640,17031031300,632210,466785,632210,466785,1,1,False,True,60640,1,True,2020,comparison_metadata_only_not_disease_aggregation
60640,17031031501,159412,0,159412,0,1,1,False,True,60640,1,True,2020,comparison_metadata_only_not_disease_aggregation
60613,17031031502,161705,0,14575,0,0.0901332673696,2,True,False,60640,1,False,2020,comparison_metadata_only_not_disease_aggregation
60640,17031031502,161705,0,147130,0,0.90986673263,2,True,True,60640,1,False,2020,comparison_metadata_only_not_disease_aggregation
60640,17031031700,477478,0,477478,0,1,1,False,True,60640,1,True,2020,comparison_metadata_only_not_disease_aggregation
60640,17031031800,235150,0,235150,0,1,1,False,True,60640,1,True,2020,comparison_metadata_only_not_disease_aggregation
60640,17031031900,257670,0,257670,0,1,1,False,True,60640,1,True,2020,comparison_metadata_only_not_disease_aggregation
60613,17031032100,431027,0,431027,0,1,1,False,True,60613,1,True,2020,comparison_metadata_only_not_disease_aggregation
60625,17031040100,1972508,29163,1653384,29163,0.84057120276,2,True,True,60625,1,False,2020,comparison_metadata_only_not_disease_aggregation
60640,17031040100,1972508,29163,319124,0,0.15942879724,2,True,False,60625,1,False,2020,comparison_metadata_only_not_disease_aggregation
60625,17031040201,721413,0,721413,0,1,1,False,True,60625,1,True,2020,comparison_metadata_only_not_disease_aggregation
60625,17031040202,588657,0,562433,0,0.95545113708,2,True,True,60625,1,False,2020,comparison_metadata_only_not_disease_aggregation
60659,17031040202,588657,0,26224,0,0.0445488629202,2,True,False,60625,1,False,2020,comparison_metadata_only_not_disease_aggregation
60625,17031040300,752564,14886,730174,14886,0.970825460942,2,True,True,60625,1,False,2020,comparison_metadata_only_not_disease_aggregation
60659,17031040300,752564,14886,22390,0,0.0291745390579,2,True,False,60625,1,False,2020,comparison_metadata_only_not_disease_aggregation
60625,17031040401,385796,0,385796,0,1,1,False,True,60625,1,True,2020,comparison_metadata_only_not_disease_aggregation
60625,17031040402,602581,0,303996,0,0.504489852816,2,True,True,60625,1,False,2020,comparison_metadata_only_not_disease_aggregation
60640,17031040402,602581,0,298585,0,0.495510147184,2,True,False,60625,1,False,2020,comparison_metadata_only_not_disease_aggregation
60625,17031040600,331259,0,331259,0,1,1,False,True,60625,1,True,2020,comparison_metadata_only_not_disease_aggregation
60625,17031040700,342084,15337,342084,15337,1,1,False,True,60625,1,True,2020,comparison_metadata_only_not_disease_aggregation
60618,17031040800,217717,11487,10256,0,0.0447461649884,2,True,False,60625,1,False,2020,comparison_metadata_only_not_disease_aggregation
60625,17031040800,217717,11487,207461,11487,0.955253835012,2,True,True,60625,1,False,2020,comparison_metadata_only_not_disease_aggregation
60618,17031040900,321853,0,20158,0,0.0626310769202,2,True,False,60625,1,False,2020,comparison_metadata_only_not_disease_aggregation
60625,17031040900,321853,0,301695,0,0.93736892308,2,True,True,60625,1,False,2020,comparison_metadata_only_not_disease_aggregation
60613,17031050100,334634,0,299990,0,0.896471966387,2,True,True,60613,1,False,2020,comparison_metadata_only_not_disease_aggregation
60618,17031050100,334634,0,34644,0,0.103528033613,2,True,False,60613,1,False,2020,comparison_metadata_only_not_disease_aggregation
60618,17031050200,652253,0,652253,0,1,1,False,True,60618,1,True,2020,comparison_metadata_only_not_disease_aggregation
60618,17031050300,380031,14700,380031,14700,1,1,False,True,60618,1,True,2020,comparison_metadata_only_not_disease_aggregation
60618,17031050500,652578,0,652578,0,1,1,False,True,60618,1,True,2020,comparison_metadata_only_not_disease_aggregation
60613,17031050600,332314,0,314463,0,0.946282732596,2,True,True,60613,1,False,2020,comparison_metadata_only_not_disease_aggregation
60618,17031050600,332314,0,17851,0,0.0537172674037,2,True,False,60613,1,False,2020,comparison_metadata_only_not_disease_aggregation
60613,17031050700,164326,0,21137,0,0.128628458065,3,True,False,60657,1,False,2020,comparison_metadata_only_not_disease_aggregation
60618,17031050700,164326,0,10403,0,0.0633070846975,3,True,False,60657,1,False,2020,comparison_metadata_only_not_disease_aggregation
60657,17031050700,164326,0,132786,0,0.808064457237,3,True,True,60657,1,False,2020,comparison_metadata_only_not_disease_aggregation
60618,17031050800,162818,0,162818,0,1,1,False,True,60618,1,True,2020,comparison_metadata_only_not_disease_aggregation
60618,17031050900,162724,0,162724,0,1,1,False,True,60618,1,True,2020,comparison_metadata_only_not_disease_aggregation
60618,17031051000,166636,0,166636,0,1,1,False,True,60618,1,True,2020,comparison_metadata_only_not_disease_aggregation
60618,17031051100,162702,0,162702,0,1,1,False,True,60618,1,True,2020,comparison_metadata_only_not_disease_aggregation
60618,17031051200,164547,0,4992,0,0.030337836606,2,True,False,60657,1,False,2020,comparison_metadata_only_not_disease_aggregation
60657,17031051200,164547,0,159555,0,0.969662163394,2,True,True,60657,1,False,2020,comparison_metadata_only_not_disease_aggregation
60614,17031051300,322113,0,24858,0,0.0771716757784,3,True,False,60657,1,False,2020,comparison_metadata_only_not_disease_aggregation
60618,17031051300,322113,0,27077,0,0.0840605625976,3,True,False,60657,1,False,2020,comparison_metadata_only_not_disease_aggregation
60657,17031051300,322113,0,270178,0,0.838767761624,3,True,True,60657,1,False,2020,comparison_metadata_only_not_disease_aggregation
60618,17031051400,346283,12601,346283,12601,1,1,False,True,60618,1,True,2020,comparison_metadata_only_not_disease_aggregation
60613,17031060100,325545,0,325545,0,1,1,False,True,60613,1,True,2020,comparison_metadata_only_not_disease_aggregation
60613,17031060200,318279,0,318279,0,1,1,False,True,60613,1,True,2020,comparison_metadata_only_not_disease_aggregation
60613,17031060300,319839,0,319839,0,1,1,False,True,60613,1,True,2020,comparison_metadata_only_not_disease_aggregation
60613,17031060400,325029,0,325029,0,1,1,False,True,60613,1,True,2020,comparison_metadata_only_not_disease_aggregation
60613,17031060500,228276,0,228276,0,1,1,False,True,60613,1,True,2020,comparison_metadata_only_not_disease_aggregation
60613,17031060800,181490,65882,181490,65882,1,1,False,True,60613,1,True,2020,comparison_metadata_only_not_disease_aggregation
60613,17031060900,499066,404435,461715,404435,0.958659702646,2,True,True,60613,1,False,2020,comparison_metadata_only_not_disease_aggregation
60657,17031060900,499066,404435,37351,0,0.0413402973544,2,True,False,60613,1,False,2020,comparison_metadata_only_not_disease_aggregation
60613,17031061000,172816,0,172816,0,1,1,False,True,60613,1,True,2020,comparison_metadata_only_not_disease_aggregation
60613,17031061100,173036,0,173036,0,1,1,False,True,60613,1,True,2020,comparison_metadata_only_not_disease_aggregation
60613,17031061200,174670,0,174670,0,1,1,False,True,60613,1,True,2020,comparison_metadata_only_not_disease_aggregation
60613,17031061500,162913,0,18446,0,0.113226077722,2,True,False,60657,1,False,2020,comparison_metadata_only_not_disease_aggregation
60657,17031061500,162913,0,144467,0,0.886773922278,2,True,True,60657,1,False,2020,comparison_metadata_only_not_disease_aggregation
60657,17031061800,82769,0,82769,0,1,1,False,True,60657,1,True,2020,comparison_metadata_only_not_disease_aggregation
60657,17031061901,160305,0,160305,0,1,1,False,True,60657,1,True,2020,comparison_metadata_only_not_disease_aggregation
60657,17031061902,276415,585774,276415,585774,1,1,False,True,60657,1,True,2020,comparison_metadata_only_not_disease_aggregation
60657,17031062000,224975,0,224975,0,1,1,False,True,60657,1,True,2020,comparison_metadata_only_not_disease_aggregation
60657,17031062100,244805,0,244805,0,1,1,False,True,60657,1,True,2020,comparison_metadata_only_not_disease_aggregation
60657,17031062200,242322,0,242322,0,1,1,False,True,60657,1,True,2020,comparison_metadata_only_not_disease_aggregation
60657,17031062300,163311,0,163311,0,1,1,False,True,60657,1,True,2020,comparison_metadata_only_not_disease_aggregation
60657,17031062400,162936,0,162936,0,1,1,False,True,60657,1,True,2020,comparison_metadata_only_not_disease_aggregation
60657,17031062500,161003,0,161003,0,1,1,False,True,60657,1,True,2020,comparison_metadata_only_not_disease_aggregation
60614,17031062600,330016,0,16549,0,0.0501460535247,2,True,False,60657,1,False,2020,comparison_metadata_only_not_disease_aggregation
60657,17031062600,330016,0,313467,0,0.949853946475,2,True,True,60657,1,False,2020,comparison_metadata_only_not_disease_aggregation
60614,17031062700,325098,0,17582,0,0.054082153689,2,True,False,60657,1,False,2020,comparison_metadata_only_not_disease_aggregation
60657,17031062700,325098,0,307516,0,0.945917846311,2,True,True,60657,1,False,2020,comparison_metadata_only_not_disease_aggregation
60614,17031062800,325611,0,12732,0,0.039101873094,2,True,False,60657,1,False,2020,comparison_metadata_only_not_disease_aggregation
60657,17031062800,325611,0,312879,0,0.960898126906,2,True,True,60657,1,False,2020,comparison_metadata_only_not_disease_aggregation
60614,17031062900,325740,0,17261,0,0.0529901148155,2,True,False,60657,1,False,2020,comparison_metadata_only_not_disease_aggregation
60657,17031062900,325740,0,308479,0,0.947009885185,2,True,True,60657,1,False,2020,comparison_metadata_only_not_disease_aggregation
60614,17031063000,324351,0,15055,0,0.0464157656366,2,True,False,60657,1,False,2020,comparison_metadata_only_not_disease_aggregation
60657,17031063000,324351,0,309296,0,0.953584234363,2,True,True,60657,1,False,2020,comparison_metadata_only_not_disease_aggregation
60657,17031063100,159625,0,159625,0,1,1,False,True,60657,1,True,2020,comparison_metadata_only_not_disease_aggregation
60657,17031063200,366779,397543,366779,397543,1,1,False,True,60657,1,True,2020,comparison_metadata_only_not_disease_aggregation
60614,17031063301,93843,0,15609,0,0.166330999648,2,True,False,60657,1,False,2020,comparison_metadata_only_not_disease_aggregation
60657,17031063301,93843,0,78234,0,0.833669000352,2,True,True,60657,1,False,2020,comparison_metadata_only_not_disease_aggregation
60657,17031063302,121199,0,121199,0,1,1,False,True,60657,1,True,2020,comparison_metadata_only_not_disease_aggregation
60614,17031063303,236591,0,61313,0,0.259151869682,2,True,False,60657,1,False,2020,comparison_metadata_only_not_disease_aggregation
60657,17031063303,236591,0,175278,0,0.740848130318,2,True,True,60657,1,False,2020,comparison_metadata_only_not_disease_aggregation
60614,17031063400,158852,0,9275,0,0.0583876816156,2,True,False,60657,1,False,2020,comparison_metadata_only_not_disease_aggregation
60657,17031063400,158852,0,149577,0,0.941612318384,2,True,True,60657,1,False,2020,comparison_metadata_only_not_disease_aggregation
60614,17031070101,532229,665646,418804,137397,0.464323072107,2,True,True,60614,1,False,2020,comparison_metadata_only_not_disease_aggregation
60657,17031070101,532229,665646,113425,528249,0.535676927893,2,True,False,60614,1,False,2020,comparison_metadata_only_not_disease_aggregation
60614,17031070102,124699,0,124699,0,1,1,False,True,60614,1,True,2020,comparison_metadata_only_not_disease_aggregation
60614,17031070103,69094,0,69094,0,1,1,False,True,60614,1,True,2020,comparison_metadata_only_not_disease_aggregation
60614,17031070200,341404,0,341404,0,1,1,False,True,60614,1,True,2020,comparison_metadata_only_not_disease_aggregation
60614,17031070300,324411,0,324411,0,1,1,False,True,60614,1,True,2020,comparison_metadata_only_not_disease_aggregation
60614,17031070400,324362,0,324362,0,1,1,False,True,60614,1,True,2020,comparison_metadata_only_not_disease_aggregation
60614,17031070500,305415,0,305415,0,1,1,False,True,60614,1,True,2020,comparison_metadata_only_not_disease_aggregation
60614,17031070600,343156,0,343156,0,1,1,False,True,60614,1,True,2020,comparison_metadata_only_not_disease_aggregation
60614,17031070700,646549,39577,572828,12732,0.853429253519,2,True,True,60614,1,False,2020,comparison_metadata_only_not_disease_aggregation
60647,17031070700,646549,39577,73721,26845,0.146570746481,2,True,False,60614,1,False,2020,comparison_metadata_only_not_disease_aggregation
60614,17031071000,324639,0,324639,0,1,1,False,True,60614,1,True,2020,comparison_metadata_only_not_disease_aggregation
60614,17031071100,325455,0,325455,0,1,1,False,True,60614,1,True,2020,comparison_metadata_only_not_disease_aggregation
60614,17031071200,325200,0,325200,0,1,1,False,True,60614,1,True,2020,comparison_metadata_only_not_disease_aggregation
60614,17031071300,309582,0,309582,0,1,1,False,True,60614,1,True,2020,comparison_metadata_only_not_disease_aggregation
60614,17031071400,640573,683301,640573,683301,1,1,False,True,60614,1,True,2020,comparison_metadata_only_not_disease_aggregation
60610,17031071500,895866,723071,22856,0,0.0141179057616,2,True,False,60614,1,False,2020,comparison_metadata_only_not_disease_aggregation
60614,17031071500,895866,723071,873010,723071,0.985882094238,2,True,True,60614,1,False,2020,comparison_metadata_only_not_disease_aggregation
60614,17031071600,162169,0,162169,0,1,1,False,True,60614,1,True,2020,comparison_metadata_only_not_disease_aggregation
60614,17031071700,159952,0,159952,0,1,1,False,True,60614,1,True,2020,comparison_metadata_only_not_disease_aggregation
60610,17031071800,323370,0,5385,0,0.016652750719,2,True,False,60614,1,False,2020,comparison_metadata_only_not_disease_aggregation
60614,17031071800,323370,0,317985,0,0.983347249281,2,True,True,60614,1,False,2020,comparison_metadata_only_not_disease_aggregation
60610,17031080100,265446,0,265446,0,1,1,False,True,60610,1,True,2020,comparison_metadata_only_not_disease_aggregation
60610,17031080201,135375,0,135375,0,1,1,False,True,60610,1,True,2020,comparison_metadata_only_not_disease_aggregation
60610,17031080202,155240,0,155240,0,1,1,False,True,60610,1,True,2020,comparison_metadata_only_not_disease_aggregation
60610,17031080300,361504,0,361504,0,1,1,False,True,60610,1,True,2020,comparison_metadata_only_not_disease_aggregation
60610,17031080400,327241,0,327241,0,1,1,False,True,60610,1,True,2020,comparison_metadata_only_not_disease_aggregation
60610,17031081000,298829,0,298829,0,1,1,False,True,60610,1,True,2020,comparison_metadata_only_not_disease_aggregation
60610,17031081100,102996,0,83613,0,0.811808225562,2,True,True,60610,1,False,2020,comparison_metadata_only_not_disease_aggregation
60654,17031081100,102996,0,19383,0,0.188191774438,2,True,False,60610,1,False,2020,comparison_metadata_only_not_disease_aggregation
60610,17031081201,185124,0,9940,0,0.0536937404118,2,True,False,60611,1,False,2020,comparison_metadata_only_not_disease_aggregation
60611,17031081201,185124,0,175184,0,0.946306259588,2,True,True,60611,1,False,2020,comparison_metadata_only_not_disease_aggregation
60611,17031081300,202656,0,202656,0,1,1,False,True,60611,1,True,2020,comparison_metadata_only_not_disease_aggregation
60611,17031081401,281790,0,281790,0,1,1,False,True,60611,1,True,2020,comparison_metadata_only_not_disease_aggregation
60611,17031081402,589626,0,589626,0,1,1,False,True,60611,1,True,2020,comparison_metadata_only_not_disease_aggregation
60611,17031081403,331289,1429583,331289,1429583,1,1,False,True,60611,1,True,2020,comparison_metadata_only_not_disease_aggregation
60611,17031081500,284635,11173,274599,11173,0.966072587624,2,True,True,60611,1,False,2020,comparison_metadata_only_not_disease_aggregation
60654,17031081500,284635,11173,10036,0,0.0339274123756,2,True,False,60611,1,False,2020,comparison_metadata_only_not_disease_aggregation
60654,17031081600,128834,3966,128834,3966,1,1,False,True,60654,1,True,2020,comparison_metadata_only_not_disease_aggregation
60654,17031081700,359199,12366,359199,12366,1,1,False,True,60654,1,True,2020,comparison_metadata_only_not_disease_aggregation
60610,17031081800,701139,44573,118877,0,0.159414090158,2,True,False,60654,1,False,2020,comparison_metadata_only_not_disease_aggregation
60654,17031081800,701139,44573,582262,44573,0.840585909842,2,True,True,60654,1,False,2020,comparison_metadata_only_not_disease_aggregation
60610,17031081900,137297,0,110707,0,0.806332257806,2,True,True,60610,1,False,2020,comparison_metadata_only_not_disease_aggregation
60654,17031081900,137297,0,26590,0,0.193667742194,2,True,False,60610,1,False,2020,comparison_metadata_only_not_disease_aggregation
60631,17031090100,933427,0,933427,0,1,1,False,True,60631,1,True,2020,comparison_metadata_only_not_disease_aggregation
60631,17031090200,1529762,0,1529762,0,1,1,False,True,60631,1,True,2020,comparison_metadata_only_not_disease_aggregation
60631,17031090300,475842,0,475842,0,1,1,False,True,60631,1,True,2020,comparison_metadata_only_not_disease_aggregation
60646,17031100100,1182384,0,1182384,0,1,1,False,True,60646,1,True,2020,comparison_metadata_only_not_disease_aggregation
60631,17031100200,2060321,0,1723063,0,0.836308031613,2,True,True,60631,1,False,2020,comparison_metadata_only_not_disease_aggregation
60646,17031100200,2060321,0,337258,0,0.163691968387,2,True,False,60631,1,False,2020,comparison_metadata_only_not_disease_aggregation
60631,17031100300,2330582,0,2320617,0,0.995724243987,2,True,True,60631,1,False,2020,comparison_metadata_only_not_disease_aggregation
60646,17031100300,2330582,0,9965,0,0.00427575601288,2,True,False,60631,1,False,2020,comparison_metadata_only_not_disease_aggregation
60631,17031100400,971799,0,971799,0,1,1,False,True,60631,1,True,2020,comparison_metadata_only_not_disease_aggregation
60631,17031100500,1962095,0,260503,0,0.132767781377,2,True,False,60656,1,False,2020,comparison_metadata_only_not_disease_aggregation
60656,17031100500,1962095,0,1701592,0,0.867232218623,2,True,True,60656,1,False,2020,comparison_metadata_only_not_disease_aggregation
60630,17031100600,1282466,0,34377,0,0.0268053889928,2,True,False,60656,1,False,2020,comparison_metadata_only_not_disease_aggregation
60656,17031100600,1282466,0,1248089,0,0.973194611007,2,True,True,60656,1,False,2020,comparison_metadata_only_not_disease_aggregation
60630,17031100700,1215251,0,38690,0,0.0318370443637,2,True,False,60656,1,False,2020,comparison_metadata_only_not_disease_aggregation
60656,17031100700,1215251,0,1176561,0,0.968162955636,2,True,True,60656,1,False,2020,comparison_metadata_only_not_disease_aggregation
60630,17031110100,1844325,0,338587,0,0.183583153728,2,True,False,60646,1,False,2020,comparison_metadata_only_not_disease_aggregation
60646,17031110100,1844325,0,1505738,0,0.816416846272,2,True,True,60646,1,False,2020,comparison_metadata_only_not_disease_aggregation
60630,17031110200,596253,0,596253,0,1,1,False,True,60630,1,True,2020,comparison_metadata_only_not_disease_aggregation
60630,17031110300,1210672,0,1210672,0,1,1,False,True,60630,1,True,2020,comparison_metadata_only_not_disease_aggregation
60630,17031110400,933971,0,933971,0,1,1,False,True,60630,1,True,2020,comparison_metadata_only_not_disease_aggregation
60630,17031110501,791607,0,791607,0,1,1,False,True,60630,1,True,2020,comparison_metadata_only_not_disease_aggregation
60630,17031110502,649329,0,649329,0,1,1,False,True,60630,1,True,2020,comparison_metadata_only_not_disease_aggregation
60646,17031120100,2789745,0,2789745,0,1,1,False,True,60646,1,True,2020,comparison_metadata_only_not_disease_aggregation
60646,17031120200,2394584,0,2394584,0,1,1,False,True,60646,1,True,2020,comparison_metadata_only_not_disease_aggregation
60646,17031120300,2055073,0,2032712,0,0.989119121316,2,True,True,60646,1,False,2020,comparison_metadata_only_not_disease_aggregation
60659,17031120300,2055073,0,22361,0,0.0108808786841,2,True,False,60646,1,False,2020,comparison_metadata_only_not_disease_aggregation
60630,17031120400,1064697,0,890789,0,0.836659631801,2,True,True,60630,1,False,2020,comparison_metadata_only_not_disease_aggregation
60646,17031120400,1064697,0,173908,0,0.163340368199,2,True,False,60630,1,False,2020,comparison_metadata_only_not_disease_aggregation
60646,17031130100,1839635,0,631853,0,0.343466502866,2,True,False,60659,1,False,2020,comparison_metadata_only_not_disease_aggregation
60659,17031130100,1839635,0,1207782,0,0.656533497134,2,True,True,60659,1,False,2020,comparison_metadata_only_not_disease_aggregation
60630,17031130200,2075998,3028,1655451,3028,0.797719220443,2,True,True,60630,1,False,2020,comparison_metadata_only_not_disease_aggregation
60646,17031130200,2075998,3028,420547,0,0.202280779557,2,True,False,60630,1,False,2020,comparison_metadata_only_not_disease_aggregation
60659,17031130300,721103,0,721103,0,1,1,False,True,60659,1,True,2020,comparison_metadata_only_not_disease_aggregation
60625,17031140100,282494,5489,282494,5489,1,1,False,True,60625,1,True,2020,comparison_metadata_only_not_disease_aggregation
60625,17031140200,394455,0,394455,0,1,1,False,True,60625,1,True,2020,comparison_metadata_only_not_disease_aggregation
60625,17031140301,164129,0,158362,0,0.9648630041,2,True,True,60625,1,False,2020,comparison_metadata_only_not_disease_aggregation
60630,17031140301,164129,0,5767,0,0.0351369958996,2,True,False,60625,1,False,2020,comparison_metadata_only_not_disease_aggregation
60625,17031140302,414720,0,404551,0,0.975479841821,2,True,True,60625,1,False,2020,comparison_metadata_only_not_disease_aggregation
60630,17031140302,414720,0,10169,0,0.024520158179,2,True,False,60625,1,False,2020,comparison_metadata_only_not_disease_aggregation
60630,17031140400,1181559,0,1181559,0,1,1,False,True,60630,1,True,2020,comparison_metadata_only_not_disease_aggregation
60630,17031140500,452821,0,442759,0,0.977779299105,2,True,True,60630,1,False,2020,comparison_metadata_only_not_disease_aggregation
60641,17031140500,452821,0,10062,0,0.0222207008951,2,True,False,60630,1,False,2020,comparison_metadata_only_not_disease_aggregation
60618,17031140601,272123,0,13474,0,0.0495143740147,3,True,False,60625,1,False,2020,comparison_metadata_only_not_disease_aggregation
60625,17031140601,272123,0,230575,0,0.847319043227,3,True,True,60625,1,False,2020,comparison_metadata_only_not_disease_aggregation
60630,17031140601,272123,0,28074,0,0.103166582759,3,True,False,60625,1,False,2020,comparison_metadata_only_not_disease_aggregation
60618,17031140602,384380,0,23770,0,0.0618398459857,2,True,False,60625,1,False,2020,comparison_metadata_only_not_disease_aggregation
60625,17031140602,384380,0,360610,0,0.938160154014,2,True,True,60625,1,False,2020,comparison_metadata_only_not_disease_aggregation
60625,17031140701,228328,0,228328,0,1,1,False,True,60625,1,True,2020,comparison_metadata_only_not_disease_aggregation
60618,17031140702,427095,0,36615,0,0.0857303410248,2,True,False,60625,1,False,2020,comparison_metadata_only_not_disease_aggregation
60625,17031140702,427095,0,390480,0,0.914269658975,2,True,True,60625,1,False,2020,comparison_metadata_only_not_disease_aggregation
60618,17031140800,714365,11508,52621,0,0.0724933976054,2,True,False,60625,1,False,2020,comparison_metadata_only_not_disease_aggregation
60625,17031140800,714365,11508,661744,11508,0.927506602395,2,True,True,60625,1,False,2020,comparison_metadata_only_not_disease_aggregation
60630,17031150200,1326781,0,638466,0,0.48121430741,2,True,False,60641,1,False,2020,comparison_metadata_only_not_disease_aggregation
60641,17031150200,1326781,0,688315,0,0.51878569259,2,True,True,60641,1,False,2020,comparison_metadata_only_not_disease_aggregation
60630,17031150300,1326511,0,623923,0,0.470348907774,3,True,False,60641,1,False,2020,comparison_metadata_only_not_disease_aggregation
60634,17031150300,1326511,0,20546,0,0.0154887520722,3,True,False,60641,1,False,2020,comparison_metadata_only_not_disease_aggregation
60641,17031150300,1326511,0,682042,0,0.514162340154,3,True,True,60641,1,False,2020,comparison_metadata_only_not_disease_aggregation
60630,17031150401,738022,0,699296,0,0.947527309484,2,True,True,60630,1,False,2020,comparison_metadata_only_not_disease_aggregation
60634,17031150401,738022,0,38726,0,0.052472690516,2,True,False,60630,1,False,2020,comparison_metadata_only_not_disease_aggregation
60634,17031150402,662508,0,662508,0,1,1,False,True,60634,1,True,2020,comparison_metadata_only_not_disease_aggregation
60630,17031150501,698792,0,683479,0,0.978086469221,2,True,True,60630,1,False,2020,comparison_metadata_only_not_disease_aggregation
60634,17031150501,698792,0,15313,0,0.0219135307788,2,True,False,60630,1,False,2020,comparison_metadata_only_not_disease_aggregation
60634,17031150502,684583,0,684583,0,1,1,False,True,60634,1,True,2020,comparison_metadata_only_not_disease_aggregation
60634,17031150600,656191,0,656191,0,1,1,False,True,60634,1,True,2020,comparison_metadata_only_not_disease_aggregation
60634,17031150700,662396,0,10111,0,0.0152642829969,2,True,False,60641,1,False,2020,comparison_metadata_only_not_disease_aggregation
60641,17031150700,662396,0,652285,0,0.984735717003,2,True,True,60641,1,False,2020,comparison_metadata_only_not_disease_aggregation
60641,17031150800,661051,0,661051,0,1,1,False,True,60641,1,True,2020,comparison_metadata_only_not_disease_aggregation
60641,17031151001,330135,0,330135,0,1,1,False,True,60641,1,True,2020,comparison_metadata_only_not_disease_aggregation
60641,17031151002,637151,0,637151,0,1,1,False,True,60641,1,True,2020,comparison_metadata_only_not_disease_aggregation
60634,17031151100,660846,0,20543,0,0.0310859110897,2,True,False,60641,1,False,2020,comparison_metadata_only_not_disease_aggregation
60641,17031151100,660846,0,640303,0,0.96891408891,2,True,True,60641,1,False,2020,comparison_metadata_only_not_disease_aggregation
60634,17031151200,655584,0,655584,0,1,1,False,True,60634,1,True,2020,comparison_metadata_only_not_disease_aggregation
60630,17031160100,593631,0,584666,0,0.984898025878,2,True,True,60630,1,False,2020,comparison_metadata_only_not_disease_aggregation
60641,17031160100,593631,0,8965,0,0.015101974122,2,True,False,60630,1,False,2020,comparison_metadata_only_not_disease_aggregation
60630,17031160200,956887,0,242199,0,0.253111391418,2,True,False,60641,1,False,2020,comparison_metadata_only_not_disease_aggregation
60641,17031160200,956887,0,714688,0,0.746888608582,2,True,True,60641,1,False,2020,comparison_metadata_only_not_disease_aggregation
60641,17031160300,426178,0,426178,0,1,1,False,True,60641,1,True,2020,comparison_metadata_only_not_disease_aggregation
60618,17031160400,657332,0,614981,0,0.935571370327,2,True,True,60618,1,False,2020,comparison_metadata_only_not_disease_aggregation
60641,17031160400,657332,0,42351,0,0.0644286296727,2,True,False,60618,1,False,2020,comparison_metadata_only_not_disease_aggregation
60618,17031160501,345248,0,345248,0,1,1,False,True,60618,1,True,2020,comparison_metadata_only_not_disease_aggregation
60618,17031160502,310887,0,310887,0,1,1,False,True,60618,1,True,2020,comparison_metadata_only_not_disease_aggregation
60618,17031160601,328030,0,328030,0,1,1,False,True,60618,1,True,2020,comparison_metadata_only_not_disease_aggregation
60618,17031160602,570721,16735,570721,16735,1,1,False,True,60618,1,True,2020,comparison_metadata_only_not_disease_aggregation
60618,17031160700,773893,16585,773893,16585,1,1,False,True,60618,1,True,2020,comparison_metadata_only_not_disease_aggregation
60618,17031160800,657623,0,657623,0,1,1,False,True,60618,1,True,2020,comparison_metadata_only_not_disease_aggregation
60618,17031160900,657733,0,634856,0,0.965218409294,2,True,True,60618,1,False,2020,comparison_metadata_only_not_disease_aggregation
60641,17031160900,657733,0,22877,0,0.0347815907063,2,True,False,60618,1,False,2020,comparison_metadata_only_not_disease_aggregation
60641,17031161000,426503,0,426503,0,1,1,False,True,60641,1,True,2020,comparison_metadata_only_not_disease_aggregation
60641,17031161100,576830,0,576830,0,1,1,False,True,60641,1,True,2020,comparison_metadata_only_not_disease_aggregation
60641,17031161200,517850,0,517850,0,1,1,False,True,60641,1,True,2020,comparison_metadata_only_not_disease_aggregation
60641,17031161300,497602,0,497602,0,1,1,False,True,60641,1,True,2020,comparison_metadata_only_not_disease_aggregation
60634,17031170100,1014644,0,1014644,0,1,1,False,True,60634,1,True,2020,comparison_metadata_only_not_disease_aggregation
60634,17031170200,653046,0,653046,0,1,1,False,True,60634,1,True,2020,comparison_metadata_only_not_disease_aggregation
60634,17031170300,1398898,0,1398898,0,1,1,False,True,60634,1,True,2020,comparison_metadata_only_not_disease_aggregation
60634,17031170400,769031,0,769031,0,1,1,False,True,60634,1,True,2020,comparison_metadata_only_not_disease_aggregation
60634,17031170500,1539539,0,1539539,0,1,1,False,True,60634,1,True,2020,comparison_metadata_only_not_disease_aggregation
60634,17031170600,566548,0,566548,0,1,1,False,True,60634,1,True,2020,comparison_metadata_only_not_disease_aggregation
60634,17031170700,579654,0,579654,0,1,1,False,True,60634,1,True,2020,comparison_metadata_only_not_disease_aggregation
60634,17031170800,730334,0,730334,0,1,1,False,True,60634,1,True,2020,comparison_metadata_only_not_disease_aggregation
60634,17031170900,320579,0,44636,0,0.139235570639,2,True,False,60707,1,False,2020,comparison_metadata_only_not_disease_aggregation
60707,17031170900,320579,0,275943,0,0.860764429361,2,True,True,60707,1,False,2020,comparison_metadata_only_not_disease_aggregation
60634,17031171000,1393039,0,1393039,0,1,1,False,True,60634,1,True,2020,comparison_metadata_only_not_disease_aggregation
60634,17031171100,666147,0,666147,0,1,1,False,True,60634,1,True,2020,comparison_metadata_only_not_disease_aggregation
60634,17031180100,1068354,0,986799,0,0.923662943182,2,True,True,60634,1,False,2020,comparison_metadata_only_not_disease_aggregation
60707,17031180100,1068354,0,81555,0,0.0763370568182,2,True,False,60634,1,False,2020,comparison_metadata_only_not_disease_aggregation
60639,17031190100,316148,0,83031,0,0.262633323633,2,True,False,60641,1,False,2020,comparison_metadata_only_not_disease_aggregation
60641,17031190100,316148,0,233117,0,0.737366676367,2,True,True,60641,1,False,2020,comparison_metadata_only_not_disease_aggregation
60639,17031190200,660108,0,44257,0,0.0670450895914,2,True,False,60641,1,False,2020,comparison_metadata_only_not_disease_aggregation
60641,17031190200,660108,0,615851,0,0.932954910409,2,True,True,60641,1,False,2020,comparison_metadata_only_not_disease_aggregation
60634,17031190300,660302,0,36076,0,0.0546356061317,3,True,False,60641,1,False,2020,comparison_metadata_only_not_disease_aggregation
60639,17031190300,660302,0,36039,0,0.0545795711659,3,True,False,60641,1,False,2020,comparison_metadata_only_not_disease_aggregation
60641,17031190300,660302,0,588187,0,0.890784822702,3,True,True,60641,1,False,2020,comparison_metadata_only_not_disease_aggregation
60634,17031190401,655475,0,631313,0,0.963138182234,2,True,True,60634,1,False,2020,comparison_metadata_only_not_disease_aggregation
60639,17031190401,655475,0,24162,0,0.0368618177657,2,True,False,60634,1,False,2020,comparison_metadata_only_not_disease_aggregation
60634,17031190402,653980,0,613189,0,0.937626532921,2,True,True,60634,1,False,2020,comparison_metadata_only_not_disease_aggregation
60639,17031190402,653980,0,40791,0,0.0623734670785,2,True,False,60634,1,False,2020,comparison_metadata_only_not_disease_aggregation
60639,17031190601,690034,0,690034,0,1,1,False,True,60639,1,True,2020,comparison_metadata_only_not_disease_aggregation
60639,17031190602,621354,0,621354,0,1,1,False,True,60639,1,True,2020,comparison_metadata_only_not_disease_aggregation
60639,17031190701,277868,0,277868,0,1,1,False,True,60639,1,True,2020,comparison_metadata_only_not_disease_aggregation
60639,17031190702,383493,0,383493,0,1,1,False,True,60639,1,True,2020,comparison_metadata_only_not_disease_aggregation
60639,17031190800,661317,0,661317,0,1,1,False,True,60639,1,True,2020,comparison_metadata_only_not_disease_aggregation
60639,17031190900,314637,0,314637,0,1,1,False,True,60639,1,True,2020,comparison_metadata_only_not_disease_aggregation
60639,17031191000,434313,0,434313,0,1,1,False,True,60639,1,True,2020,comparison_metadata_only_not_disease_aggregation
60639,17031191100,822433,0,822433,0,1,1,False,True,60639,1,True,2020,comparison_metadata_only_not_disease_aggregation
60639,17031191200,705577,0,705577,0,1,1,False,True,60639,1,True,2020,comparison_metadata_only_not_disease_aggregation
60639,17031191301,674995,0,674995,0,1,1,False,True,60639,1,True,2020,comparison_metadata_only_not_disease_aggregation
60639,17031191302,631185,0,631185,0,1,1,False,True,60639,1,True,2020,comparison_metadata_only_not_disease_aggregation
60639,17031200100,584862,0,55062,0,0.0941452855545,2,True,False,60641,1,False,2020,comparison_metadata_only_not_disease_aggregation
60641,17031200100,584862,0,529800,0,0.905854714445,2,True,True,60641,1,False,2020,comparison_metadata_only_not_disease_aggregation
60639,17031200200,818684,0,818684,0,1,1,False,True,60639,1,True,2020,comparison_metadata_only_not_disease_aggregation
60639,17031200300,250668,0,250668,0,1,1,False,True,60639,1,True,2020,comparison_metadata_only_not_disease_aggregation
60639,17031200401,402815,0,402815,0,1,1,False,True,60639,1,True,2020,comparison_metadata_only_not_disease_aggregation
60639,17031200402,386205,0,349421,0,0.904755246566,2,True,True,60639,1,False,2020,comparison_metadata_only_not_disease_aggregation
60647,17031200402,386205,0,36784,0,0.0952447534341,2,True,False,60639,1,False,2020,comparison_metadata_only_not_disease_aggregation
60618,17031210100,836118,17979,836118,17979,1,1,False,True,60618,1,True,2020,comparison_metadata_only_not_disease_aggregation
60639,17031210400,421549,0,95943,0,0.227596317391,2,True,False,60641,1,False,2020,comparison_metadata_only_not_disease_aggregation
60641,17031210400,421549,0,325606,0,0.772403682609,2,True,True,60641,1,False,2020,comparison_metadata_only_not_disease_aggregation
60618,17031210501,313076,0,297691,0,0.95085857747,2,True,True,60618,1,False,2020,comparison_metadata_only_not_disease_aggregation
60641,17031210501,313076,0,15385,0,0.04914142253,2,True,False,60618,1,False,2020,comparison_metadata_only_not_disease_aggregation
60618,17031210502,345944,0,289538,0,0.836950489097,3,True,True,60618,1,False,2020,comparison_metadata_only_not_disease_aggregation
60641,17031210502,345944,0,20276,0,0.0586106421849,3,True,False,60618,1,False,2020,comparison_metadata_only_not_disease_aggregation
60647,17031210502,345944,0,36130,0,0.104438868719,3,True,False,60618,1,False,2020,comparison_metadata_only_not_disease_aggregation
60618,17031210601,273651,0,273651,0,1,1,False,True,60618,1,True,2020,comparison_metadata_only_not_disease_aggregation
60618,17031210602,381387,0,346826,0,0.909380760225,2,True,True,60618,1,False,2020,comparison_metadata_only_not_disease_aggregation
60647,17031210602,381387,0,34561,0,0.0906192397748,2,True,False,60618,1,False,2020,comparison_metadata_only_not_disease_aggregation
60618,17031210700,497304,0,467097,0,0.939258481734,2,True,True,60618,1,False,2020,comparison_metadata_only_not_disease_aggregation
60647,17031210700,497304,0,30207,0,0.0607415182665,2,True,False,60618,1,False,2020,comparison_metadata_only_not_disease_aggregation
60618,17031210800,162930,0,157777,0,0.968372920886,2,True,True,60618,1,False,2020,comparison_metadata_only_not_disease_aggregation
60647,17031210800,162930,0,5153,0,0.0316270791137,2,True,False,60618,1,False,2020,comparison_metadata_only_not_disease_aggregation
60618,17031210900,555364,15204,541082,15204,0.974968803017,2,True,True,60618,1,False,2020,comparison_metadata_only_not_disease_aggregation
60647,17031210900,555364,15204,14282,0,0.0250311969827,2,True,False,60618,1,False,2020,comparison_metadata_only_not_disease_aggregation
60647,17031220300,326095,0,326095,0,1,1,False,True,60647,1,True,2020,comparison_metadata_only_not_disease_aggregation
60647,17031220400,329548,0,329548,0,1,1,False,True,60647,1,True,2020,comparison_metadata_only_not_disease_aggregation
60647,17031220500,345392,0,345392,0,1,1,False,True,60647,1,True,2020,comparison_metadata_only_not_disease_aggregation
60647,17031220601,189121,0,189121,0,1,1,False,True,60647,1,True,2020,comparison_metadata_only_not_disease_aggregation
60647,17031220602,453640,0,453640,0,1,1,False,True,60647,1,True,2020,comparison_metadata_only_not_disease_aggregation
60647,17031220701,266386,0,266386,0,1,1,False,True,60647,1,True,2020,comparison_metadata_only_not_disease_aggregation
60639,17031220702,575196,0,198080,0,0.344369571416,2,True,False,60647,1,False,2020,comparison_metadata_only_not_disease_aggregation
60647,17031220702,575196,0,377116,0,0.655630428584,2,True,True,60647,1,False,2020,comparison_metadata_only_not_disease_aggregation
60639,17031220901,293288,0,21790,0,0.0742955729522,2,True,False,60647,1,False,2020,comparison_metadata_only_not_disease_aggregation
60647,17031220901,293288,0,271498,0,0.925704427048,2,True,True,60647,1,False,2020,comparison_metadata_only_not_disease_aggregation
60639,17031220902,330304,0,6772,0,0.0205023251308,2,True,False,60647,1,False,2020,comparison_metadata_only_not_disease_aggregation
60647,17031220902,330304,0,323532,0,0.979497674869,2,True,True,60647,1,False,2020,comparison_metadata_only_not_disease_aggregation
60647,17031221000,220053,0,220053,0,1,1,False,True,60647,1,True,2020,comparison_metadata_only_not_disease_aggregation
60647,17031221100,440042,0,440042,0,1,1,False,True,60647,1,True,2020,comparison_metadata_only_not_disease_aggregation
60647,17031221200,330421,0,330421,0,1,1,False,True,60647,1,True,2020,comparison_metadata_only_not_disease_aggregation
60647,17031221300,330104,0,330104,0,1,1,False,True,60647,1,True,2020,comparison_metadata_only_not_disease_aggregation
60647,17031221400,355032,0,355032,0,1,1,False,True,60647,1,True,2020,comparison_metadata_only_not_disease_aggregation
60647,17031221500,304903,0,304903,0,1,1,False,True,60647,1,True,2020,comparison_metadata_only_not_disease_aggregation
60647,17031221600,327758,0,327758,0,1,1,False,True,60647,1,True,2020,comparison_metadata_only_not_disease_aggregation
60647,17031222200,231074,0,231074,0,1,1,False,True,60647,1,True,2020,comparison_metadata_only_not_disease_aggregation
60647,17031222500,160675,0,160675,0,1,1,False,True,60647,1,True,2020,comparison_metadata_only_not_disease_aggregation
60647,17031222600,160604,0,160604,0,1,1,False,True,60647,1,True,2020,comparison_metadata_only_not_disease_aggregation
60647,17031222700,224935,0,224935,0,1,1,False,True,60647,1,True,2020,comparison_metadata_only_not_disease_aggregation
60647,17031222800,111384,0,111384,0,1,1,False,True,60647,1,True,2020,comparison_metadata_only_not_disease_aggregation
60647,17031222900,218387,0,218387,0,1,1,False,True,60647,1,True,2020,comparison_metadata_only_not_disease_aggregation
60647,17031230100,166340,0,166340,0,1,1,False,True,60647,1,True,2020,comparison_metadata_only_not_disease_aggregation
60647,17031230200,214283,0,214283,0,1,1,False,True,60647,1,True,2020,comparison_metadata_only_not_disease_aggregation
60647,17031230300,106483,0,106483,0,1,1,False,True,60647,1,True,2020,comparison_metadata_only_not_disease_aggregation
60639,17031230400,338511,0,7695,0,0.0227319053147,2,True,False,60647,1,False,2020,comparison_metadata_only_not_disease_aggregation
60647,17031230400,338511,0,330816,0,0.977268094685,2,True,True,60647,1,False,2020,comparison_metadata_only_not_disease_aggregation
60639,17031230500,526593,0,526593,0,1,1,False,True,60639,1,True,2020,comparison_metadata_only_not_disease_aggregation
60639,17031230600,1010886,0,55983,0,0.0553801318843,2,True,False,60651,1,False,2020,comparison_metadata_only_not_disease_aggregation
60651,17031230600,1010886,0,954903,0,0.944619868116,2,True,True,60651,1,False,2020,comparison_metadata_only_not_disease_aggregation
60647,17031230700,647089,0,27508,0,0.0425103811068,2,True,False,60651,1,False,2020,comparison_metadata_only_not_disease_aggregation
60651,17031230700,647089,0,619581,0,0.957489618893,2,True,True,60651,1,False,2020,comparison_metadata_only_not_disease_aggregation
60647,17031230800,204403,0,10830,0,0.0529835667774,2,True,False,60651,1,False,2020,comparison_metadata_only_not_disease_aggregation
60651,17031230800,204403,0,193573,0,0.947016433223,2,True,True,60651,1,False,2020,comparison_metadata_only_not_disease_aggregation
60647,17031230900,451725,0,19791,0,0.0438120537938,2,True,False,60651,1,False,2020,comparison_metadata_only_not_disease_aggregation
60651,17031230900,451725,0,431934,0,0.956187946206,2,True,True,60651,1,False,2020,comparison_metadata_only_not_disease_aggregation
60651,17031231100,176381,0,176381,0,1,1,False,True,60651,1,True,2020,comparison_metadata_only_not_disease_aggregation
60651,17031231200,656674,0,656674,0,1,1,False,True,60651,1,True,2020,comparison_metadata_only_not_disease_aggregation
60624,17031231500,999706,0,965705,0,0.965989000766,2,True,True,60624,1,False,2020,comparison_metadata_only_not_disease_aggregation
60651,17031231500,999706,0,34001,0,0.0340109992338,2,True,False,60624,1,False,2020,comparison_metadata_only_not_disease_aggregation
60622,17031240200,166088,0,166088,0,1,1,False,True,60622,1,True,2020,comparison_metadata_only_not_disease_aggregation
60622,17031240300,166319,0,143606,0,0.863437129853,2,True,True,60622,1,False,2020,comparison_metadata_only_not_disease_aggregation
60647,17031240300,166319,0,22713,0,0.136562870147,2,True,False,60622,1,False,2020,comparison_metadata_only_not_disease_aggregation
60647,17031240500,233803,0,233803,0,1,1,False,True,60647,1,True,2020,comparison_metadata_only_not_disease_aggregation
60647,17031240600,165380,0,165380,0,1,1,False,True,60647,1,True,2020,comparison_metadata_only_not_disease_aggregation
60647,17031240700,165872,0,165872,0,1,1,False,True,60647,1,True,2020,comparison_metadata_only_not_disease_aggregation
60647,17031240800,166576,0,166576,0,1,1,False,True,60647,1,True,2020,comparison_metadata_only_not_disease_aggregation
60622,17031240900,958058,42315,730685,10221,0.740629745105,2,True,True,60622,1,False,2020,comparison_metadata_only_not_disease_aggregation
60647,17031240900,958058,42315,227373,32094,0.259370254895,2,True,False,60622,1,False,2020,comparison_metadata_only_not_disease_aggregation
60622,17031241000,207513,0,202222,0,0.974502802234,2,True,True,60622,1,False,2020,comparison_metadata_only_not_disease_aggregation
60647,17031241000,207513,0,5291,0,0.0254971977659,2,True,False,60622,1,False,2020,comparison_metadata_only_not_disease_aggregation
60622,17031241100,330813,0,308179,0,0.931580681533,2,True,True,60622,1,False,2020,comparison_metadata_only_not_disease_aggregation
60647,17031241100,330813,0,22634,0,0.0684193184669,2,True,False,60622,1,False,2020,comparison_metadata_only_not_disease_aggregation
60622,17031241200,328117,0,316321,0,0.964049409205,2,True,True,60622,1,False,2020,comparison_metadata_only_not_disease_aggregation
60647,17031241200,328117,0,11796,0,0.0359505907954,2,True,False,60622,1,False,2020,comparison_metadata_only_not_disease_aggregation
60622,17031241300,164085,0,154701,0,0.942810128897,2,True,True,60622,1,False,2020,comparison_metadata_only_not_disease_aggregation
60647,17031241300,164085,0,9384,0,0.0571898711034,2,True,False,60622,1,False,2020,comparison_metadata_only_not_disease_aggregation
60622,17031241400,518625,0,510328,0,0.984001928175,2,True,True,60622,1,False,2020,comparison_metadata_only_not_disease_aggregation
60647,17031241400,518625,0,8297,0,0.0159980718245,2,True,False,60622,1,False,2020,comparison_metadata_only_not_disease_aggregation
60622,17031241500,302473,0,302473,0,1,1,False,True,60622,1,True,2020,comparison_metadata_only_not_disease_aggregation
60622,17031241600,293931,0,40309,0,0.137137627538,2,True,False,60642,1,False,2020,comparison_metadata_only_not_disease_aggregation
60642,17031241600,293931,0,253622,0,0.862862372462,2,True,True,60642,1,False,2020,comparison_metadata_only_not_disease_aggregation
60622,17031242000,326757,0,23593,0,0.0722035029089,2,True,False,60642,1,False,2020,comparison_metadata_only_not_disease_aggregation
60642,17031242000,326757,0,303164,0,0.927796497091,2,True,True,60642,1,False,2020,comparison_metadata_only_not_disease_aggregation
60622,17031242100,327980,0,327980,0,1,1,False,True,60622,1,True,2020,comparison_metadata_only_not_disease_aggregation
60622,17031242200,326986,0,326986,0,1,1,False,True,60622,1,True,2020,comparison_metadata_only_not_disease_aggregation
60622,17031242300,328316,0,328316,0,1,1,False,True,60622,1,True,2020,comparison_metadata_only_not_disease_aggregation
60622,17031242400,328052,0,328052,0,1,1,False,True,60622,1,True,2020,comparison_metadata_only_not_disease_aggregation
60622,17031242500,309814,0,309814,0,1,1,False,True,60622,1,True,2020,comparison_metadata_only_not_disease_aggregation
60622,17031242600,475743,0,475743,0,1,1,False,True,60622,1,True,2020,comparison_metadata_only_not_disease_aggregation
60622,17031242700,175572,0,175572,0,1,1,False,True,60622,1,True,2020,comparison_metadata_only_not_disease_aggregation
60612,17031242800,439630,0,397293,0,0.903698564702,2,True,True,60612,1,False,2020,comparison_metadata_only_not_disease_aggregation
60622,17031242800,439630,0,42337,0,0.0963014352979,2,True,False,60612,1,False,2020,comparison_metadata_only_not_disease_aggregation
60612,17031242900,323819,0,302802,0,0.935096458207,2,True,True,60612,1,False,2020,comparison_metadata_only_not_disease_aggregation
60622,17031242900,323819,0,21017,0,0.0649035417934,2,True,False,60612,1,False,2020,comparison_metadata_only_not_disease_aggregation
60612,17031243000,324547,0,296551,0,0.913738225896,2,True,True,60612,1,False,2020,comparison_metadata_only_not_disease_aggregation
60622,17031243000,324547,0,27996,0,0.0862617741036,2,True,False,60612,1,False,2020,comparison_metadata_only_not_disease_aggregation
60622,17031243100,324004,0,324004,0,1,1,False,True,60622,1,True,2020,comparison_metadata_only_not_disease_aggregation
60622,17031243200,323850,0,323850,0,1,1,False,True,60622,1,True,2020,comparison_metadata_only_not_disease_aggregation
60622,17031243300,327093,0,31798,0,0.0972139422122,2,True,False,60642,1,False,2020,comparison_metadata_only_not_disease_aggregation
60642,17031243300,327093,0,295295,0,0.902786057788,2,True,True,60642,1,False,2020,comparison_metadata_only_not_disease_aggregation
60642,17031243400,328390,0,328390,0,1,1,False,True,60642,1,True,2020,comparison_metadata_only_not_disease_aggregation
60642,17031243500,657987,0,657987,0,1,1,False,True,60642,1,True,2020,comparison_metadata_only_not_disease_aggregation
60639,17031250200,499204,0,499204,0,1,1,False,True,60639,1,True,2020,comparison_metadata_only_not_disease_aggregation
60639,17031250300,618881,0,618881,0,1,1,False,True,60639,1,True,2020,comparison_metadata_only_not_disease_aggregation
60639,17031250400,1308325,0,1308325,0,1,1,False,True,60639,1,True,2020,comparison_metadata_only_not_disease_aggregation
60639,17031250500,2061581,0,35928,0,0.0174274015913,2,True,False,60707,1,False,2020,comparison_metadata_only_not_disease_aggregation
60707,17031250500,2061581,0,2025653,0,0.982572598409,2,True,True,60707,1,False,2020,comparison_metadata_only_not_disease_aggregation
60639,17031250600,647765,0,33607,0,0.05188146936,2,True,False,60651,1,False,2020,comparison_metadata_only_not_disease_aggregation
60651,17031250600,647765,0,614158,0,0.94811853064,2,True,True,60651,1,False,2020,comparison_metadata_only_not_disease_aggregation
60639,17031250700,662318,0,40545,0,0.0612168172992,2,True,False,60651,1,False,2020,comparison_metadata_only_not_disease_aggregation
60651,17031250700,662318,0,621773,0,0.938783182701,2,True,True,60651,1,False,2020,comparison_metadata_only_not_disease_aggregation
60639,17031250800,574711,0,99703,0,0.173483716163,2,True,False,60651,1,False,2020,comparison_metadata_only_not_disease_aggregation
60651,17031250800,574711,0,475008,0,0.826516283837,2,True,True,60651,1,False,2020,comparison_metadata_only_not_disease_aggregation
60651,17031251000,466955,0,466955,0,1,1,False,True,60651,1,True,2020,comparison_metadata_only_not_disease_aggregation
60651,17031251100,496455,0,496455,0,1,1,False,True,60651,1,True,2020,comparison_metadata_only_not_disease_aggregation
60651,17031251200,662289,0,662289,0,1,1,False,True,60651,1,True,2020,comparison_metadata_only_not_disease_aggregation
60651,17031251300,653465,0,653465,0,1,1,False,True,60651,1,True,2020,comparison_metadata_only_not_disease_aggregation
60644,17031251400,688028,0,657697,0,0.955916038301,2,True,True,60644,1,False,2020,comparison_metadata_only_not_disease_aggregation
60651,17031251400,688028,0,30331,0,0.0440839616992,2,True,False,60644,1,False,2020,comparison_metadata_only_not_disease_aggregation
60644,17031251500,683926,0,665334,0,0.972815772467,2,True,True,60644,1,False,2020,comparison_metadata_only_not_disease_aggregation
60651,17031251500,683926,0,18592,0,0.0271842275334,2,True,False,60644,1,False,2020,comparison_metadata_only_not_disease_aggregation
60644,17031251600,480786,0,458013,0,0.952633812133,2,True,True,60644,1,False,2020,comparison_metadata_only_not_disease_aggregation
60651,17031251600,480786,0,22773,0,0.0473661878674,2,True,False,60644,1,False,2020,comparison_metadata_only_not_disease_aggregation
60644,17031251700,486655,0,455260,0,0.935488179511,2,True,True,60644,1,False,2020,comparison_metadata_only_not_disease_aggregation
60651,17031251700,486655,0,31395,0,0.0645118204888,2,True,False,60644,1,False,2020,comparison_metadata_only_not_disease_aggregation
60644,17031251800,997741,0,997741,0,1,1,False,True,60644,1,True,2020,comparison_metadata_only_not_disease_aggregation
60644,17031251900,632452,0,632452,0,1,1,False,True,60644,1,True,2020,comparison_metadata_only_not_disease_aggregation
60644,17031252000,624594,0,624594,0,1,1,False,True,60644,1,True,2020,comparison_metadata_only_not_disease_aggregation
60644,17031252101,827450,24575,827450,24575,1,1,False,True,60644,1,True,2020,comparison_metadata_only_not_disease_aggregation
60644,17031252102,670761,0,670761,0,1,1,False,True,60644,1,True,2020,comparison_metadata_only_not_disease_aggregation
60644,17031252201,386790,0,386790,0,1,1,False,True,60644,1,True,2020,comparison_metadata_only_not_disease_aggregation
60624,17031252202,637446,0,24866,0,0.0390087944704,2,True,False,60644,1,False,2020,comparison_metadata_only_not_disease_aggregation
60644,17031252202,637446,0,612580,0,0.96099120553,2,True,True,60644,1,False,2020,comparison_metadata_only_not_disease_aggregation
60624,17031260100,325451,0,325451,0,1,1,False,True,60624,1,True,2020,comparison_metadata_only_not_disease_aggregation
60624,17031260200,328451,0,328451,0,1,1,False,True,60624,1,True,2020,comparison_metadata_only_not_disease_aggregation
60624,17031260300,329187,0,329187,0,1,1,False,True,60624,1,True,2020,comparison_metadata_only_not_disease_aggregation
60624,17031260400,328225,0,328225,0,1,1,False,True,60624,1,True,2020,comparison_metadata_only_not_disease_aggregation
60624,17031260500,337553,0,337553,0,1,1,False,True,60624,1,True,2020,comparison_metadata_only_not_disease_aggregation
60624,17031260600,318825,0,318825,0,1,1,False,True,60624,1,True,2020,comparison_metadata_only_not_disease_aggregation
60624,17031260700,329201,0,329201,0,1,1,False,True,60624,1,True,2020,comparison_metadata_only_not_disease_aggregation
60624,17031260800,328945,0,328945,0,1,1,False,True,60624,1,True,2020,comparison_metadata_only_not_disease_aggregation
60624,17031260900,228195,0,228195,0,1,1,False,True,60624,1,True,2020,comparison_metadata_only_not_disease_aggregation
60624,17031261000,499037,0,499037,0,1,1,False,True,60624,1,True,2020,comparison_metadata_only_not_disease_aggregation
60624,17031270500,561347,0,561347,0,1,1,False,True,60624,1,True,2020,comparison_metadata_only_not_disease_aggregation
60612,17031271200,329808,0,329808,0,1,1,False,True,60612,1,True,2020,comparison_metadata_only_not_disease_aggregation
60612,17031271300,327413,0,96499,0,0.294731730261,2,True,False,60624,1,False,2020,comparison_metadata_only_not_disease_aggregation
60624,17031271300,327413,0,230914,0,0.705268269739,2,True,True,60624,1,False,2020,comparison_metadata_only_not_disease_aggregation
60624,17031271400,328376,0,328376,0,1,1,False,True,60624,1,True,2020,comparison_metadata_only_not_disease_aggregation
60624,17031271500,162821,0,162821,0,1,1,False,True,60624,1,True,2020,comparison_metadata_only_not_disease_aggregation
60612,17031271800,205986,0,205986,0,1,1,False,True,60612,1,True,2020,comparison_metadata_only_not_disease_aggregation
60606,17031280100,581716,29634,104153,29634,0.218838635806,3,True,False,60661,1,False,2020,comparison_metadata_only_not_disease_aggregation
60654,17031280100,581716,29634,19776,0,0.0323480821134,3,True,False,60661,1,False,2020,comparison_metadata_only_not_disease_aggregation
60661,17031280100,581716,29634,457787,0,0.748813282081,3,True,True,60661,1,False,2020,comparison_metadata_only_not_disease_aggregation
60607,17031280400,502194,0,23361,0,0.0465178795446,2,True,False,60612,1,False,2020,comparison_metadata_only_not_disease_aggregation
60612,17031280400,502194,0,478833,0,0.953482120455,2,True,True,60612,1,False,2020,comparison_metadata_only_not_disease_aggregation
60612,17031280800,237357,0,237357,0,1,1,False,True,60612,1,True,2020,comparison_metadata_only_not_disease_aggregation
60612,17031280900,114689,0,114689,0,1,1,False,True,60612,1,True,2020,comparison_metadata_only_not_disease_aggregation
60606,17031281900,421030,17458,112904,17458,0.297298899856,3,True,False,60661,1,False,2020,comparison_metadata_only_not_disease_aggregation
60607,17031281900,421030,17458,3133,0,0.00714500738903,3,True,False,60661,1,False,2020,comparison_metadata_only_not_disease_aggregation
60661,17031281900,421030,17458,304993,0,0.695556092755,3,True,True,60661,1,False,2020,comparison_metadata_only_not_disease_aggregation
60608,17031282700,439297,0,8329,0,0.018959838105,2,True,False,60612,1,False,2020,comparison_metadata_only_not_disease_aggregation
60612,17031282700,439297,0,430968,0,0.981040161895,2,True,True,60612,1,False,2020,comparison_metadata_only_not_disease_aggregation
60612,17031282800,164404,0,164404,0,1,1,False,True,60612,1,True,2020,comparison_metadata_only_not_disease_aggregation
60607,17031283100,216513,0,216513,0,1,1,False,True,60607,1,True,2020,comparison_metadata_only_not_disease_aggregation
60607,17031283200,236547,0,215033,0,0.909049787146,2,True,True,60607,1,False,2020,comparison_metadata_only_not_disease_aggregation
60608,17031283200,236547,0,21514,0,0.0909502128541,2,True,False,60607,1,False,2020,comparison_metadata_only_not_disease_aggregation
60608,17031283800,376238,0,376238,0,1,1,False,True,60608,1,True,2020,comparison_metadata_only_not_disease_aggregation
60623,17031290900,996496,0,883155,0,0.88626045664,2,True,True,60623,1,False,2020,comparison_metadata_only_not_disease_aggregation
60624,17031290900,996496,0,113341,0,0.11373954336,2,True,False,60623,1,False,2020,comparison_metadata_only_not_disease_aggregation
60623,17031291200,329138,0,298132,0,0.905796352898,2,True,True,60623,1,False,2020,comparison_metadata_only_not_disease_aggregation
60624,17031291200,329138,0,31006,0,0.0942036471024,2,True,False,60623,1,False,2020,comparison_metadata_only_not_disease_aggregation
60608,17031291600,220340,0,220340,0,1,1,False,True,60608,1,True,2020,comparison_metadata_only_not_disease_aggregation
60623,17031292200,394160,0,394160,0,1,1,False,True,60623,1,True,2020,comparison_metadata_only_not_disease_aggregation
60623,17031292400,330658,0,330658,0,1,1,False,True,60623,1,True,2020,comparison_metadata_only_not_disease_aggregation
60623,17031292500,982499,0,982499,0,1,1,False,True,60623,1,True,2020,comparison_metadata_only_not_disease_aggregation
60623,17031300500,271031,0,271031,0,1,1,False,True,60623,1,True,2020,comparison_metadata_only_not_disease_aggregation
60623,17031300600,328182,0,328182,0,1,1,False,True,60623,1,True,2020,comparison_metadata_only_not_disease_aggregation
60623,17031300700,329127,0,329127,0,1,1,False,True,60623,1,True,2020,comparison_metadata_only_not_disease_aggregation
60623,17031300800,325846,0,325846,0,1,1,False,True,60623,1,True,2020,comparison_metadata_only_not_disease_aggregation
60623,17031300900,327299,0,327299,0,1,1,False,True,60623,1,True,2020,comparison_metadata_only_not_disease_aggregation
60608,17031301100,211425,0,30145,0,0.142580111151,2,True,False,60623,1,False,2020,comparison_metadata_only_not_disease_aggregation
60623,17031301100,211425,0,181280,0,0.857419888849,2,True,True,60623,1,False,2020,comparison_metadata_only_not_disease_aggregation
60608,17031301200,482205,0,482205,0,1,1,False,True,60608,1,True,2020,comparison_metadata_only_not_disease_aggregation
60623,17031301600,329517,0,329517,0,1,1,False,True,60623,1,True,2020,comparison_metadata_only_not_disease_aggregation
60623,17031301701,330773,0,330773,0,1,1,False,True,60623,1,True,2020,comparison_metadata_only_not_disease_aggregation
60623,17031301702,330989,0,330989,0,1,1,False,True,60623,1,True,2020,comparison_metadata_only_not_disease_aggregation
60623,17031301801,694937,0,694937,0,1,1,False,True,60623,1,True,2020,comparison_metadata_only_not_disease_aggregation
60623,17031301802,345011,0,345011,0,1,1,False,True,60623,1,True,2020,comparison_metadata_only_not_disease_aggregation
60623,17031301803,351050,0,351050,0,1,1,False,True,60623,1,True,2020,comparison_metadata_only_not_disease_aggregation
60608,17031310200,320573,0,45781,0,0.142809906012,2,True,False,60616,1,False,2020,comparison_metadata_only_not_disease_aggregation
60616,17031310200,320573,0,274792,0,0.857190093988,2,True,True,60616,1,False,2020,comparison_metadata_only_not_disease_aggregation
60608,17031310300,318572,0,318572,0,1,1,False,True,60608,1,True,2020,comparison_metadata_only_not_disease_aggregation
60608,17031310400,124462,0,124462,0,1,1,False,True,60608,1,True,2020,comparison_metadata_only_not_disease_aggregation
60608,17031310500,161938,0,161938,0,1,1,False,True,60608,1,True,2020,comparison_metadata_only_not_disease_aggregation
60608,17031310600,543291,0,543291,0,1,1,False,True,60608,1,True,2020,comparison_metadata_only_not_disease_aggregation
60608,17031310700,160036,0,160036,0,1,1,False,True,60608,1,True,2020,comparison_metadata_only_not_disease_aggregation
60608,17031310800,332782,0,332782,0,1,1,False,True,60608,1,True,2020,comparison_metadata_only_not_disease_aggregation
60608,17031310900,484908,0,484908,0,1,1,False,True,60608,1,True,2020,comparison_metadata_only_not_disease_aggregation
60601,17031320101,465726,25911,465726,25911,1,1,False,True,60601,1,True,2020,comparison_metadata_only_not_disease_aggregation
60601,17031320102,453642,24921,378644,24921,0.843285001139,2,True,True,60601,1,False,2020,comparison_metadata_only_not_disease_aggregation
60602,17031320102,453642,24921,74998,0,0.156714998861,2,True,False,60601,1,False,2020,comparison_metadata_only_not_disease_aggregation
60602,17031320400,804124,649677,18588,0,0.0127857939292,4,True,False,60605,1,False,2020,comparison_metadata_only_not_disease_aggregation
60603,17031320400,804124,649677,155565,0,0.107005704357,4,True,False,60605,1,False,2020,comparison_metadata_only_not_disease_aggregation
60604,17031320400,804124,649677,67281,0,0.046279373862,4,True,False,60605,1,False,2020,comparison_metadata_only_not_disease_aggregation
60605,17031320400,804124,649677,562690,649677,0.833929127852,4,True,True,60605,1,False,2020,comparison_metadata_only_not_disease_aggregation
60605,17031320600,609069,549336,609069,549336,1,1,False,True,60605,1,True,2020,comparison_metadata_only_not_disease_aggregation
60605,17031330101,1882941,828956,1380998,686403,0.762344956317,2,True,True,60605,1,False,2020,comparison_metadata_only_not_disease_aggregation
60616,17031330101,1882941,828956,501943,142553,0.237655043683,2,True,False,60605,1,False,2020,comparison_metadata_only_not_disease_aggregation
60605,17031330102,402828,0,402828,0,1,1,False,True,60605,1,True,2020,comparison_metadata_only_not_disease_aggregation
60605,17031330103,509666,0,8308,0,0.0163008715512,2,True,False,60616,1,False,2020,comparison_metadata_only_not_disease_aggregation
60616,17031330103,509666,0,501358,0,0.983699128449,2,True,True,60616,1,False,2020,comparison_metadata_only_not_disease_aggregation
60605,17031330200,756020,35440,209009,0,0.26408030728,2,True,False,60616,1,False,2020,comparison_metadata_only_not_disease_aggregation
60616,17031330200,756020,35440,547011,35440,0.73591969272,2,True,True,60616,1,False,2020,comparison_metadata_only_not_disease_aggregation
60616,17031340300,213596,0,213596,0,1,1,False,True,60616,1,True,2020,comparison_metadata_only_not_disease_aggregation
60616,17031340400,290316,0,290316,0,1,1,False,True,60616,1,True,2020,comparison_metadata_only_not_disease_aggregation
60616,17031340500,435447,0,435447,0,1,1,False,True,60616,1,True,2020,comparison_metadata_only_not_disease_aggregation
60609,17031340600,496574,0,496574,0,1,1,False,True,60609,1,True,2020,comparison_metadata_only_not_disease_aggregation
60616,17031350100,567876,518735,567876,518735,1,1,False,True,60616,1,True,2020,comparison_metadata_only_not_disease_aggregation
60616,17031350400,201454,0,201454,0,1,1,False,True,60616,1,True,2020,comparison_metadata_only_not_disease_aggregation
60616,17031351000,821383,665632,821383,665632,1,1,False,True,60616,1,True,2020,comparison_metadata_only_not_disease_aggregation
60616,17031351100,347265,0,43089,0,0.124081033217,2,True,False,60653,1,False,2020,comparison_metadata_only_not_disease_aggregation
60653,17031351100,347265,0,304176,0,0.875918966783,2,True,True,60653,1,False,2020,comparison_metadata_only_not_disease_aggregation
60609,17031351400,323957,0,47527,0,0.146707742077,2,True,False,60653,1,False,2020,comparison_metadata_only_not_disease_aggregation
60653,17031351400,323957,0,276430,0,0.853292257923,2,True,True,60653,1,False,2020,comparison_metadata_only_not_disease_aggregation
60609,17031351500,166221,0,166221,0,1,1,False,True,60609,1,True,2020,comparison_metadata_only_not_disease_aggregation
60653,17031360200,232044,0,232044,0,1,1,False,True,60653,1,True,2020,comparison_metadata_only_not_disease_aggregation
60653,17031380100,438048,0,438048,0,1,1,False,True,60653,1,True,2020,comparison_metadata_only_not_disease_aggregation
60653,17031380200,215130,0,215130,0,1,1,False,True,60653,1,True,2020,comparison_metadata_only_not_disease_aggregation
60609,17031380600,838894,0,243933,0,0.290779287967,2,True,False,60653,1,False,2020,comparison_metadata_only_not_disease_aggregation
60653,17031380600,838894,0,594961,0,0.709220712033,2,True,True,60653,1,False,2020,comparison_metadata_only_not_disease_aggregation
60615,17031381200,258553,0,168066,0,0.650025333297,2,True,True,60615,1,False,2020,comparison_metadata_only_not_disease_aggregation
60653,17031381200,258553,0,90487,0,0.349974666703,2,True,False,60615,1,False,2020,comparison_metadata_only_not_disease_aggregation
60609,17031381400,316691,0,13653,0,0.0431114240695,3,True,False,60615,1,False,2020,comparison_metadata_only_not_disease_aggregation
60615,17031381400,316691,0,278921,0,0.880735480326,3,True,True,60615,1,False,2020,comparison_metadata_only_not_disease_aggregation
60653,17031381400,316691,0,24117,0,0.0761530956042,3,True,False,60615,1,False,2020,comparison_metadata_only_not_disease_aggregation
60653,17031381500,108677,0,108677,0,1,1,False,True,60653,1,True,2020,comparison_metadata_only_not_disease_aggregation
60609,17031381700,196802,0,196802,0,1,1,False,True,60609,1,True,2020,comparison_metadata_only_not_disease_aggregation
60615,17031381800,319368,0,319368,0,1,1,False,True,60615,1,True,2020,comparison_metadata_only_not_disease_aggregation
60615,17031381900,172690,0,172690,0,1,1,False,True,60615,1,True,2020,comparison_metadata_only_not_disease_aggregation
60653,17031390100,482752,360058,482752,360058,1,1,False,True,60653,1,True,2020,comparison_metadata_only_not_disease_aggregation
60653,17031390200,303791,0,303791,0,1,1,False,True,60653,1,True,2020,comparison_metadata_only_not_disease_aggregation
60653,17031390300,327051,0,327051,0,1,1,False,True,60653,1,True,2020,comparison_metadata_only_not_disease_aggregation
60615,17031390400,326306,0,326306,0,1,1,False,True,60615,1,True,2020,comparison_metadata_only_not_disease_aggregation
60615,17031390500,326519,0,302380,0,0.926071683424,2,True,True,60615,1,False,2020,comparison_metadata_only_not_disease_aggregation
60653,17031390500,326519,0,24139,0,0.0739283165758,2,True,False,60615,1,False,2020,comparison_metadata_only_not_disease_aggregation
60615,17031390600,324629,0,324629,0,1,1,False,True,60615,1,True,2020,comparison_metadata_only_not_disease_aggregation
60615,17031400300,1385551,79000,320218,0,0.218645851186,2,True,False,60637,1,False,2020,comparison_metadata_only_not_disease_aggregation
60637,17031400300,1385551,79000,1065333,79000,0.781354148814,2,True,True,60637,1,False,2020,comparison_metadata_only_not_disease_aggregation
60637,17031400400,326944,0,326944,0,1,1,False,True,60637,1,True,2020,comparison_metadata_only_not_disease_aggregation
60621,17031400500,326149,0,39621,0,0.121481286161,2,True,False,60637,1,False,2020,comparison_metadata_only_not_disease_aggregation
60637,17031400500,326149,0,286528,0,0.878518713839,2,True,True,60637,1,False,2020,comparison_metadata_only_not_disease_aggregation
60621,17031400800,493317,0,12385,0,0.0251055609274,2,True,False,60637,1,False,2020,comparison_metadata_only_not_disease_aggregation
60637,17031400800,493317,0,480932,0,0.974894439073,2,True,True,60637,1,False,2020,comparison_metadata_only_not_disease_aggregation
60615,17031410200,64827,0,64827,0,1,1,False,True,60615,1,True,2020,comparison_metadata_only_not_disease_aggregation
60615,17031410500,263011,0,263011,0,1,1,False,True,60615,1,True,2020,comparison_metadata_only_not_disease_aggregation
60615,17031410600,252245,0,252245,0,1,1,False,True,60615,1,True,2020,comparison_metadata_only_not_disease_aggregation
60615,17031410700,259923,0,259923,0,1,1,False,True,60615,1,True,2020,comparison_metadata_only_not_disease_aggregation
60615,17031410800,249520,0,237622,0,0.952316447579,2,True,True,60615,1,False,2020,comparison_metadata_only_not_disease_aggregation
60637,17031410800,249520,0,11898,0,0.0476835524206,2,True,False,60615,1,False,2020,comparison_metadata_only_not_disease_aggregation
60615,17031411100,283324,0,1709,0,0.00603196340585,2,True,False,60637,1,False,2020,comparison_metadata_only_not_disease_aggregation
60637,17031411100,283324,0,281615,0,0.993968036594,2,True,True,60637,1,False,2020,comparison_metadata_only_not_disease_aggregation
60615,17031411200,402990,0,4000,0,0.00992580461054,2,True,False,60637,1,False,2020,comparison_metadata_only_not_disease_aggregation
60637,17031411200,402990,0,398990,0,0.990074195389,2,True,True,60637,1,False,2020,comparison_metadata_only_not_disease_aggregation
60637,17031420100,761045,623125,681298,78838,0.549163758787,2,True,True,60637,1,False,2020,comparison_metadata_only_not_disease_aggregation
60649,17031420100,761045,623125,79747,544287,0.450836241213,2,True,False,60637,1,False,2020,comparison_metadata_only_not_disease_aggregation
60637,17031420200,277261,0,277261,0,1,1,False,True,60637,1,True,2020,comparison_metadata_only_not_disease_aggregation
60637,17031420300,245119,0,245119,0,1,1,False,True,60637,1,True,2020,comparison_metadata_only_not_disease_aggregation
60637,17031420400,245128,0,245128,0,1,1,False,True,60637,1,True,2020,comparison_metadata_only_not_disease_aggregation
60637,17031420500,245980,0,245980,0,1,1,False,True,60637,1,True,2020,comparison_metadata_only_not_disease_aggregation
60637,17031420600,243609,0,243609,0,1,1,False,True,60637,1,True,2020,comparison_metadata_only_not_disease_aggregation
60637,17031420700,650530,0,650530,0,1,1,False,True,60637,1,True,2020,comparison_metadata_only_not_disease_aggregation
60637,17031420800,347603,0,347603,0,1,1,False,True,60637,1,True,2020,comparison_metadata_only_not_disease_aggregation
60637,17031421200,325749,0,325749,0,1,1,False,True,60637,1,True,2020,comparison_metadata_only_not_disease_aggregation
60649,17031430101,327083,0,327083,0,1,1,False,True,60649,1,True,2020,comparison_metadata_only_not_disease_aggregation
60649,17031430200,661348,0,661348,0,1,1,False,True,60649,1,True,2020,comparison_metadata_only_not_disease_aggregation
60637,17031430300,406133,0,382591,0,0.942033767263,2,True,True,60637,1,False,2020,comparison_metadata_only_not_disease_aggregation
60649,17031430300,406133,0,23542,0,0.0579662327366,2,True,False,60637,1,False,2020,comparison_metadata_only_not_disease_aggregation
60619,17031430400,547730,0,518508,0,0.946648896354,2,True,True,60619,1,False,2020,comparison_metadata_only_not_disease_aggregation
60649,17031430400,547730,0,29222,0,0.053351103646,2,True,False,60619,1,False,2020,comparison_metadata_only_not_disease_aggregation
60649,17031430500,342833,0,342833,0,1,1,False,True,60649,1,True,2020,comparison_metadata_only_not_disease_aggregation
60649,17031430600,333359,0,333359,0,1,1,False,True,60649,1,True,2020,comparison_metadata_only_not_disease_aggregation
60649,17031430700,189450,178320,189450,178320,1,1,False,True,60649,1,True,2020,comparison_metadata_only_not_disease_aggregation
60649,17031430800,328071,0,328071,0,1,1,False,True,60649,1,True,2020,comparison_metadata_only_not_disease_aggregation
60649,17031430900,336518,0,336518,0,1,1,False,True,60649,1,True,2020,comparison_metadata_only_not_disease_aggregation
60649,17031431200,655295,0,655295,0,1,1,False,True,60649,1,True,2020,comparison_metadata_only_not_disease_aggregation
60649,17031431301,404025,0,404025,0,1,1,False,True,60649,1,True,2020,comparison_metadata_only_not_disease_aggregation
60649,17031431302,437419,0,437419,0,1,1,False,True,60649,1,True,2020,comparison_metadata_only_not_disease_aggregation
60649,17031431400,1084987,1126154,1084987,1126154,1,1,False,True,60649,1,True,2020,comparison_metadata_only_not_disease_aggregation
60619,17031440101,377008,0,377008,0,1,1,False,True,60619,1,True,2020,comparison_metadata_only_not_disease_aggregation
60619,17031440102,627506,0,627506,0,1,1,False,True,60619,1,True,2020,comparison_metadata_only_not_disease_aggregation
60619,17031440201,531454,0,531454,0,1,1,False,True,60619,1,True,2020,comparison_metadata_only_not_disease_aggregation
60619,17031440202,781698,0,781698,0,1,1,False,True,60619,1,True,2020,comparison_metadata_only_not_disease_aggregation
60619,17031440300,1295106,0,1295106,0,1,1,False,True,60619,1,True,2020,comparison_metadata_only_not_disease_aggregation
60619,17031440600,666619,0,666619,0,1,1,False,True,60619,1,True,2020,comparison_metadata_only_not_disease_aggregation
60619,17031440700,327461,0,327461,0,1,1,False,True,60619,1,True,2020,comparison_metadata_only_not_disease_aggregation
60619,17031440800,279123,0,279123,0,1,1,False,True,60619,1,True,2020,comparison_metadata_only_not_disease_aggregation
60619,17031440900,742630,0,742630,0,1,1,False,True,60619,1,True,2020,comparison_metadata_only_not_disease_aggregation
60617,17031450300,1366771,0,1366771,0,1,1,False,True,60617,1,True,2020,comparison_metadata_only_not_disease_aggregation
60617,17031460100,2964055,2514274,1042444,0,0.190285030344,2,True,False,60649,1,False,2020,comparison_metadata_only_not_disease_aggregation
60649,17031460100,2964055,2514274,1921611,2514274,0.809714969656,2,True,True,60649,1,False,2020,comparison_metadata_only_not_disease_aggregation
60617,17031460200,600282,0,600282,0,1,1,False,True,60617,1,True,2020,comparison_metadata_only_not_disease_aggregation
60617,17031460301,485612,0,485612,0,1,1,False,True,60617,1,True,2020,comparison_metadata_only_not_disease_aggregation
60617,17031460302,648832,0,633540,0,0.976431495364,2,True,True,60617,1,False,2020,comparison_metadata_only_not_disease_aggregation
60649,17031460302,648832,0,15292,0,0.023568504636,2,True,False,60617,1,False,2020,comparison_metadata_only_not_disease_aggregation
60617,17031460400,652525,0,652525,0,1,1,False,True,60617,1,True,2020,comparison_metadata_only_not_disease_aggregation
60617,17031460500,1277228,0,1261004,0,0.987297491129,2,True,True,60617,1,False,2020,comparison_metadata_only_not_disease_aggregation
60649,17031460500,1277228,0,16224,0,0.0127025088708,2,True,False,60617,1,False,2020,comparison_metadata_only_not_disease_aggregation
60617,17031460800,683234,0,683234,0,1,1,False,True,60617,1,True,2020,comparison_metadata_only_not_disease_aggregation
60617,17031461000,561859,59596,561859,59596,1,1,False,True,60617,1,True,2020,comparison_metadata_only_not_disease_aggregation
60619,17031470100,1589028,0,1589028,0,1,1,False,True,60619,1,True,2020,comparison_metadata_only_not_disease_aggregation
60617,17031480100,659618,0,659618,0,1,1,False,True,60617,1,True,2020,comparison_metadata_only_not_disease_aggregation
60619,17031480200,286108,0,286108,0,1,1,False,True,60619,1,True,2020,comparison_metadata_only_not_disease_aggregation
60617,17031480300,415735,0,40849,0,0.0982573033302,2,True,False,60619,1,False,2020,comparison_metadata_only_not_disease_aggregation
60619,17031480300,415735,0,374886,0,0.90174269667,2,True,True,60619,1,False,2020,comparison_metadata_only_not_disease_aggregation
60617,17031480400,1809911,0,1809911,0,1,1,False,True,60617,1,True,2020,comparison_metadata_only_not_disease_aggregation
60617,17031480500,1363482,0,1363482,0,1,1,False,True,60617,1,True,2020,comparison_metadata_only_not_disease_aggregation
60619,17031490200,870444,0,870444,0,1,1,False,True,60619,1,True,2020,comparison_metadata_only_not_disease_aggregation
60619,17031490500,1424111,0,166477,0,0.116898893415,2,True,False,60628,1,False,2020,comparison_metadata_only_not_disease_aggregation
60628,17031490500,1424111,0,1257634,0,0.883101106585,2,True,True,60628,1,False,2020,comparison_metadata_only_not_disease_aggregation
60628,17031490600,683115,0,683115,0,1,1,False,True,60628,1,True,2020,comparison_metadata_only_not_disease_aggregation
60628,17031490700,639811,0,639811,0,1,1,False,True,60628,1,True,2020,comparison_metadata_only_not_disease_aggregation
60628,17031490800,1081033,0,1081033,0,1,1,False,True,60628,1,True,2020,comparison_metadata_only_not_disease_aggregation
60628,17031490901,845452,0,845452,0,1,1,False,True,60628,1,True,2020,comparison_metadata_only_not_disease_aggregation
60628,17031490902,1196066,0,1196066,0,1,1,False,True,60628,1,True,2020,comparison_metadata_only_not_disease_aggregation
60628,17031491000,1277974,0,1277974,0,1,1,False,True,60628,1,True,2020,comparison_metadata_only_not_disease_aggregation
60628,17031491100,1321949,0,1321949,0,1,1,False,True,60628,1,True,2020,comparison_metadata_only_not_disease_aggregation
60628,17031491200,649492,0,649492,0,1,1,False,True,60628,1,True,2020,comparison_metadata_only_not_disease_aggregation
60628,17031491300,646033,0,646033,0,1,1,False,True,60628,1,True,2020,comparison_metadata_only_not_disease_aggregation
60628,17031491400,829869,0,829869,0,1,1,False,True,60628,1,True,2020,comparison_metadata_only_not_disease_aggregation
60619,17031500100,2651676,0,168149,0,0.0634123475115,2,True,False,60628,1,False,2020,comparison_metadata_only_not_disease_aggregation
60628,17031500100,2651676,0,2483527,0,0.936587652488,2,True,True,60628,1,False,2020,comparison_metadata_only_not_disease_aggregation
60628,17031500200,2042414,0,2042414,0,1,1,False,True,60628,1,True,2020,comparison_metadata_only_not_disease_aggregation
60628,17031500300,709172,0,709172,0,1,1,False,True,60628,1,True,2020,comparison_metadata_only_not_disease_aggregation
60617,17031510100,2147646,220086,2147646,220086,1,1,False,True,60617,1,True,2020,comparison_metadata_only_not_disease_aggregation
60617,17031510200,1277946,0,1277946,0,1,1,False,True,60617,1,True,2020,comparison_metadata_only_not_disease_aggregation
60617,17031510300,2958348,0,2930726,0,0.990663032206,2,True,True,60617,1,False,2020,comparison_metadata_only_not_disease_aggregation
60619,17031510300,2958348,0,27622,0,0.00933696779419,2,True,False,60617,1,False,2020,comparison_metadata_only_not_disease_aggregation
60617,17031520100,2581898,521681,2581898,521681,1,1,False,True,60617,1,True,2020,comparison_metadata_only_not_disease_aggregation
60617,17031520200,1108055,109644,1108055,109644,1,1,False,True,60617,1,True,2020,comparison_metadata_only_not_disease_aggregation
60617,17031520300,958354,0,958354,0,1,1,False,True,60617,1,True,2020,comparison_metadata_only_not_disease_aggregation
60617,17031520400,725278,0,725278,0,1,1,False,True,60617,1,True,2020,comparison_metadata_only_not_disease_aggregation
60617,17031520500,1050138,0,1050138,0,1,1,False,True,60617,1,True,2020,comparison_metadata_only_not_disease_aggregation
60617,17031520600,1089377,0,1089377,0,1,1,False,True,60617,1,True,2020,comparison_metadata_only_not_disease_aggregation
60628,17031530100,649937,0,649937,0,1,1,False,True,60628,1,True,2020,comparison_metadata_only_not_disease_aggregation
60628,17031530200,1297343,0,1297343,0,1,1,False,True,60628,1,True,2020,comparison_metadata_only_not_disease_aggregation
60628,17031530300,1308194,0,90711,0,0.0693406329642,2,True,False,60643,1,False,2020,comparison_metadata_only_not_disease_aggregation
60643,17031530300,1308194,0,1217483,0,0.930659367036,2,True,True,60643,1,False,2020,comparison_metadata_only_not_disease_aggregation
60628,17031530400,1312063,0,300992,0,0.229403618576,2,True,False,60643,1,False,2020,comparison_metadata_only_not_disease_aggregation
60643,17031530400,1312063,0,1011071,0,0.770596381424,2,True,True,60643,1,False,2020,comparison_metadata_only_not_disease_aggregation
60628,17031530501,1296493,0,1296493,0,1,1,False,True,60628,1,True,2020,comparison_metadata_only_not_disease_aggregation
60628,17031530502,706252,101712,706252,101712,1,1,False,True,60628,1,True,2020,comparison_metadata_only_not_disease_aggregation
60628,17031530503,1598487,57148,1322208,24572,0.813452240379,2,True,True,60628,1,False,2020,comparison_metadata_only_not_disease_aggregation
60643,17031530503,1598487,57148,276279,32576,0.186547759621,2,True,False,60628,1,False,2020,comparison_metadata_only_not_disease_aggregation
60628,17031530600,966243,67959,966243,67959,1,1,False,True,60628,1,True,2020,comparison_metadata_only_not_disease_aggregation
60827,17031540101,3357305,508399,3357305,508399,1,1,False,True,60827,1,True,2020,comparison_metadata_only_not_disease_aggregation
60628,17031540102,5297055,0,4481278,0,0.84599423642,2,True,True,60628,1,False,2020,comparison_metadata_only_not_disease_aggregation
60827,17031540102,5297055,0,815777,0,0.15400576358,2,True,False,60628,1,False,2020,comparison_metadata_only_not_disease_aggregation
60617,17031550100,7189486,1132186,1093161,0,0.13136314433,2,True,False,60633,1,False,2020,comparison_metadata_only_not_disease_aggregation
60633,17031550100,7189486,1132186,6096325,1132186,0.86863685567,2,True,True,60633,1,False,2020,comparison_metadata_only_not_disease_aggregation
60633,17031550200,5093938,283388,5093938,283388,1,1,False,True,60633,1,True,2020,comparison_metadata_only_not_disease_aggregation
60632,17031560100,693892,48984,464892,0,0.625800268147,2,True,True,60632,1,False,2020,comparison_metadata_only_not_disease_aggregation
60804,17031560100,693892,48984,229000,48984,0.374199731853,2,True,False,60632,1,False,2020,comparison_metadata_only_not_disease_aggregation
60638,17031560200,662049,0,662049,0,1,1,False,True,60638,1,True,2020,comparison_metadata_only_not_disease_aggregation
60638,17031560300,653932,0,653932,0,1,1,False,True,60638,1,True,2020,comparison_metadata_only_not_disease_aggregation
60632,17031560400,339633,0,339633,0,1,1,False,True,60632,1,True,2020,comparison_metadata_only_not_disease_aggregation
60638,17031560700,661239,0,661239,0,1,1,False,True,60638,1,True,2020,comparison_metadata_only_not_disease_aggregation
60638,17031560800,1321148,0,1321148,0,1,1,False,True,60638,1,True,2020,comparison_metadata_only_not_disease_aggregation
60638,17031560900,1319260,0,1319260,0,1,1,False,True,60638,1,True,2020,comparison_metadata_only_not_disease_aggregation
60638,17031561000,1328253,0,1328253,0,1,1,False,True,60638,1,True,2020,comparison_metadata_only_not_disease_aggregation
60638,17031561100,1321993,0,1321993,0,1,1,False,True,60638,1,True,2020,comparison_metadata_only_not_disease_aggregation
60632,17031570100,1523744,0,1523744,0,1,1,False,True,60632,1,True,2020,comparison_metadata_only_not_disease_aggregation
60632,17031570200,1763887,0,1763887,0,1,1,False,True,60632,1,True,2020,comparison_metadata_only_not_disease_aggregation
60632,17031570300,980167,0,980167,0,1,1,False,True,60632,1,True,2020,comparison_metadata_only_not_disease_aggregation
60632,17031570400,463390,0,463390,0,1,1,False,True,60632,1,True,2020,comparison_metadata_only_not_disease_aggregation
60632,17031570500,423598,0,423598,0,1,1,False,True,60632,1,True,2020,comparison_metadata_only_not_disease_aggregation
60632,17031580100,763337,0,763337,0,1,1,False,True,60632,1,True,2020,comparison_metadata_only_not_disease_aggregation
60632,17031580200,729817,0,729817,0,1,1,False,True,60632,1,True,2020,comparison_metadata_only_not_disease_aggregation
60632,17031580300,471020,0,471020,0,1,1,False,True,60632,1,True,2020,comparison_metadata_only_not_disease_aggregation
60632,17031580400,1316120,0,1316120,0,1,1,False,True,60632,1,True,2020,comparison_metadata_only_not_disease_aggregation
60632,17031580501,492117,0,492117,0,1,1,False,True,60632,1,True,2020,comparison_metadata_only_not_disease_aggregation
60632,17031580502,494416,0,494416,0,1,1,False,True,60632,1,True,2020,comparison_metadata_only_not_disease_aggregation
60632,17031580600,492790,0,492790,0,1,1,False,True,60632,1,True,2020,comparison_metadata_only_not_disease_aggregation
60609,17031580700,550116,0,129621,0,0.235624850032,2,True,False,60632,1,False,2020,comparison_metadata_only_not_disease_aggregation
60632,17031580700,550116,0,420495,0,0.764375149968,2,True,True,60632,1,False,2020,comparison_metadata_only_not_disease_aggregation
60609,17031580800,183294,0,36789,0,0.200710334217,2,True,False,60632,1,False,2020,comparison_metadata_only_not_disease_aggregation
60632,17031580800,183294,0,146505,0,0.799289665783,2,True,True,60632,1,False,2020,comparison_metadata_only_not_disease_aggregation
60609,17031590500,572106,24222,572106,24222,1,1,False,True,60609,1,True,2020,comparison_metadata_only_not_disease_aggregation
60609,17031590600,347982,0,347982,0,1,1,False,True,60609,1,True,2020,comparison_metadata_only_not_disease_aggregation
60609,17031590700,869830,12614,869830,12614,1,1,False,True,60609,1,True,2020,comparison_metadata_only_not_disease_aggregation
60608,17031600400,327229,0,29146,0,0.0890691228467,2,True,False,60616,1,False,2020,comparison_metadata_only_not_disease_aggregation
60616,17031600400,327229,0,298083,0,0.910930877153,2,True,True,60616,1,False,2020,comparison_metadata_only_not_disease_aggregation
60608,17031600600,394134,11665,394134,11665,1,1,False,True,60608,1,True,2020,comparison_metadata_only_not_disease_aggregation
60608,17031600700,447251,39858,447251,39858,1,1,False,True,60608,1,True,2020,comparison_metadata_only_not_disease_aggregation
60608,17031600900,382321,0,382321,0,1,1,False,True,60608,1,True,2020,comparison_metadata_only_not_disease_aggregation
60609,17031610300,2383657,0,2383657,0,1,1,False,True,60609,1,True,2020,comparison_metadata_only_not_disease_aggregation
60609,17031610400,163180,0,163180,0,1,1,False,True,60609,1,True,2020,comparison_metadata_only_not_disease_aggregation
60609,17031610800,332497,0,332497,0,1,1,False,True,60609,1,True,2020,comparison_metadata_only_not_disease_aggregation
60609,17031611200,327038,0,327038,0,1,1,False,True,60609,1,True,2020,comparison_metadata_only_not_disease_aggregation
60609,17031611300,327029,0,327029,0,1,1,False,True,60609,1,True,2020,comparison_metadata_only_not_disease_aggregation
60609,17031611400,326619,0,326619,0,1,1,False,True,60609,1,True,2020,comparison_metadata_only_not_disease_aggregation
60609,17031611500,507432,0,507432,0,1,1,False,True,60609,1,True,2020,comparison_metadata_only_not_disease_aggregation
60609,17031611600,335433,0,335433,0,1,1,False,True,60609,1,True,2020,comparison_metadata_only_not_disease_aggregation
60609,17031611700,328310,0,328310,0,1,1,False,True,60609,1,True,2020,comparison_metadata_only_not_disease_aggregation
60609,17031611800,327809,0,327809,0,1,1,False,True,60609,1,True,2020,comparison_metadata_only_not_disease_aggregation
60609,17031611900,612381,41168,612381,41168,1,1,False,True,60609,1,True,2020,comparison_metadata_only_not_disease_aggregation
60609,17031612000,325911,0,325911,0,1,1,False,True,60609,1,True,2020,comparison_metadata_only_not_disease_aggregation
60609,17031612100,326357,0,326357,0,1,1,False,True,60609,1,True,2020,comparison_metadata_only_not_disease_aggregation
60609,17031612200,898079,0,898079,0,1,1,False,True,60609,1,True,2020,comparison_metadata_only_not_disease_aggregation
60632,17031620100,837583,0,837583,0,1,1,False,True,60632,1,True,2020,comparison_metadata_only_not_disease_aggregation
60632,17031620200,577060,0,577060,0,1,1,False,True,60632,1,True,2020,comparison_metadata_only_not_disease_aggregation
60629,17031620300,992183,0,940534,0,0.947944078864,2,True,True,60629,1,False,2020,comparison_metadata_only_not_disease_aggregation
60632,17031620300,992183,0,51649,0,0.0520559211355,2,True,False,60629,1,False,2020,comparison_metadata_only_not_disease_aggregation
60629,17031620400,656282,0,614203,0,0.935882745527,2,True,True,60629,1,False,2020,comparison_metadata_only_not_disease_aggregation
60632,17031620400,656282,0,42079,0,0.0641172544729,2,True,False,60629,1,False,2020,comparison_metadata_only_not_disease_aggregation
60632,17031630300,985487,0,985487,0,1,1,False,True,60632,1,True,2020,comparison_metadata_only_not_disease_aggregation
60632,17031630400,658248,0,658248,0,1,1,False,True,60632,1,True,2020,comparison_metadata_only_not_disease_aggregation
60609,17031630500,657659,0,50590,0,0.0769243635379,2,True,False,60632,1,False,2020,comparison_metadata_only_not_disease_aggregation
60632,17031630500,657659,0,607069,0,0.923075636462,2,True,True,60632,1,False,2020,comparison_metadata_only_not_disease_aggregation
60609,17031630600,1102329,0,491738,0,0.446090051155,2,True,False,60632,1,False,2020,comparison_metadata_only_not_disease_aggregation
60632,17031630600,1102329,0,610591,0,0.553909948845,2,True,True,60632,1,False,2020,comparison_metadata_only_not_disease_aggregation
60629,17031630800,655815,0,620316,0,0.945870405526,2,True,True,60629,1,False,2020,comparison_metadata_only_not_disease_aggregation
60632,17031630800,655815,0,35499,0,0.0541295944741,2,True,False,60629,1,False,2020,comparison_metadata_only_not_disease_aggregation
60629,17031630900,659762,0,630707,0,0.955961392138,2,True,True,60629,1,False,2020,comparison_metadata_only_not_disease_aggregation
60632,17031630900,659762,0,29055,0,0.0440386078616,2,True,False,60629,1,False,2020,comparison_metadata_only_not_disease_aggregation
60629,17031640100,305457,0,284311,0,0.930772580101,2,True,True,60629,1,False,2020,comparison_metadata_only_not_disease_aggregation
60638,17031640100,305457,0,21146,0,0.0692274198987,2,True,False,60629,1,False,2020,comparison_metadata_only_not_disease_aggregation
60638,17031640300,1324645,0,1324645,0,1,1,False,True,60638,1,True,2020,comparison_metadata_only_not_disease_aggregation
60638,17031640400,1334945,0,1334945,0,1,1,False,True,60638,1,True,2020,comparison_metadata_only_not_disease_aggregation
60638,17031640500,661917,0,661917,0,1,1,False,True,60638,1,True,2020,comparison_metadata_only_not_disease_aggregation
60638,17031640600,659757,0,659757,0,1,1,False,True,60638,1,True,2020,comparison_metadata_only_not_disease_aggregation
60638,17031640700,657092,0,657092,0,1,1,False,True,60638,1,True,2020,comparison_metadata_only_not_disease_aggregation
60629,17031640800,326769,0,296790,0,0.908256291141,2,True,True,60629,1,False,2020,comparison_metadata_only_not_disease_aggregation
60638,17031640800,326769,0,29979,0,0.0917437088586,2,True,False,60629,1,False,2020,comparison_metadata_only_not_disease_aggregation
60629,17031650100,673422,0,673422,0,1,1,False,True,60629,1,True,2020,comparison_metadata_only_not_disease_aggregation
60629,17031650200,991073,0,991073,0,1,1,False,True,60629,1,True,2020,comparison_metadata_only_not_disease_aggregation
60629,17031650301,985558,0,985558,0,1,1,False,True,60629,1,True,2020,comparison_metadata_only_not_disease_aggregation
60629,17031650302,664019,0,664019,0,1,1,False,True,60629,1,True,2020,comparison_metadata_only_not_disease_aggregation
60629,17031650400,1102193,0,1102193,0,1,1,False,True,60629,1,True,2020,comparison_metadata_only_not_disease_aggregation
60629,17031650500,3246103,0,1588523,0,0.489363091683,2,True,False,60652,1,False,2020,comparison_metadata_only_not_disease_aggregation
60652,17031650500,3246103,0,1657580,0,0.510636908317,2,True,True,60652,1,False,2020,comparison_metadata_only_not_disease_aggregation
60629,17031660301,163782,0,163782,0,1,1,False,True,60629,1,True,2020,comparison_metadata_only_not_disease_aggregation
60629,17031660302,491837,0,491837,0,1,1,False,True,60629,1,True,2020,comparison_metadata_only_not_disease_aggregation
60629,17031660400,645646,0,645646,0,1,1,False,True,60629,1,True,2020,comparison_metadata_only_not_disease_aggregation
60629,17031660500,657188,0,657188,0,1,1,False,True,60629,1,True,2020,comparison_metadata_only_not_disease_aggregation
60629,17031660600,658608,0,640596,0,0.972651410247,2,True,True,60629,1,False,2020,comparison_metadata_only_not_disease_aggregation
60636,17031660600,658608,0,18012,0,0.0273485897529,2,True,False,60629,1,False,2020,comparison_metadata_only_not_disease_aggregation
60636,17031660700,480681,0,480681,0,1,1,False,True,60636,1,True,2020,comparison_metadata_only_not_disease_aggregation
60629,17031660800,655390,0,637327,0,0.972439310945,2,True,True,60629,1,False,2020,comparison_metadata_only_not_disease_aggregation
60636,17031660800,655390,0,18063,0,0.0275606890554,2,True,False,60629,1,False,2020,comparison_metadata_only_not_disease_aggregation
60629,17031660900,1811423,161566,1777965,161566,0.983041973371,2,True,True,60629,1,False,2020,comparison_metadata_only_not_disease_aggregation
60636,17031660900,1811423,161566,33458,0,0.0169580266286,2,True,False,60629,1,False,2020,comparison_metadata_only_not_disease_aggregation
60629,17031661000,1118966,0,598636,0,0.534990339295,2,True,True,60629,1,False,2020,comparison_metadata_only_not_disease_aggregation
60636,17031661000,1118966,0,520330,0,0.465009660705,2,True,False,60629,1,False,2020,comparison_metadata_only_not_disease_aggregation
60629,17031661100,1295866,0,1295866,0,1,1,False,True,60629,1,True,2020,comparison_metadata_only_not_disease_aggregation
60636,17031670100,326892,0,326892,0,1,1,False,True,60636,1,True,2020,comparison_metadata_only_not_disease_aggregation
60636,17031670200,326542,0,326542,0,1,1,False,True,60636,1,True,2020,comparison_metadata_only_not_disease_aggregation
60636,17031670300,326330,0,326330,0,1,1,False,True,60636,1,True,2020,comparison_metadata_only_not_disease_aggregation
60636,17031670400,326418,0,326418,0,1,1,False,True,60636,1,True,2020,comparison_metadata_only_not_disease_aggregation
60636,17031670500,622494,0,622494,0,1,1,False,True,60636,1,True,2020,comparison_metadata_only_not_disease_aggregation
60636,17031670600,327032,0,327032,0,1,1,False,True,60636,1,True,2020,comparison_metadata_only_not_disease_aggregation
60636,17031670700,326730,0,326730,0,1,1,False,True,60636,1,True,2020,comparison_metadata_only_not_disease_aggregation
60636,17031670800,326299,0,326299,0,1,1,False,True,60636,1,True,2020,comparison_metadata_only_not_disease_aggregation
60636,17031670900,326291,0,326291,0,1,1,False,True,60636,1,True,2020,comparison_metadata_only_not_disease_aggregation
60636,17031671100,245194,0,245194,0,1,1,False,True,60636,1,True,2020,comparison_metadata_only_not_disease_aggregation
60636,17031671200,244922,0,244922,0,1,1,False,True,60636,1,True,2020,comparison_metadata_only_not_disease_aggregation
60636,17031671300,484665,0,484665,0,1,1,False,True,60636,1,True,2020,comparison_metadata_only_not_disease_aggregation
60636,17031671400,495626,0,495626,0,1,1,False,True,60636,1,True,2020,comparison_metadata_only_not_disease_aggregation
60636,17031671500,741246,0,741246,0,1,1,False,True,60636,1,True,2020,comparison_metadata_only_not_disease_aggregation
60636,17031671600,407164,0,407164,0,1,1,False,True,60636,1,True,2020,comparison_metadata_only_not_disease_aggregation
60636,17031671800,324235,0,324235,0,1,1,False,True,60636,1,True,2020,comparison_metadata_only_not_disease_aggregation
60636,17031671900,322062,0,322062,0,1,1,False,True,60636,1,True,2020,comparison_metadata_only_not_disease_aggregation
60636,17031672000,995092,0,995092,0,1,1,False,True,60636,1,True,2020,comparison_metadata_only_not_disease_aggregation
60621,17031680500,326856,0,292737,0,0.895614582568,2,True,True,60621,1,False,2020,comparison_metadata_only_not_disease_aggregation
60636,17031680500,326856,0,34119,0,0.104385417432,2,True,False,60621,1,False,2020,comparison_metadata_only_not_disease_aggregation
60621,17031680600,326466,0,293293,0,0.898387580943,2,True,True,60621,1,False,2020,comparison_metadata_only_not_disease_aggregation
60636,17031680600,326466,0,33173,0,0.101612419057,2,True,False,60621,1,False,2020,comparison_metadata_only_not_disease_aggregation
60621,17031680900,1032879,0,1032879,0,1,1,False,True,60621,1,True,2020,comparison_metadata_only_not_disease_aggregation
60621,17031681000,652467,0,630003,0,0.96557067254,2,True,True,60621,1,False,2020,comparison_metadata_only_not_disease_aggregation
60636,17031681000,652467,0,22464,0,0.0344293274602,2,True,False,60621,1,False,2020,comparison_metadata_only_not_disease_aggregation
60621,17031681100,652438,0,629734,0,0.965201291157,2,True,True,60621,1,False,2020,comparison_metadata_only_not_disease_aggregation
60636,17031681100,652438,0,22704,0,0.0347987088428,2,True,False,60621,1,False,2020,comparison_metadata_only_not_disease_aggregation
60621,17031681200,794733,0,794733,0,1,1,False,True,60621,1,True,2020,comparison_metadata_only_not_disease_aggregation
60620,17031681300,718139,0,71874,0,0.100083688534,2,True,False,60621,1,False,2020,comparison_metadata_only_not_disease_aggregation
60621,17031681300,718139,0,646265,0,0.899916311466,2,True,True,60621,1,False,2020,comparison_metadata_only_not_disease_aggregation
60621,17031681400,646368,0,618438,0,0.956789321254,2,True,True,60621,1,False,2020,comparison_metadata_only_not_disease_aggregation
60636,17031681400,646368,0,27930,0,0.0432106787465,2,True,False,60621,1,False,2020,comparison_metadata_only_not_disease_aggregation
60621,17031690300,512681,0,512681,0,1,1,False,True,60621,1,True,2020,comparison_metadata_only_not_disease_aggregation
60619,17031690400,651075,0,5803,0,0.00891295165688,2,True,False,60637,1,False,2020,comparison_metadata_only_not_disease_aggregation
60637,17031690400,651075,0,645272,0,0.991087048343,2,True,True,60637,1,False,2020,comparison_metadata_only_not_disease_aggregation
60619,17031690500,323161,0,16661,0,0.0515563449797,2,True,False,60637,1,False,2020,comparison_metadata_only_not_disease_aggregation
60637,17031690500,323161,0,306500,0,0.94844365502,2,True,True,60637,1,False,2020,comparison_metadata_only_not_disease_aggregation
60619,17031690900,655477,0,655477,0,1,1,False,True,60619,1,True,2020,comparison_metadata_only_not_disease_aggregation
60619,17031691000,648676,0,648676,0,1,1,False,True,60619,1,True,2020,comparison_metadata_only_not_disease_aggregation
60621,17031691100,675743,0,675743,0,1,1,False,True,60621,1,True,2020,comparison_metadata_only_not_disease_aggregation
60620,17031691200,1003068,10662,1003068,10662,1,1,False,True,60620,1,True,2020,comparison_metadata_only_not_disease_aggregation
60619,17031691300,647447,0,647447,0,1,1,False,True,60619,1,True,2020,comparison_metadata_only_not_disease_aggregation
60619,17031691400,656684,0,656684,0,1,1,False,True,60619,1,True,2020,comparison_metadata_only_not_disease_aggregation
60619,17031691500,674522,0,674522,0,1,1,False,True,60619,1,True,2020,comparison_metadata_only_not_disease_aggregation
60620,17031700100,2311840,0,318843,0,0.13791741643,2,True,False,60652,1,False,2020,comparison_metadata_only_not_disease_aggregation
60652,17031700100,2311840,0,1992997,0,0.86208258357,2,True,True,60652,1,False,2020,comparison_metadata_only_not_disease_aggregation
60629,17031700200,1614071,0,221231,0,0.137063982935,2,True,False,60652,1,False,2020,comparison_metadata_only_not_disease_aggregation
60652,17031700200,1614071,0,1392840,0,0.862936017065,2,True,True,60652,1,False,2020,comparison_metadata_only_not_disease_aggregation
60652,17031700301,1275707,0,1275707,0,1,1,False,True,60652,1,True,2020,comparison_metadata_only_not_disease_aggregation
60652,17031700302,1319649,0,1319649,0,1,1,False,True,60652,1,True,2020,comparison_metadata_only_not_disease_aggregation
60652,17031700401,1482529,0,1482529,0,1,1,False,True,60652,1,True,2020,comparison_metadata_only_not_disease_aggregation
60652,17031700402,1148944,0,1148944,0,1,1,False,True,60652,1,True,2020,comparison_metadata_only_not_disease_aggregation
60620,17031700501,1670340,0,348145,0,0.208427625513,2,True,False,60652,1,False,2020,comparison_metadata_only_not_disease_aggregation
60652,17031700501,1670340,0,1322195,0,0.791572374487,2,True,True,60652,1,False,2020,comparison_metadata_only_not_disease_aggregation
60620,17031700502,1722969,0,785261,0,0.45576037642,2,True,False,60652,1,False,2020,comparison_metadata_only_not_disease_aggregation
60652,17031700502,1722969,0,937708,0,0.54423962358,2,True,True,60652,1,False,2020,comparison_metadata_only_not_disease_aggregation
60620,17031710100,215116,0,215116,0,1,1,False,True,60620,1,True,2020,comparison_metadata_only_not_disease_aggregation
60620,17031710200,741782,0,741782,0,1,1,False,True,60620,1,True,2020,comparison_metadata_only_not_disease_aggregation
60620,17031710300,327581,0,327581,0,1,1,False,True,60620,1,True,2020,comparison_metadata_only_not_disease_aggregation
60620,17031710400,1002458,0,1002458,0,1,1,False,True,60620,1,True,2020,comparison_metadata_only_not_disease_aggregation
60620,17031710500,748404,0,748404,0,1,1,False,True,60620,1,True,2020,comparison_metadata_only_not_disease_aggregation
60620,17031710600,244933,0,244933,0,1,1,False,True,60620,1,True,2020,comparison_metadata_only_not_disease_aggregation
60620,17031710700,490083,0,490083,0,1,1,False,True,60620,1,True,2020,comparison_metadata_only_not_disease_aggregation
60620,17031710800,816273,0,816273,0,1,1,False,True,60620,1,True,2020,comparison_metadata_only_not_disease_aggregation
60620,17031710900,990948,0,990948,0,1,1,False,True,60620,1,True,2020,comparison_metadata_only_not_disease_aggregation
60620,17031711000,654358,0,654358,0,1,1,False,True,60620,1,True,2020,comparison_metadata_only_not_disease_aggregation
60620,17031711100,653926,0,653926,0,1,1,False,True,60620,1,True,2020,comparison_metadata_only_not_disease_aggregation
60620,17031711200,1102231,0,1102231,0,1,1,False,True,60620,1,True,2020,comparison_metadata_only_not_disease_aggregation
60620,17031711300,350019,0,350019,0,1,1,False,True,60620,1,True,2020,comparison_metadata_only_not_disease_aggregation
60620,17031711400,745157,0,745157,0,1,1,False,True,60620,1,True,2020,comparison_metadata_only_not_disease_aggregation
60620,17031711500,649295,0,649295,0,1,1,False,True,60620,1,True,2020,comparison_metadata_only_not_disease_aggregation
60643,17031720100,1965312,0,1965312,0,1,1,False,True,60643,1,True,2020,comparison_metadata_only_not_disease_aggregation
60643,17031720200,1672473,0,1672473,0,1,1,False,True,60643,1,True,2020,comparison_metadata_only_not_disease_aggregation
60643,17031720300,1264753,0,1264753,0,1,1,False,True,60643,1,True,2020,comparison_metadata_only_not_disease_aggregation
60643,17031720400,663284,0,34034,0,0.0513113538092,2,True,False,60655,1,False,2020,comparison_metadata_only_not_disease_aggregation
60655,17031720400,663284,0,629250,0,0.948688646191,2,True,True,60655,1,False,2020,comparison_metadata_only_not_disease_aggregation
60643,17031720500,1042167,0,47692,0,0.0457623394331,2,True,False,60655,1,False,2020,comparison_metadata_only_not_disease_aggregation
60655,17031720500,1042167,0,994475,0,0.954237660567,2,True,True,60655,1,False,2020,comparison_metadata_only_not_disease_aggregation
60643,17031720600,582372,0,582372,0,1,1,False,True,60643,1,True,2020,comparison_metadata_only_not_disease_aggregation
60643,17031720700,1049859,0,1049859,0,1,1,False,True,60643,1,True,2020,comparison_metadata_only_not_disease_aggregation
60620,17031730100,656951,0,586949,0,0.893444107704,2,True,True,60620,1,False,2020,comparison_metadata_only_not_disease_aggregation
60628,17031730100,656951,0,70002,0,0.106555892296,2,True,False,60620,1,False,2020,comparison_metadata_only_not_disease_aggregation
60620,17031730201,998832,0,974725,0,0.975864810098,2,True,True,60620,1,False,2020,comparison_metadata_only_not_disease_aggregation
60643,17031730201,998832,0,24107,0,0.0241351899018,2,True,False,60620,1,False,2020,comparison_metadata_only_not_disease_aggregation
60620,17031730202,872692,0,826198,0,0.94672347174,2,True,True,60620,1,False,2020,comparison_metadata_only_not_disease_aggregation
60643,17031730202,872692,0,46494,0,0.0532765282597,2,True,False,60620,1,False,2020,comparison_metadata_only_not_disease_aggregation
60620,17031730300,297371,0,297371,0,1,1,False,True,60620,1,True,2020,comparison_metadata_only_not_disease_aggregation
60628,17031730400,1285204,0,36593,0,0.0284725226501,2,True,False,60643,1,False,2020,comparison_metadata_only_not_disease_aggregation
60643,17031730400,1285204,0,1248611,0,0.97152747735,2,True,True,60643,1,False,2020,comparison_metadata_only_not_disease_aggregation
60628,17031730500,1317608,0,1317608,0,1,1,False,True,60628,1,True,2020,comparison_metadata_only_not_disease_aggregation
60628,17031730600,1007256,0,38889,0,0.0386088541543,2,True,False,60643,1,False,2020,comparison_metadata_only_not_disease_aggregation
60643,17031730600,1007256,0,968367,0,0.961391145846,2,True,True,60643,1,False,2020,comparison_metadata_only_not_disease_aggregation
60628,17031730700,988114,0,34355,0,0.0347682554847,2,True,False,60643,1,False,2020,comparison_metadata_only_not_disease_aggregation
60643,17031730700,988114,0,953759,0,0.965231744515,2,True,True,60643,1,False,2020,comparison_metadata_only_not_disease_aggregation
60655,17031740100,891330,0,891330,0,1,1,False,True,60655,1,True,2020,comparison_metadata_only_not_disease_aggregation
60655,17031740200,1962882,0,1962882,0,1,1,False,True,60655,1,True,2020,comparison_metadata_only_not_disease_aggregation
60655,17031740300,1320728,0,1320728,0,1,1,False,True,60655,1,True,2020,comparison_metadata_only_not_disease_aggregation
60655,17031740400,2838804,0,2838804,0,1,1,False,True,60655,1,True,2020,comparison_metadata_only_not_disease_aggregation
60628,17031750100,1285527,0,37481,0,0.029156135966,2,True,False,60643,1,False,2020,comparison_metadata_only_not_disease_aggregation
60643,17031750100,1285527,0,1248046,0,0.970843864034,2,True,True,60643,1,False,2020,comparison_metadata_only_not_disease_aggregation
60643,17031750200,1311132,0,1311132,0,1,1,False,True,60643,1,True,2020,comparison_metadata_only_not_disease_aggregation
60643,17031750300,661763,0,31110,0,0.04701078785,2,True,False,60655,1,False,2020,comparison_metadata_only_not_disease_aggregation
60655,17031750300,661763,0,630653,0,0.95298921215,2,True,True,60655,1,False,2020,comparison_metadata_only_not_disease_aggregation
60643,17031750400,995559,0,162147,0,0.162870307034,2,True,False,60655,1,False,2020,comparison_metadata_only_not_disease_aggregation
60655,17031750400,995559,0,833412,0,0.837129692966,2,True,True,60655,1,False,2020,comparison_metadata_only_not_disease_aggregation
60643,17031750500,2636170,0,2636170,0,1,1,False,True,60643,1,True,2020,comparison_metadata_only_not_disease_aggregation
60628,17031750600,1316350,0,16899,0,0.0128377711095,2,True,False,60643,1,False,2020,comparison_metadata_only_not_disease_aggregation
60643,17031750600,1316350,0,1299451,0,0.98716222889,2,True,True,60643,1,False,2020,comparison_metadata_only_not_disease_aggregation
60631,17031760801,1300063,0,1042537,0,0.80191267654,2,True,True,60631,1,False,2020,comparison_metadata_only_not_disease_aggregation
60656,17031760801,1300063,0,257526,0,0.19808732346,2,True,False,60631,1,False,2020,comparison_metadata_only_not_disease_aggregation
60634,17031760802,6189567,24085,3423456,24085,0.554833292885,2,True,True,60634,1,False,2020,comparison_metadata_only_not_disease_aggregation
60656,17031760802,6189567,24085,2766111,0,0.445166707115,2,True,False,60634,1,False,2020,comparison_metadata_only_not_disease_aggregation
60656,17031760803,762869,0,762869,0,1,1,False,True,60656,1,True,2020,comparison_metadata_only_not_disease_aggregation
60623,17031830500,3827807,285801,2190025,162771,0.571954352481,2,True,True,60623,1,False,2020,comparison_metadata_only_not_disease_aggregation
60632,17031830500,3827807,285801,1637782,123030,0.428045647519,2,True,False,60623,1,False,2020,comparison_metadata_only_not_disease_aggregation
60626,17031830600,661394,0,644814,0,0.974931735093,2,True,True,60626,1,False,2020,comparison_metadata_only_not_disease_aggregation
60660,17031830600,661394,0,16580,0,0.0250682649072,2,True,False,60626,1,False,2020,comparison_metadata_only_not_disease_aggregation
60613,17031830700,861986,7945,580879,7945,0.676862877631,2,True,True,60613,1,False,2020,comparison_metadata_only_not_disease_aggregation
60640,17031830700,861986,7945,281107,0,0.323137122369,2,True,False,60613,1,False,2020,comparison_metadata_only_not_disease_aggregation
60613,17031830800,336529,0,7912,0,0.023510603841,3,True,False,60640,1,False,2020,comparison_metadata_only_not_disease_aggregation
60625,17031830800,336529,0,29541,0,0.087781439341,3,True,False,60640,1,False,2020,comparison_metadata_only_not_disease_aggregation
60640,17031830800,336529,0,299076,0,0.888707956818,3,True,True,60640,1,False,2020,comparison_metadata_only_not_disease_aggregation
60614,17031830900,990467,47216,62349,12059,0.0717059063317,3,True,False,60647,1,False,2020,comparison_metadata_only_not_disease_aggregation
60618,17031830900,990467,47216,63797,17303,0.0781548893063,3,True,False,60647,1,False,2020,comparison_metadata_only_not_disease_aggregation
60647,17031830900,990467,47216,864321,17854,0.850139204362,3,True,True,60647,1,False,2020,comparison_metadata_only_not_disease_aggregation
60622,17031831000,281248,0,155841,0,0.554105273638,2,True,True,60622,1,False,2020,comparison_metadata_only_not_disease_aggregation
60647,17031831000,281248,0,125407,0,0.445894726362,2,True,False,60622,1,False,2020,comparison_metadata_only_not_disease_aggregation
60618,17031831100,1315159,0,1281858,0,0.974679107241,2,True,True,60618,1,False,2020,comparison_metadata_only_not_disease_aggregation
60641,17031831100,1315159,0,33301,0,0.025320892759,2,True,False,60618,1,False,2020,comparison_metadata_only_not_disease_aggregation
60639,17031831200,574052,0,490548,0,0.854535826023,2,True,True,60639,1,False,2020,comparison_metadata_only_not_disease_aggregation
60647,17031831200,574052,0,83504,0,0.145464173977,2,True,False,60639,1,False,2020,comparison_metadata_only_not_disease_aggregation
60639,17031831300,576183,0,291407,0,0.505754248216,2,True,True,60639,1,False,2020,comparison_metadata_only_not_disease_aggregation
60651,17031831300,576183,0,284776,0,0.494245751784,2,True,False,60639,1,False,2020,comparison_metadata_only_not_disease_aggregation
60644,17031831400,2104282,0,2104282,0,1,1,False,True,60644,1,True,2020,comparison_metadata_only_not_disease_aggregation
60634,17031831500,962686,0,311061,0,0.323117818271,3,True,False,60707,1,False,2020,comparison_metadata_only_not_disease_aggregation
60639,17031831500,962686,0,199573,0,0.207308509732,3,True,False,60707,1,False,2020,comparison_metadata_only_not_disease_aggregation
60707,17031831500,962686,0,452052,0,0.469573671997,3,True,True,60707,1,False,2020,comparison_metadata_only_not_disease_aggregation
60707,17031831600,1488846,0,1488846,0,1,1,False,True,60707,1,True,2020,comparison_metadata_only_not_disease_aggregation
60641,17031831700,532500,0,532500,0,1,1,False,True,60641,1,True,2020,comparison_metadata_only_not_disease_aggregation
60625,17031831800,1910736,0,1066508,0,0.558166067944,2,True,True,60625,1,False,2020,comparison_metadata_only_not_disease_aggregation
60659,17031831800,1910736,0,844228,0,0.441833932056,2,True,False,60625,1,False,2020,comparison_metadata_only_not_disease_aggregation
60613,17031831900,324320,0,17255,0,0.0532036260483,2,True,False,60657,1,False,2020,comparison_metadata_only_not_disease_aggregation
60657,17031831900,324320,0,307065,0,0.946796373952,2,True,True,60657,1,False,2020,comparison_metadata_only_not_disease_aggregation
60613,17031832000,167585,0,21617,0,0.128991258167,2,True,False,60657,1,False,2020,comparison_metadata_only_not_disease_aggregation
60657,17031832000,167585,0,145968,0,0.871008741833,2,True,True,60657,1,False,2020,comparison_metadata_only_not_disease_aggregation
60613,17031832100,222094,0,222094,0,1,1,False,True,60613,1,True,2020,comparison_metadata_only_not_disease_aggregation
60647,17031832200,399536,0,399536,0,1,1,False,True,60647,1,True,2020,comparison_metadata_only_not_disease_aggregation
60614,17031832300,803547,37059,469977,15956,0.578074627114,4,True,True,60614,1,False,2020,comparison_metadata_only_not_disease_aggregation
60622,17031832300,803547,37059,153219,0,0.182272075146,4,True,False,60614,1,False,2020,comparison_metadata_only_not_disease_aggregation
60642,17031832300,803547,37059,156380,21103,0.211136965475,4,True,False,60614,1,False,2020,comparison_metadata_only_not_disease_aggregation
60647,17031832300,803547,37059,23971,0,0.0285163322651,4,True,False,60614,1,False,2020,comparison_metadata_only_not_disease_aggregation
60647,17031832400,323051,0,323051,0,1,1,False,True,60647,1,True,2020,comparison_metadata_only_not_disease_aggregation
60614,17031832500,742894,38645,742894,38645,1,1,False,True,60614,1,True,2020,comparison_metadata_only_not_disease_aggregation
60614,17031832600,689068,32563,617066,32563,0.90022324429,2,True,True,60614,1,False,2020,comparison_metadata_only_not_disease_aggregation
60642,17031832600,689068,32563,72002,0,0.0997767557103,2,True,False,60614,1,False,2020,comparison_metadata_only_not_disease_aggregation
60607,17031832900,404584,0,404584,0,1,1,False,True,60607,1,True,2020,comparison_metadata_only_not_disease_aggregation
60607,17031833000,1312134,0,1283458,0,0.978145524771,2,True,True,60607,1,False,2020,comparison_metadata_only_not_disease_aggregation
60661,17031833000,1312134,0,28676,0,0.0218544752289,2,True,False,60607,1,False,2020,comparison_metadata_only_not_disease_aggregation
60607,17031833100,922812,0,922812,0,1,1,False,True,60607,1,True,2020,comparison_metadata_only_not_disease_aggregation
60607,17031833300,477330,0,477330,0,1,1,False,True,60607,1,True,2020,comparison_metadata_only_not_disease_aggregation
60617,17031833900,677853,24124,677853,24124,1,1,False,True,60617,1,True,2020,comparison_metadata_only_not_disease_aggregation
60620,17031834000,967433,0,861938,0,0.890953688783,2,True,True,60620,1,False,2020,comparison_metadata_only_not_disease_aggregation
60628,17031834000,967433,0,105495,0,0.109046311217,2,True,False,60620,1,False,2020,comparison_metadata_only_not_disease_aggregation
60619,17031834200,975440,0,267351,0,0.274082465349,2,True,False,60649,1,False,2020,comparison_metadata_only_not_disease_aggregation
60649,17031834200,975440,0,708089,0,0.725917534651,2,True,True,60649,1,False,2020,comparison_metadata_only_not_disease_aggregation
60619,17031834300,1911637,0,1911637,0,1,1,False,True,60619,1,True,2020,comparison_metadata_only_not_disease_aggregation
60637,17031834400,586494,0,586494,0,1,1,False,True,60637,1,True,2020,comparison_metadata_only_not_disease_aggregation
60621,17031834500,464133,0,300096,0,0.64657328826,2,True,True,60621,1,False,2020,comparison_metadata_only_not_disease_aggregation
60637,17031834500,464133,0,164037,0,0.35342671174,2,True,False,60621,1,False,2020,comparison_metadata_only_not_disease_aggregation
60621,17031834600,1562221,0,1562221,0,1,1,False,True,60621,1,True,2020,comparison_metadata_only_not_disease_aggregation
60621,17031834700,657991,0,657991,0,1,1,False,True,60621,1,True,2020,comparison_metadata_only_not_disease_aggregation
60621,17031834800,599866,0,599866,0,1,1,False,True,60621,1,True,2020,comparison_metadata_only_not_disease_aggregation
60636,17031834900,653144,0,653144,0,1,1,False,True,60636,1,True,2020,comparison_metadata_only_not_disease_aggregation
60629,17031835000,1004079,0,610713,0,0.608232021584,2,True,True,60629,1,False,2020,comparison_metadata_only_not_disease_aggregation
60636,17031835000,1004079,0,393366,0,0.391767978416,2,True,False,60629,1,False,2020,comparison_metadata_only_not_disease_aggregation
60629,17031835100,1003979,0,602653,0,0.600264547366,3,True,True,60629,1,False,2020,comparison_metadata_only_not_disease_aggregation
60632,17031835100,1003979,0,20426,0,0.0203450470578,3,True,False,60629,1,False,2020,comparison_metadata_only_not_disease_aggregation
60636,17031835100,1003979,0,380900,0,0.379390405576,3,True,False,60629,1,False,2020,comparison_metadata_only_not_disease_aggregation
60632,17031835200,988538,0,330366,0,0.334196560982,2,True,False,60638,1,False,2020,comparison_metadata_only_not_disease_aggregation
60638,17031835200,988538,0,658172,0,0.665803439018,2,True,True,60638,1,False,2020,comparison_metadata_only_not_disease_aggregation
60609,17031835500,914014,0,914014,0,1,1,False,True,60609,1,True,2020,comparison_metadata_only_not_disease_aggregation
60609,17031835600,917505,0,917505,0,1,1,False,True,60609,1,True,2020,comparison_metadata_only_not_disease_aggregation
60615,17031835800,284425,0,15896,0,0.0558881954821,2,True,False,60653,1,False,2020,comparison_metadata_only_not_disease_aggregation
60653,17031835800,284425,0,268529,0,0.944111804518,2,True,True,60653,1,False,2020,comparison_metadata_only_not_disease_aggregation
60653,17031836000,505740,0,505740,0,1,1,False,True,60653,1,True,2020,comparison_metadata_only_not_disease_aggregation
60609,17031836100,860471,0,194675,0,0.22624237191,2,True,False,60615,1,False,2020,comparison_metadata_only_not_disease_aggregation
60615,17031836100,860471,0,665796,0,0.77375762809,2,True,True,60615,1,False,2020,comparison_metadata_only_not_disease_aggregation
60637,17031836200,813762,0,813762,0,1,1,False,True,60637,1,True,2020,comparison_metadata_only_not_disease_aggregation
60615,17031836300,137523,0,137523,0,1,1,False,True,60615,1,True,2020,comparison_metadata_only_not_disease_aggregation
60653,17031836500,468075,469611,468075,469611,1,1,False,True,60653,1,True,2020,comparison_metadata_only_not_disease_aggregation
60622,17031836600,634181,0,155126,0,0.244608400441,2,True,False,60651,1,False,2020,comparison_metadata_only_not_disease_aggregation
60651,17031836600,634181,0,479055,0,0.755391599559,2,True,True,60651,1,False,2020,comparison_metadata_only_not_disease_aggregation
60612,17031836700,1227830,0,879845,0,0.716585357908,4,True,True,60612,1,False,2020,comparison_metadata_only_not_disease_aggregation
60622,17031836700,1227830,0,58792,0,0.0478828502317,4,True,False,60612,1,False,2020,comparison_metadata_only_not_disease_aggregation
60624,17031836700,1227830,0,274006,0,0.223162815699,4,True,False,60612,1,False,2020,comparison_metadata_only_not_disease_aggregation
60651,17031836700,1227830,0,15187,0,0.0123689761612,4,True,False,60612,1,False,2020,comparison_metadata_only_not_disease_aggregation
60612,17031836800,801875,14139,2456,0,0.00300975228366,2,True,False,60624,1,False,2020,comparison_metadata_only_not_disease_aggregation
60624,17031836800,801875,14139,799419,14139,0.996990247716,2,True,True,60624,1,False,2020,comparison_metadata_only_not_disease_aggregation
60612,17031836900,164712,0,82499,0,0.500868182039,2,True,True,60612,1,False,2020,comparison_metadata_only_not_disease_aggregation
60624,17031836900,164712,0,82213,0,0.499131817961,2,True,False,60612,1,False,2020,comparison_metadata_only_not_disease_aggregation
60612,17031837000,412544,0,412544,0,1,1,False,True,60612,1,True,2020,comparison_metadata_only_not_disease_aggregation
60612,17031837100,745370,0,745370,0,1,1,False,True,60612,1,True,2020,comparison_metadata_only_not_disease_aggregation
60612,17031837300,368498,0,210840,0,0.572160500193,2,True,True,60612,1,False,2020,comparison_metadata_only_not_disease_aggregation
60624,17031837300,368498,0,157658,0,0.427839499807,2,True,False,60612,1,False,2020,comparison_metadata_only_not_disease_aggregation
60612,17031837400,591450,0,591450,0,1,1,False,True,60612,1,True,2020,comparison_metadata_only_not_disease_aggregation
60612,17031837800,1005364,0,1005364,0,1,1,False,True,60612,1,True,2020,comparison_metadata_only_not_disease_aggregation
60612,17031838000,538297,0,538297,0,1,1,False,True,60612,1,True,2020,comparison_metadata_only_not_disease_aggregation
60607,17031838100,820068,0,25245,0,0.0307840325436,2,True,False,60612,1,False,2020,comparison_metadata_only_not_disease_aggregation
60612,17031838100,820068,0,794823,0,0.969215967456,2,True,True,60612,1,False,2020,comparison_metadata_only_not_disease_aggregation
60607,17031838200,1151290,0,34647,0,0.0300940683928,3,True,False,60612,1,False,2020,comparison_metadata_only_not_disease_aggregation
60608,17031838200,1151290,0,61125,0,0.0530926178461,3,True,False,60612,1,False,2020,comparison_metadata_only_not_disease_aggregation
60612,17031838200,1151290,0,1055518,0,0.916813313761,3,True,True,60612,1,False,2020,comparison_metadata_only_not_disease_aggregation
60610,17031838300,348132,0,348132,0,1,1,False,True,60610,1,True,2020,comparison_metadata_only_not_disease_aggregation
60612,17031838600,246251,0,246251,0,1,1,False,True,60612,1,True,2020,comparison_metadata_only_not_disease_aggregation
60623,17031838700,658085,0,626527,0,0.952045708381,2,True,True,60623,1,False,2020,comparison_metadata_only_not_disease_aggregation
60624,17031838700,658085,0,31558,0,0.0479542916189,2,True,False,60623,1,False,2020,comparison_metadata_only_not_disease_aggregation
60617,17031838800,17863256,3802983,8610681,602584,0.425236008889,2,True,False,60633,1,False,2020,comparison_metadata_only_not_disease_aggregation
60633,17031838800,17863256,3802983,9252575,3200399,0.574763991111,2,True,True,60633,1,False,2020,comparison_metadata_only_not_disease_aggregation
60605,17031839000,485902,30871,412284,0,0.797804838875,2,True,True,60605,1,False,2020,comparison_metadata_only_not_disease_aggregation
60607,17031839000,485902,30871,73618,30871,0.202195161125,2,True,False,60605,1,False,2020,comparison_metadata_only_not_disease_aggregation
60601,17031839100,1101771,84111,162232,11004,0.146081987921,8,True,False,60606,1,False,2020,comparison_metadata_only_not_disease_aggregation
60602,17031839100,1101771,84111,119844,0,0.101058958648,8,True,False,60606,1,False,2020,comparison_metadata_only_not_disease_aggregation
60603,17031839100,1101771,84111,151700,0,0.127921665056,8,True,False,60606,1,False,2020,comparison_metadata_only_not_disease_aggregation
60604,17031839100,1101771,84111,132756,0,0.111947057127,8,True,False,60606,1,False,2020,comparison_metadata_only_not_disease_aggregation
60605,17031839100,1101771,84111,119599,0,0.100852361365,8,True,False,60606,1,False,2020,comparison_metadata_only_not_disease_aggregation
60606,17031839100,1101771,84111,383988,54465,0.369727342181,8,True,True,60606,1,False,2020,comparison_metadata_only_not_disease_aggregation
60607,17031839100,1101771,84111,30392,0,0.0256281822306,8,True,False,60606,1,False,2020,comparison_metadata_only_not_disease_aggregation
60654,17031839100,1101771,84111,1260,18642,0.016782445471,8,True,False,60606,1,False,2020,comparison_metadata_only_not_disease_aggregation
60616,17031839200,650846,0,650846,0,1,1,False,True,60616,1,True,2020,comparison_metadata_only_not_disease_aggregation
60616,17031839500,262139,0,262139,0,1,1,False,True,60616,1,True,2020,comparison_metadata_only_not_disease_aggregation
60653,17031839600,327053,0,327053,0,1,1,False,True,60653,1,True,2020,comparison_metadata_only_not_disease_aggregation
60608,17031839700,618387,13451,512122,13451,0.831816066777,3,True,True,60608,1,False,2020,comparison_metadata_only_not_disease_aggregation
60609,17031839700,618387,13451,34436,0,0.0545013120452,3,True,False,60608,1,False,2020,comparison_metadata_only_not_disease_aggregation
60616,17031839700,618387,13451,71829,0,0.113682621178,3,True,False,60608,1,False,2020,comparison_metadata_only_not_disease_aggregation
60608,17031839800,266175,0,18225,0,0.0684699915469,2,True,False,60616,1,False,2020,comparison_metadata_only_not_disease_aggregation
60616,17031839800,266175,0,247950,0,0.931530008453,2,True,True,60616,1,False,2020,comparison_metadata_only_not_disease_aggregation
60609,17031839900,1153324,13899,1153324,13899,1,1,False,True,60609,1,True,2020,comparison_metadata_only_not_disease_aggregation
60609,17031840000,569394,0,241612,0,0.424331833493,2,True,False,60616,1,False,2020,comparison_metadata_only_not_disease_aggregation
60616,17031840000,569394,0,327782,0,0.575668166507,2,True,True,60616,1,False,2020,comparison_metadata_only_not_disease_aggregation
60616,17031840100,332956,0,332956,0,1,1,False,True,60616,1,True,2020,comparison_metadata_only_not_disease_aggregation
60608,17031840200,826355,36519,733508,36519,0.892397963086,2,True,True,60608,1,False,2020,comparison_metadata_only_not_disease_aggregation
60616,17031840200,826355,36519,92847,0,0.107602036914,2,True,False,60608,1,False,2020,comparison_metadata_only_not_disease_aggregation
60608,17031840300,831049,0,647761,0,0.779449827868,3,True,True,60608,1,False,2020,comparison_metadata_only_not_disease_aggregation
60609,17031840300,831049,0,114908,0,0.138268621946,3,True,False,60608,1,False,2020,comparison_metadata_only_not_disease_aggregation
60632,17031840300,831049,0,68380,0,0.0822815501854,3,True,False,60608,1,False,2020,comparison_metadata_only_not_disease_aggregation
60608,17031840400,977537,22800,862560,22800,0.885061734196,2,True,True,60608,1,False,2020,comparison_metadata_only_not_disease_aggregation
60609,17031840400,977537,22800,114977,0,0.114938265804,2,True,False,60608,1,False,2020,comparison_metadata_only_not_disease_aggregation
60608,17031840700,541526,0,309996,0,0.572448968286,2,True,True,60608,1,False,2020,comparison_metadata_only_not_disease_aggregation
60623,17031840700,541526,0,231530,0,0.427551031714,2,True,False,60608,1,False,2020,comparison_metadata_only_not_disease_aggregation
60623,17031840800,328679,0,328679,0,1,1,False,True,60623,1,True,2020,comparison_metadata_only_not_disease_aggregation
60616,17031841000,1054201,296569,1054201,296569,1,1,False,True,60616,1,True,2020,comparison_metadata_only_not_disease_aggregation
60608,17031841100,1117345,28895,24124,18078,0.0368177694026,2,True,False,60616,1,False,2020,comparison_metadata_only_not_disease_aggregation
60616,17031841100,1117345,28895,1093221,10817,0.963182230597,2,True,True,60616,1,False,2020,comparison_metadata_only_not_disease_aggregation
60608,17031841200,625407,0,625407,0,1,1,False,True,60608,1,True,2020,comparison_metadata_only_not_disease_aggregation
60608,17031841300,1345364,68765,1345364,68765,1,1,False,True,60608,1,True,2020,comparison_metadata_only_not_disease_aggregation
60623,17031841500,432305,0,432305,0,1,1,False,True,60623,1,True,2020,comparison_metadata_only_not_disease_aggregation
60623,17031841700,266794,0,266794,0,1,1,False,True,60623,1,True,2020,comparison_metadata_only_not_disease_aggregation
60619,17031841800,1643374,0,745208,0,0.453462206412,2,True,False,60637,1,False,2020,comparison_metadata_only_not_disease_aggregation
60637,17031841800,1643374,0,898166,0,0.546537793588,2,True,True,60637,1,False,2020,comparison_metadata_only_not_disease_aggregation
60607,17031841900,2496100,68430,2281391,30255,0.901391678007,3,True,True,60607,1,False,2020,comparison_metadata_only_not_disease_aggregation
60608,17031841900,2496100,68430,102811,0,0.0400896070625,3,True,False,60607,1,False,2020,comparison_metadata_only_not_disease_aggregation
60616,17031841900,2496100,68430,111898,38175,0.0585187149302,3,True,False,60607,1,False,2020,comparison_metadata_only_not_disease_aggregation
60616,17031842000,590013,0,590013,0,1,1,False,True,60616,1,True,2020,comparison_metadata_only_not_disease_aggregation
60624,17031842100,2034641,0,1004931,0,0.493910719385,2,True,False,60651,1,False,2020,comparison_metadata_only_not_disease_aggregation
60651,17031842100,2034641,0,1029710,0,0.506089280615,2,True,True,60651,1,False,2020,comparison_metadata_only_not_disease_aggregation
60610,17031842200,1407941,136789,521721,28347,0.356093297858,2,True,False,60642,1,False,2020,comparison_metadata_only_not_disease_aggregation
60642,17031842200,1407941,136789,886220,108442,0.643906702142,2,True,True,60642,1,False,2020,comparison_metadata_only_not_disease_aggregation
60610,17031842300,1741942,135729,110150,28997,0.0741061666288,4,True,False,60642,1,False,2020,comparison_metadata_only_not_disease_aggregation
60622,17031842300,1741942,135729,9689,0,0.00516011590955,4,True,False,60642,1,False,2020,comparison_metadata_only_not_disease_aggregation
60642,17031842300,1741942,135729,1366198,91367,0.776262188637,4,True,True,60642,1,False,2020,comparison_metadata_only_not_disease_aggregation
60654,17031842300,1741942,135729,255905,15365,0.144471528825,4,True,False,60642,1,False,2020,comparison_metadata_only_not_disease_aggregation
60620,17031842400,1985975,0,1985975,0,1,1,False,True,60620,1,True,2020,comparison_metadata_only_not_disease_aggregation
60621,17031842500,1075294,0,424838,0,0.39509008699,2,True,False,60637,1,False,2020,comparison_metadata_only_not_disease_aggregation
60637,17031842500,1075294,0,650456,0,0.60490991301,2,True,True,60637,1,False,2020,comparison_metadata_only_not_disease_aggregation
60609,17031842600,3679417,0,3679417,0,1,1,False,True,60609,1,True,2020,comparison_metadata_only_not_disease_aggregation
60632,17031842800,1516562,0,1516562,0,1,1,False,True,60632,1,True,2020,comparison_metadata_only_not_disease_aggregation
60608,17031842900,2208391,0,2208391,0,1,1,False,True,60608,1,True,2020,comparison_metadata_only_not_disease_aggregation
60624,17031843000,1065861,0,1065861,0,1,1,False,True,60624,1,True,2020,comparison_metadata_only_not_disease_aggregation
60612,17031843100,980297,32379,11203,0,0.0110627683484,2,True,False,60623,1,False,2020,comparison_metadata_only_not_disease_aggregation
60623,17031843100,980297,32379,969094,32379,0.988937231652,2,True,True,60623,1,False,2020,comparison_metadata_only_not_disease_aggregation
60608,17031843200,2788963,305033,2478825,287842,0.894205099166,2,True,True,60608,1,False,2020,comparison_metadata_only_not_disease_aggregation
60616,17031843200,2788963,305033,310138,17191,0.105794900834,2,True,False,60608,1,False,2020,comparison_metadata_only_not_disease_aggregation
60608,17031843300,584251,0,584251,0,1,1,False,True,60608,1,True,2020,comparison_metadata_only_not_disease_aggregation
60623,17031843400,656213,0,656213,0,1,1,False,True,60623,1,True,2020,comparison_metadata_only_not_disease_aggregation
60608,17031843500,1890168,143193,1100994,113468,0.597268266678,2,True,True,60608,1,False,2020,comparison_metadata_only_not_disease_aggregation
60623,17031843500,1890168,143193,789174,29725,0.402731733322,2,True,False,60608,1,False,2020,comparison_metadata_only_not_disease_aggregation
60615,17031843600,410895,0,312798,0,0.761260175957,2,True,True,60615,1,False,2020,comparison_metadata_only_not_disease_aggregation
60653,17031843600,410895,0,98097,0,0.238739824043,2,True,False,60615,1,False,2020,comparison_metadata_only_not_disease_aggregation
60618,17031843700,1204810,62134,1204810,62134,1,1,False,True,60618,1,True,2020,comparison_metadata_only_not_disease_aggregation
60609,17031843800,1309516,0,1309516,0,1,1,False,True,60609,1,True,2020,comparison_metadata_only_not_disease_aggregation
60637,17031843900,1478136,729136,450748,0,0.204210446198,2,True,False,60649,1,False,2020,comparison_metadata_only_not_disease_aggregation
60649,17031843900,1478136,729136,1027388,729136,0.795789553802,2,True,True,60649,1,False,2020,comparison_metadata_only_not_disease_aggregation
60609,17031844600,434671,0,211864,0,0.487412318742,2,True,False,60653,1,False,2020,comparison_metadata_only_not_disease_aggregation
60653,17031844600,434671,0,222807,0,0.512587681258,2,True,True,60653,1,False,2020,comparison_metadata_only_not_disease_aggregation
60623,17031844700,401852,0,401852,0,1,1,False,True,60623,1,True,2020,comparison_metadata_only_not_disease_aggregation
60007,17031980000,19890200,92402,493763,0,0.0247096449201,3,True,False,60018,1,False,2020,comparison_metadata_only_not_disease_aggregation
60018,17031980000,19890200,92402,19294037,92402,0.970165897314,3,True,True,60018,1,False,2020,comparison_metadata_only_not_disease_aggregation
60131,17031980000,19890200,92402,102400,0,0.00512445776581,3,True,False,60018,1,False,2020,comparison_metadata_only_not_disease_aggregation
60629,17031980100,2981781,0,122962,0,0.0412377703124,2,True,False,60638,1,False,2020,comparison_metadata_only_not_disease_aggregation
60638,17031980100,2981781,0,2858819,0,0.958762229688,2,True,True,60638,1,False,2020,comparison_metadata_only_not_disease_aggregation
