geography_id,condition_id,source_condition_label,numerator_sum,denominator_sum,public_comparator_estimate,public_comparator_measure_id,capture_rate_mean_2022_2024,suppressed_rows,annual_rows,eligible_annual_rows,ineligible_annual_rows,ehr_percent_mean_2022_2024,pooling_method,signed_difference,absolute_difference,discordance_category,discordance_bins,ehr_low_cutpoint,ehr_mid_cutpoint,ehr_high_cutpoint,public_low_cutpoint,public_mid_cutpoint,public_high_cutpoint
17031010100,copd,COPD,57,1412,6.4,copd_crudeprev,0.0796,0,3,3,0,4.03682719547,sum_annual_numerators_divided_by_sum_annual_denominators,-2.36317280453,2.36317280453,intermediate,tertile,4.28240740741,5.50351562789,6.59574468085,5.1,6.4,7.9
17031010100,hypertension,hypertension,564,1412,32.6,bphigh_crudeprev,0.0796,0,3,3,0,39.9433427762,sum_annual_numerators_divided_by_sum_annual_denominators,7.3433427762,7.3433427762,intermediate,tertile,41.6381847783,46.0855528652,51.2837372821,26.1,28.9,35.6666666667
17031010201,copd,COPD,50,1461,7.3,copd_crudeprev,0.0407,0,3,3,0,3.42231348392,sum_annual_numerators_divided_by_sum_annual_denominators,-3.87768651608,3.87768651608,intermediate,tertile,4.28240740741,5.50351562789,6.59574468085,5.1,6.4,7.9
17031010201,hypertension,hypertension,567,1461,33.1,bphigh_crudeprev,0.0407,0,3,3,0,38.8090349076,sum_annual_numerators_divided_by_sum_annual_denominators,5.7090349076,5.7090349076,intermediate,tertile,41.6381847783,46.0855528652,51.2837372821,26.1,28.9,35.6666666667
17031010202,hypertension,hypertension,286,692,32.6,bphigh_crudeprev,0.0543,0,3,3,0,41.3294797688,sum_annual_numerators_divided_by_sum_annual_denominators,8.72947976879,8.72947976879,intermediate,tertile,41.6381847783,46.0855528652,51.2837372821,26.1,28.9,35.6666666667
17031010300,copd,COPD,84,1805,5.8,copd_crudeprev,0.0537,0,3,3,0,4.65373961219,sum_annual_numerators_divided_by_sum_annual_denominators,-1.14626038781,1.14626038781,intermediate,tertile,4.28240740741,5.50351562789,6.59574468085,5.1,6.4,7.9
17031010300,hypertension,hypertension,764,1805,32.2,bphigh_crudeprev,0.0537,0,3,3,0,42.3268698061,sum_annual_numerators_divided_by_sum_annual_denominators,10.1268698061,10.1268698061,intermediate,tertile,41.6381847783,46.0855528652,51.2837372821,26.1,28.9,35.6666666667
17031010501,copd,COPD,58,1302,3.9,copd_crudeprev,0.0691,0,3,3,0,4.45468509985,sum_annual_numerators_divided_by_sum_annual_denominators,0.554685099846,0.554685099846,intermediate,tertile,4.28240740741,5.50351562789,6.59574468085,5.1,6.4,7.9
17031010501,hypertension,hypertension,474,1302,25.3,bphigh_crudeprev,0.0691,0,3,3,0,36.4055299539,sum_annual_numerators_divided_by_sum_annual_denominators,11.1055299539,11.1055299539,concordant_low,tertile,41.6381847783,46.0855528652,51.2837372821,26.1,28.9,35.6666666667
17031010502,hypertension,hypertension,276,847,21.2,bphigh_crudeprev,0.0494,0,3,3,0,32.585596222,sum_annual_numerators_divided_by_sum_annual_denominators,11.385596222,11.385596222,concordant_low,tertile,41.6381847783,46.0855528652,51.2837372821,26.1,28.9,35.6666666667
17031010503,hypertension,hypertension,194,544,33.2,bphigh_crudeprev,0.0377,0,3,3,0,35.6617647059,sum_annual_numerators_divided_by_sum_annual_denominators,2.46176470588,2.46176470588,intermediate,tertile,41.6381847783,46.0855528652,51.2837372821,26.1,28.9,35.6666666667
17031010600,copd,COPD,55,1832,4.1,copd_crudeprev,0.0516,0,3,3,0,3.00218340611,sum_annual_numerators_divided_by_sum_annual_denominators,-1.09781659389,1.09781659389,concordant_low,tertile,4.28240740741,5.50351562789,6.59574468085,5.1,6.4,7.9
17031010600,hypertension,hypertension,622,1832,24.4,bphigh_crudeprev,0.0516,0,3,3,0,33.9519650655,sum_annual_numerators_divided_by_sum_annual_denominators,9.5519650655,9.5519650655,concordant_low,tertile,41.6381847783,46.0855528652,51.2837372821,26.1,28.9,35.6666666667
17031010701,hypertension,hypertension,335,970,28,bphigh_crudeprev,0.0523,0,3,3,0,34.5360824742,sum_annual_numerators_divided_by_sum_annual_denominators,6.53608247423,6.53608247423,intermediate,tertile,41.6381847783,46.0855528652,51.2837372821,26.1,28.9,35.6666666667
17031010702,hypertension,hypertension,429,1198,28.1,bphigh_crudeprev,0.0489,0,3,3,0,35.8096828047,sum_annual_numerators_divided_by_sum_annual_denominators,7.70968280467,7.70968280467,intermediate,tertile,41.6381847783,46.0855528652,51.2837372821,26.1,28.9,35.6666666667
17031020100,copd,COPD,35,930,6.3,copd_crudeprev,0.0537,0,3,3,0,3.76344086022,sum_annual_numerators_divided_by_sum_annual_denominators,-2.53655913978,2.53655913978,intermediate,tertile,4.28240740741,5.50351562789,6.59574468085,5.1,6.4,7.9
17031020100,hypertension,hypertension,401,930,32.6,bphigh_crudeprev,0.0537,0,3,3,0,43.1182795699,sum_annual_numerators_divided_by_sum_annual_denominators,10.5182795699,10.5182795699,intermediate,tertile,41.6381847783,46.0855528652,51.2837372821,26.1,28.9,35.6666666667
17031020200,hypertension,hypertension,555,1253,27.4,bphigh_crudeprev,0.0327,0,3,3,0,44.2936951317,sum_annual_numerators_divided_by_sum_annual_denominators,16.8936951317,16.8936951317,intermediate,tertile,41.6381847783,46.0855528652,51.2837372821,26.1,28.9,35.6666666667
17031020301,hypertension,hypertension,374,864,33.1,bphigh_crudeprev,0.0311,0,3,3,0,43.287037037,sum_annual_numerators_divided_by_sum_annual_denominators,10.187037037,10.187037037,intermediate,tertile,41.6381847783,46.0855528652,51.2837372821,26.1,28.9,35.6666666667
17031020302,copd,COPD,44,1193,6.5,copd_crudeprev,0.0452,0,3,3,0,3.68818105616,sum_annual_numerators_divided_by_sum_annual_denominators,-2.81181894384,2.81181894384,intermediate,tertile,4.28240740741,5.50351562789,6.59574468085,5.1,6.4,7.9
17031020302,hypertension,hypertension,501,1193,32.9,bphigh_crudeprev,0.0452,0,3,3,0,41.9949706622,sum_annual_numerators_divided_by_sum_annual_denominators,9.0949706622,9.0949706622,intermediate,tertile,41.6381847783,46.0855528652,51.2837372821,26.1,28.9,35.6666666667
17031020400,hypertension,hypertension,470,1179,30.7,bphigh_crudeprev,0.0564,0,3,3,0,39.8642917727,sum_annual_numerators_divided_by_sum_annual_denominators,9.16429177269,9.16429177269,intermediate,tertile,41.6381847783,46.0855528652,51.2837372821,26.1,28.9,35.6666666667
17031020500,copd,COPD,39,1180,8.2,copd_crudeprev,0.0426,0,3,3,0,3.30508474576,sum_annual_numerators_divided_by_sum_annual_denominators,-4.89491525424,4.89491525424,public_high_ehr_not_high,tertile,4.28240740741,5.50351562789,6.59574468085,5.1,6.4,7.9
17031020500,hypertension,hypertension,502,1180,34.4,bphigh_crudeprev,0.0426,0,3,3,0,42.5423728814,sum_annual_numerators_divided_by_sum_annual_denominators,8.14237288136,8.14237288136,intermediate,tertile,41.6381847783,46.0855528652,51.2837372821,26.1,28.9,35.6666666667
17031020601,hypertension,hypertension,368,933,30.4,bphigh_crudeprev,0.03,0,3,3,0,39.4426580922,sum_annual_numerators_divided_by_sum_annual_denominators,9.04265809218,9.04265809218,intermediate,tertile,41.6381847783,46.0855528652,51.2837372821,26.1,28.9,35.6666666667
17031020602,hypertension,hypertension,412,966,26.5,bphigh_crudeprev,0.0372,0,3,3,0,42.6501035197,sum_annual_numerators_divided_by_sum_annual_denominators,16.1501035197,16.1501035197,intermediate,tertile,41.6381847783,46.0855528652,51.2837372821,26.1,28.9,35.6666666667
17031020701,hypertension,hypertension,226,498,28.5,bphigh_crudeprev,0.0573,0,3,3,0,45.3815261044,sum_annual_numerators_divided_by_sum_annual_denominators,16.8815261044,16.8815261044,intermediate,tertile,41.6381847783,46.0855528652,51.2837372821,26.1,28.9,35.6666666667
17031020702,hypertension,hypertension,488,1220,28.6,bphigh_crudeprev,0.0299,0,3,3,0,40,sum_annual_numerators_divided_by_sum_annual_denominators,11.4,11.4,intermediate,tertile,41.6381847783,46.0855528652,51.2837372821,26.1,28.9,35.6666666667
17031020801,hypertension,hypertension,524,1269,28.4,bphigh_crudeprev,0.0448,0,3,3,0,41.292356186,sum_annual_numerators_divided_by_sum_annual_denominators,12.892356186,12.892356186,intermediate,tertile,41.6381847783,46.0855528652,51.2837372821,26.1,28.9,35.6666666667
17031020802,copd,COPD,41,1366,6.2,copd_crudeprev,0.031,0,3,3,0,3.00146412884,sum_annual_numerators_divided_by_sum_annual_denominators,-3.19853587116,3.19853587116,intermediate,tertile,4.28240740741,5.50351562789,6.59574468085,5.1,6.4,7.9
17031020802,hypertension,hypertension,567,1366,29,bphigh_crudeprev,0.031,0,3,3,0,41.5080527086,sum_annual_numerators_divided_by_sum_annual_denominators,12.5080527086,12.5080527086,intermediate,tertile,41.6381847783,46.0855528652,51.2837372821,26.1,28.9,35.6666666667
17031020901,copd,COPD,33,1120,6.6,copd_crudeprev,0.0363,0,3,3,0,2.94642857143,sum_annual_numerators_divided_by_sum_annual_denominators,-3.65357142857,3.65357142857,intermediate,tertile,4.28240740741,5.50351562789,6.59574468085,5.1,6.4,7.9
17031020901,hypertension,hypertension,437,1120,30.8,bphigh_crudeprev,0.0363,0,3,3,0,39.0178571429,sum_annual_numerators_divided_by_sum_annual_denominators,8.21785714286,8.21785714286,intermediate,tertile,41.6381847783,46.0855528652,51.2837372821,26.1,28.9,35.6666666667
17031020902,copd,COPD,35,915,7.3,copd_crudeprev,0.0491,0,3,3,0,3.82513661202,sum_annual_numerators_divided_by_sum_annual_denominators,-3.47486338798,3.47486338798,intermediate,tertile,4.28240740741,5.50351562789,6.59574468085,5.1,6.4,7.9
17031020902,hypertension,hypertension,446,915,33.4,bphigh_crudeprev,0.0491,0,3,3,0,48.7431693989,sum_annual_numerators_divided_by_sum_annual_denominators,15.3431693989,15.3431693989,intermediate,tertile,41.6381847783,46.0855528652,51.2837372821,26.1,28.9,35.6666666667
17031030101,copd,COPD,109,1904,6,copd_crudeprev,0.1202,0,3,3,0,5.72478991597,sum_annual_numerators_divided_by_sum_annual_denominators,-0.275210084034,0.275210084034,intermediate,tertile,4.28240740741,5.50351562789,6.59574468085,5.1,6.4,7.9
17031030101,hypertension,hypertension,921,1904,31.5,bphigh_crudeprev,0.1202,0,3,3,0,48.3718487395,sum_annual_numerators_divided_by_sum_annual_denominators,16.8718487395,16.8718487395,intermediate,tertile,41.6381847783,46.0855528652,51.2837372821,26.1,28.9,35.6666666667
17031030102,copd,COPD,68,1239,6.1,copd_crudeprev,0.0767,0,3,3,0,5.48829701372,sum_annual_numerators_divided_by_sum_annual_denominators,-0.611702986279,0.611702986279,intermediate,tertile,4.28240740741,5.50351562789,6.59574468085,5.1,6.4,7.9
17031030102,hypertension,hypertension,571,1239,29.9,bphigh_crudeprev,0.0767,0,3,3,0,46.0855528652,sum_annual_numerators_divided_by_sum_annual_denominators,16.1855528652,16.1855528652,intermediate,tertile,41.6381847783,46.0855528652,51.2837372821,26.1,28.9,35.6666666667
17031030103,hypertension,hypertension,422,895,24.7,bphigh_crudeprev,0.0737,0,3,3,0,47.1508379888,sum_annual_numerators_divided_by_sum_annual_denominators,22.4508379888,22.4508379888,intermediate,tertile,41.6381847783,46.0855528652,51.2837372821,26.1,28.9,35.6666666667
17031030104,hypertension,hypertension,222,487,21.1,bphigh_crudeprev,0.0269,0,3,3,0,45.5852156057,sum_annual_numerators_divided_by_sum_annual_denominators,24.4852156057,24.4852156057,intermediate,tertile,41.6381847783,46.0855528652,51.2837372821,26.1,28.9,35.6666666667
17031030200,copd,COPD,39,2205,3.8,copd_crudeprev,0.072,0,3,3,0,1.76870748299,sum_annual_numerators_divided_by_sum_annual_denominators,-2.03129251701,2.03129251701,concordant_low,tertile,4.28240740741,5.50351562789,6.59574468085,5.1,6.4,7.9
17031030200,hypertension,hypertension,818,2205,23.3,bphigh_crudeprev,0.072,0,3,3,0,37.0975056689,sum_annual_numerators_divided_by_sum_annual_denominators,13.7975056689,13.7975056689,concordant_low,tertile,41.6381847783,46.0855528652,51.2837372821,26.1,28.9,35.6666666667
17031030300,hypertension,hypertension,325,857,29,bphigh_crudeprev,0.0561,0,3,3,0,37.9229871645,sum_annual_numerators_divided_by_sum_annual_denominators,8.92298716453,8.92298716453,intermediate,tertile,41.6381847783,46.0855528652,51.2837372821,26.1,28.9,35.6666666667
17031030400,hypertension,hypertension,405,1089,27.3,bphigh_crudeprev,0.0693,0,3,3,0,37.1900826446,sum_annual_numerators_divided_by_sum_annual_denominators,9.89008264463,9.89008264463,intermediate,tertile,41.6381847783,46.0855528652,51.2837372821,26.1,28.9,35.6666666667
17031030500,copd,COPD,61,2398,3,copd_crudeprev,0.0698,0,3,3,0,2.54378648874,sum_annual_numerators_divided_by_sum_annual_denominators,-0.456213511259,0.456213511259,concordant_low,tertile,4.28240740741,5.50351562789,6.59574468085,5.1,6.4,7.9
17031030500,hypertension,hypertension,851,2398,21.7,bphigh_crudeprev,0.0698,0,3,3,0,35.4879065888,sum_annual_numerators_divided_by_sum_annual_denominators,13.7879065888,13.7879065888,concordant_low,tertile,41.6381847783,46.0855528652,51.2837372821,26.1,28.9,35.6666666667
17031030601,copd,COPD,54,1163,5.8,copd_crudeprev,0.0709,0,3,3,0,4.64316423044,sum_annual_numerators_divided_by_sum_annual_denominators,-1.15683576956,1.15683576956,intermediate,tertile,4.28240740741,5.50351562789,6.59574468085,5.1,6.4,7.9
17031030601,hypertension,hypertension,535,1163,31.3,bphigh_crudeprev,0.0709,0,3,3,0,46.0017196905,sum_annual_numerators_divided_by_sum_annual_denominators,14.7017196905,14.7017196905,intermediate,tertile,41.6381847783,46.0855528652,51.2837372821,26.1,28.9,35.6666666667
17031030603,hypertension,hypertension,278,688,21.8,bphigh_crudeprev,0.063,0,3,3,0,40.4069767442,sum_annual_numerators_divided_by_sum_annual_denominators,18.6069767442,18.6069767442,concordant_low,tertile,41.6381847783,46.0855528652,51.2837372821,26.1,28.9,35.6666666667
17031030604,copd,COPD,104,1555,4.8,copd_crudeprev,0.1192,0,3,3,0,6.68810289389,sum_annual_numerators_divided_by_sum_annual_denominators,1.88810289389,1.88810289389,ehr_high_public_not_high,tertile,4.28240740741,5.50351562789,6.59574468085,5.1,6.4,7.9
17031030604,hypertension,hypertension,720,1555,28.5,bphigh_crudeprev,0.1192,0,3,3,0,46.3022508039,sum_annual_numerators_divided_by_sum_annual_denominators,17.8022508039,17.8022508039,intermediate,tertile,41.6381847783,46.0855528652,51.2837372821,26.1,28.9,35.6666666667
17031030701,copd,COPD,48,812,5,copd_crudeprev,0.115,0,3,3,0,5.91133004926,sum_annual_numerators_divided_by_sum_annual_denominators,0.911330049261,0.911330049261,intermediate,tertile,4.28240740741,5.50351562789,6.59574468085,5.1,6.4,7.9
17031030701,hypertension,hypertension,284,812,28.5,bphigh_crudeprev,0.115,0,3,3,0,34.9753694581,sum_annual_numerators_divided_by_sum_annual_denominators,6.47536945813,6.47536945813,intermediate,tertile,41.6381847783,46.0855528652,51.2837372821,26.1,28.9,35.6666666667
17031030702,copd,COPD,61,1335,5,copd_crudeprev,0.1252,0,3,3,0,4.56928838951,sum_annual_numerators_divided_by_sum_annual_denominators,-0.430711610487,0.430711610487,intermediate,tertile,4.28240740741,5.50351562789,6.59574468085,5.1,6.4,7.9
17031030702,hypertension,hypertension,686,1335,32.2,bphigh_crudeprev,0.1252,0,3,3,0,51.3857677903,sum_annual_numerators_divided_by_sum_annual_denominators,19.1857677903,19.1857677903,intermediate,tertile,41.6381847783,46.0855528652,51.2837372821,26.1,28.9,35.6666666667
17031030703,copd,COPD,61,1335,5.4,copd_crudeprev,0.0839,0,3,3,0,4.56928838951,sum_annual_numerators_divided_by_sum_annual_denominators,-0.830711610487,0.830711610487,intermediate,tertile,4.28240740741,5.50351562789,6.59574468085,5.1,6.4,7.9
17031030703,hypertension,hypertension,525,1335,30,bphigh_crudeprev,0.0839,0,3,3,0,39.3258426966,sum_annual_numerators_divided_by_sum_annual_denominators,9.32584269663,9.32584269663,intermediate,tertile,41.6381847783,46.0855528652,51.2837372821,26.1,28.9,35.6666666667
17031030800,hypertension,hypertension,783,2190,23.7,bphigh_crudeprev,0.0954,0,3,3,0,35.7534246575,sum_annual_numerators_divided_by_sum_annual_denominators,12.0534246575,12.0534246575,concordant_low,tertile,41.6381847783,46.0855528652,51.2837372821,26.1,28.9,35.6666666667
17031030900,hypertension,hypertension,392,1090,23.2,bphigh_crudeprev,0.0611,0,3,3,0,35.9633027523,sum_annual_numerators_divided_by_sum_annual_denominators,12.7633027523,12.7633027523,concordant_low,tertile,41.6381847783,46.0855528652,51.2837372821,26.1,28.9,35.6666666667
17031031000,copd,COPD,30,1460,2.8,copd_crudeprev,0.0683,0,3,3,0,2.05479452055,sum_annual_numerators_divided_by_sum_annual_denominators,-0.745205479452,0.745205479452,concordant_low,tertile,4.28240740741,5.50351562789,6.59574468085,5.1,6.4,7.9
17031031000,hypertension,hypertension,458,1460,20.3,bphigh_crudeprev,0.0683,0,3,3,0,31.3698630137,sum_annual_numerators_divided_by_sum_annual_denominators,11.0698630137,11.0698630137,concordant_low,tertile,41.6381847783,46.0855528652,51.2837372821,26.1,28.9,35.6666666667
17031031100,copd,COPD,39,1742,3.3,copd_crudeprev,0.069,0,3,3,0,2.23880597015,sum_annual_numerators_divided_by_sum_annual_denominators,-1.06119402985,1.06119402985,concordant_low,tertile,4.28240740741,5.50351562789,6.59574468085,5.1,6.4,7.9
17031031100,hypertension,hypertension,553,1742,21.3,bphigh_crudeprev,0.069,0,3,3,0,31.7451205511,sum_annual_numerators_divided_by_sum_annual_denominators,10.4451205511,10.4451205511,concordant_low,tertile,41.6381847783,46.0855528652,51.2837372821,26.1,28.9,35.6666666667
17031031200,copd,COPD,105,2001,9.6,copd_crudeprev,0.0739,0,3,3,0,5.24737631184,sum_annual_numerators_divided_by_sum_annual_denominators,-4.35262368816,4.35262368816,public_high_ehr_not_high,tertile,4.28240740741,5.50351562789,6.59574468085,5.1,6.4,7.9
17031031200,hypertension,hypertension,750,2001,37.2,bphigh_crudeprev,0.0739,0,3,3,0,37.4812593703,sum_annual_numerators_divided_by_sum_annual_denominators,0.281259370315,0.281259370315,public_high_ehr_not_high,tertile,41.6381847783,46.0855528652,51.2837372821,26.1,28.9,35.6666666667
17031031300,copd,COPD,155,3327,6.4,copd_crudeprev,0.096,0,3,3,0,4.65885181846,sum_annual_numerators_divided_by_sum_annual_denominators,-1.74114818154,1.74114818154,intermediate,tertile,4.28240740741,5.50351562789,6.59574468085,5.1,6.4,7.9
17031031300,hypertension,hypertension,1694,3327,34.4,bphigh_crudeprev,0.096,0,3,3,0,50.9167418094,sum_annual_numerators_divided_by_sum_annual_denominators,16.5167418094,16.5167418094,intermediate,tertile,41.6381847783,46.0855528652,51.2837372821,26.1,28.9,35.6666666667
17031031501,copd,COPD,53,1470,9,copd_crudeprev,0.0732,0,3,3,0,3.60544217687,sum_annual_numerators_divided_by_sum_annual_denominators,-5.39455782313,5.39455782313,public_high_ehr_not_high,tertile,4.28240740741,5.50351562789,6.59574468085,5.1,6.4,7.9
17031031501,hypertension,hypertension,567,1470,35.5,bphigh_crudeprev,0.0732,0,3,3,0,38.5714285714,sum_annual_numerators_divided_by_sum_annual_denominators,3.07142857143,3.07142857143,intermediate,tertile,41.6381847783,46.0855528652,51.2837372821,26.1,28.9,35.6666666667
17031031502,copd,COPD,74,1720,6.5,copd_crudeprev,0.0857,0,3,3,0,4.3023255814,sum_annual_numerators_divided_by_sum_annual_denominators,-2.1976744186,2.1976744186,intermediate,tertile,4.28240740741,5.50351562789,6.59574468085,5.1,6.4,7.9
17031031502,hypertension,hypertension,681,1720,31.9,bphigh_crudeprev,0.0857,0,3,3,0,39.5930232558,sum_annual_numerators_divided_by_sum_annual_denominators,7.69302325581,7.69302325581,intermediate,tertile,41.6381847783,46.0855528652,51.2837372821,26.1,28.9,35.6666666667
17031031700,copd,COPD,88,2343,2.9,copd_crudeprev,0.0693,0,3,3,0,3.7558685446,sum_annual_numerators_divided_by_sum_annual_denominators,0.855868544601,0.855868544601,concordant_low,tertile,4.28240740741,5.50351562789,6.59574468085,5.1,6.4,7.9
17031031700,hypertension,hypertension,799,2343,20.8,bphigh_crudeprev,0.0693,0,3,3,0,34.101579172,sum_annual_numerators_divided_by_sum_annual_denominators,13.301579172,13.301579172,concordant_low,tertile,41.6381847783,46.0855528652,51.2837372821,26.1,28.9,35.6666666667
17031031800,hypertension,hypertension,210,702,20.3,bphigh_crudeprev,0.0703,0,3,3,0,29.9145299145,sum_annual_numerators_divided_by_sum_annual_denominators,9.61452991453,9.61452991453,concordant_low,tertile,41.6381847783,46.0855528652,51.2837372821,26.1,28.9,35.6666666667
17031031900,hypertension,hypertension,309,976,19.2,bphigh_crudeprev,0.0762,0,3,3,0,31.6598360656,sum_annual_numerators_divided_by_sum_annual_denominators,12.4598360656,12.4598360656,concordant_low,tertile,41.6381847783,46.0855528652,51.2837372821,26.1,28.9,35.6666666667
17031032100,copd,COPD,86,2730,3.9,copd_crudeprev,0.0738,0,3,3,0,3.15018315018,sum_annual_numerators_divided_by_sum_annual_denominators,-0.749816849817,0.749816849817,concordant_low,tertile,4.28240740741,5.50351562789,6.59574468085,5.1,6.4,7.9
17031032100,hypertension,hypertension,1002,2730,22.8,bphigh_crudeprev,0.0738,0,3,3,0,36.7032967033,sum_annual_numerators_divided_by_sum_annual_denominators,13.9032967033,13.9032967033,concordant_low,tertile,41.6381847783,46.0855528652,51.2837372821,26.1,28.9,35.6666666667
17031040100,hypertension,hypertension,455,1280,23.9,bphigh_crudeprev,0.0591,0,3,3,0,35.546875,sum_annual_numerators_divided_by_sum_annual_denominators,11.646875,11.646875,concordant_low,tertile,41.6381847783,46.0855528652,51.2837372821,26.1,28.9,35.6666666667
17031040201,hypertension,hypertension,643,1892,21.6,bphigh_crudeprev,0.0469,0,3,3,0,33.9852008457,sum_annual_numerators_divided_by_sum_annual_denominators,12.3852008457,12.3852008457,concordant_low,tertile,41.6381847783,46.0855528652,51.2837372821,26.1,28.9,35.6666666667
17031040202,copd,COPD,54,1434,6.8,copd_crudeprev,0.0379,0,3,3,0,3.76569037657,sum_annual_numerators_divided_by_sum_annual_denominators,-3.03430962343,3.03430962343,intermediate,tertile,4.28240740741,5.50351562789,6.59574468085,5.1,6.4,7.9
17031040202,hypertension,hypertension,576,1434,31,bphigh_crudeprev,0.0379,0,3,3,0,40.1673640167,sum_annual_numerators_divided_by_sum_annual_denominators,9.16736401674,9.16736401674,intermediate,tertile,41.6381847783,46.0855528652,51.2837372821,26.1,28.9,35.6666666667
17031040300,hypertension,hypertension,341,872,31.5,bphigh_crudeprev,0.0591,0,3,3,0,39.1055045872,sum_annual_numerators_divided_by_sum_annual_denominators,7.60550458716,7.60550458716,intermediate,tertile,41.6381847783,46.0855528652,51.2837372821,26.1,28.9,35.6666666667
17031040401,hypertension,hypertension,305,1117,21.8,bphigh_crudeprev,0.0594,0,3,3,0,27.3052820054,sum_annual_numerators_divided_by_sum_annual_denominators,5.50528200537,5.50528200537,concordant_low,tertile,41.6381847783,46.0855528652,51.2837372821,26.1,28.9,35.6666666667
17031040402,hypertension,hypertension,460,1681,16.8,bphigh_crudeprev,0.0698,0,3,3,0,27.3646638905,sum_annual_numerators_divided_by_sum_annual_denominators,10.5646638905,10.5646638905,concordant_low,tertile,41.6381847783,46.0855528652,51.2837372821,26.1,28.9,35.6666666667
17031040600,hypertension,hypertension,298,952,19,bphigh_crudeprev,0.0581,0,3,3,0,31.3025210084,sum_annual_numerators_divided_by_sum_annual_denominators,12.3025210084,12.3025210084,concordant_low,tertile,41.6381847783,46.0855528652,51.2837372821,26.1,28.9,35.6666666667
17031040700,hypertension,hypertension,280,1047,19.8,bphigh_crudeprev,0.0532,0,3,3,0,26.7430754537,sum_annual_numerators_divided_by_sum_annual_denominators,6.94307545368,6.94307545368,concordant_low,tertile,41.6381847783,46.0855528652,51.2837372821,26.1,28.9,35.6666666667
17031040800,hypertension,hypertension,200,688,20.3,bphigh_crudeprev,0.0761,0,3,3,0,29.0697674419,sum_annual_numerators_divided_by_sum_annual_denominators,8.76976744186,8.76976744186,concordant_low,tertile,41.6381847783,46.0855528652,51.2837372821,26.1,28.9,35.6666666667
17031040900,hypertension,hypertension,258,764,19.9,bphigh_crudeprev,0.0678,0,3,3,0,33.7696335079,sum_annual_numerators_divided_by_sum_annual_denominators,13.8696335079,13.8696335079,concordant_low,tertile,41.6381847783,46.0855528652,51.2837372821,26.1,28.9,35.6666666667
17031050100,hypertension,hypertension,277,1023,19.2,bphigh_crudeprev,0.078,0,3,3,0,27.0772238514,sum_annual_numerators_divided_by_sum_annual_denominators,7.87722385142,7.87722385142,concordant_low,tertile,41.6381847783,46.0855528652,51.2837372821,26.1,28.9,35.6666666667
17031050200,copd,COPD,78,2246,3.1,copd_crudeprev,0.0722,0,3,3,0,3.47284060552,sum_annual_numerators_divided_by_sum_annual_denominators,0.372840605521,0.372840605521,concordant_low,tertile,4.28240740741,5.50351562789,6.59574468085,5.1,6.4,7.9
17031050200,hypertension,hypertension,770,2246,22.2,bphigh_crudeprev,0.0722,0,3,3,0,34.2831700801,sum_annual_numerators_divided_by_sum_annual_denominators,12.0831700801,12.0831700801,concordant_low,tertile,41.6381847783,46.0855528652,51.2837372821,26.1,28.9,35.6666666667
17031050300,hypertension,hypertension,339,1103,21.7,bphigh_crudeprev,0.0766,0,3,3,0,30.7343608341,sum_annual_numerators_divided_by_sum_annual_denominators,9.03436083409,9.03436083409,concordant_low,tertile,41.6381847783,46.0855528652,51.2837372821,26.1,28.9,35.6666666667
17031050500,copd,COPD,36,2219,2.6,copd_crudeprev,0.0776,0,3,3,0,1.622352411,sum_annual_numerators_divided_by_sum_annual_denominators,-0.977647589004,0.977647589004,concordant_low,tertile,4.28240740741,5.50351562789,6.59574468085,5.1,6.4,7.9
17031050500,hypertension,hypertension,735,2219,19.8,bphigh_crudeprev,0.0776,0,3,3,0,33.1230283912,sum_annual_numerators_divided_by_sum_annual_denominators,13.3230283912,13.3230283912,concordant_low,tertile,41.6381847783,46.0855528652,51.2837372821,26.1,28.9,35.6666666667
17031050600,hypertension,hypertension,327,1158,17.4,bphigh_crudeprev,0.0896,0,3,3,0,28.2383419689,sum_annual_numerators_divided_by_sum_annual_denominators,10.8383419689,10.8383419689,concordant_low,tertile,41.6381847783,46.0855528652,51.2837372821,26.1,28.9,35.6666666667
17031050700,hypertension,hypertension,144,535,18.5,bphigh_crudeprev,0.0584,0,3,3,0,26.9158878505,sum_annual_numerators_divided_by_sum_annual_denominators,8.41588785047,8.41588785047,concordant_low,tertile,41.6381847783,46.0855528652,51.2837372821,26.1,28.9,35.6666666667
17031050800,hypertension,hypertension,188,589,18.9,bphigh_crudeprev,0.0756,0,3,3,0,31.9185059423,sum_annual_numerators_divided_by_sum_annual_denominators,13.0185059423,13.0185059423,concordant_low,tertile,41.6381847783,46.0855528652,51.2837372821,26.1,28.9,35.6666666667
17031050900,hypertension,hypertension,173,533,20,bphigh_crudeprev,0.056,0,3,3,0,32.4577861163,sum_annual_numerators_divided_by_sum_annual_denominators,12.4577861163,12.4577861163,concordant_low,tertile,41.6381847783,46.0855528652,51.2837372821,26.1,28.9,35.6666666667
17031051000,hypertension,hypertension,175,599,17.8,bphigh_crudeprev,0.0617,0,3,3,0,29.2153589316,sum_annual_numerators_divided_by_sum_annual_denominators,11.4153589316,11.4153589316,concordant_low,tertile,41.6381847783,46.0855528652,51.2837372821,26.1,28.9,35.6666666667
17031051100,hypertension,hypertension,174,601,17.5,bphigh_crudeprev,0.0543,0,3,3,0,28.9517470882,sum_annual_numerators_divided_by_sum_annual_denominators,11.4517470882,11.4517470882,concordant_low,tertile,41.6381847783,46.0855528652,51.2837372821,26.1,28.9,35.6666666667
17031051200,hypertension,hypertension,233,786,16.6,bphigh_crudeprev,0.0891,0,3,3,0,29.6437659033,sum_annual_numerators_divided_by_sum_annual_denominators,13.0437659033,13.0437659033,concordant_low,tertile,41.6381847783,46.0855528652,51.2837372821,26.1,28.9,35.6666666667
17031051300,hypertension,hypertension,382,1255,17.3,bphigh_crudeprev,0.0723,0,3,3,0,30.438247012,sum_annual_numerators_divided_by_sum_annual_denominators,13.138247012,13.138247012,concordant_low,tertile,41.6381847783,46.0855528652,51.2837372821,26.1,28.9,35.6666666667
17031051400,hypertension,hypertension,355,1104,18,bphigh_crudeprev,0.0762,0,3,3,0,32.1557971014,sum_annual_numerators_divided_by_sum_annual_denominators,14.1557971014,14.1557971014,concordant_low,tertile,41.6381847783,46.0855528652,51.2837372821,26.1,28.9,35.6666666667
17031060100,hypertension,hypertension,350,1145,17.6,bphigh_crudeprev,0.0675,0,3,3,0,30.5676855895,sum_annual_numerators_divided_by_sum_annual_denominators,12.9676855895,12.9676855895,concordant_low,tertile,41.6381847783,46.0855528652,51.2837372821,26.1,28.9,35.6666666667
17031060200,hypertension,hypertension,313,917,17.7,bphigh_crudeprev,0.0698,0,3,3,0,34.13304253,sum_annual_numerators_divided_by_sum_annual_denominators,16.43304253,16.43304253,concordant_low,tertile,41.6381847783,46.0855528652,51.2837372821,26.1,28.9,35.6666666667
17031060300,hypertension,hypertension,337,1200,17.7,bphigh_crudeprev,0.0723,0,3,3,0,28.0833333333,sum_annual_numerators_divided_by_sum_annual_denominators,10.3833333333,10.3833333333,concordant_low,tertile,41.6381847783,46.0855528652,51.2837372821,26.1,28.9,35.6666666667
17031060400,hypertension,hypertension,352,1479,14.8,bphigh_crudeprev,0.0747,0,3,3,0,23.7998647735,sum_annual_numerators_divided_by_sum_annual_denominators,8.9998647735,8.9998647735,concordant_low,tertile,41.6381847783,46.0855528652,51.2837372821,26.1,28.9,35.6666666667
17031060500,hypertension,hypertension,238,633,33.2,bphigh_crudeprev,0.0927,0,3,3,0,37.5987361769,sum_annual_numerators_divided_by_sum_annual_denominators,4.39873617694,4.39873617694,intermediate,tertile,41.6381847783,46.0855528652,51.2837372821,26.1,28.9,35.6666666667
17031060800,copd,COPD,65,2708,3.1,copd_crudeprev,0.099,0,3,3,0,2.40029542097,sum_annual_numerators_divided_by_sum_annual_denominators,-0.699704579025,0.699704579025,concordant_low,tertile,4.28240740741,5.50351562789,6.59574468085,5.1,6.4,7.9
17031060800,hypertension,hypertension,1128,2708,20.9,bphigh_crudeprev,0.099,0,3,3,0,41.6543574594,sum_annual_numerators_divided_by_sum_annual_denominators,20.7543574594,20.7543574594,intermediate,tertile,41.6381847783,46.0855528652,51.2837372821,26.1,28.9,35.6666666667
17031060900,copd,COPD,55,2321,2.8,copd_crudeprev,0.0556,0,3,3,0,2.36966824645,sum_annual_numerators_divided_by_sum_annual_denominators,-0.430331753555,0.430331753555,concordant_low,tertile,4.28240740741,5.50351562789,6.59574468085,5.1,6.4,7.9
17031060900,hypertension,hypertension,925,2321,20.9,bphigh_crudeprev,0.0556,0,3,3,0,39.8535114175,sum_annual_numerators_divided_by_sum_annual_denominators,18.9535114175,18.9535114175,concordant_low,tertile,41.6381847783,46.0855528652,51.2837372821,26.1,28.9,35.6666666667
17031061000,hypertension,hypertension,184,694,14.8,bphigh_crudeprev,0.0542,0,3,3,0,26.5129682997,sum_annual_numerators_divided_by_sum_annual_denominators,11.7129682997,11.7129682997,concordant_low,tertile,41.6381847783,46.0855528652,51.2837372821,26.1,28.9,35.6666666667
17031061100,hypertension,hypertension,96,319,12,bphigh_crudeprev,0.0411,0,3,3,0,30.0940438871,sum_annual_numerators_divided_by_sum_annual_denominators,18.0940438871,18.0940438871,concordant_low,tertile,41.6381847783,46.0855528652,51.2837372821,26.1,28.9,35.6666666667
17031061200,hypertension,hypertension,151,669,14.1,bphigh_crudeprev,0.0571,0,3,3,0,22.5710014948,sum_annual_numerators_divided_by_sum_annual_denominators,8.47100149477,8.47100149477,concordant_low,tertile,41.6381847783,46.0855528652,51.2837372821,26.1,28.9,35.6666666667
17031061500,hypertension,hypertension,197,712,14.2,bphigh_crudeprev,0.0631,0,3,3,0,27.6685393258,sum_annual_numerators_divided_by_sum_annual_denominators,13.4685393258,13.4685393258,concordant_low,tertile,41.6381847783,46.0855528652,51.2837372821,26.1,28.9,35.6666666667
17031061800,hypertension,hypertension,200,521,17.7,bphigh_crudeprev,0.0774,0,3,3,0,38.3877159309,sum_annual_numerators_divided_by_sum_annual_denominators,20.6877159309,20.6877159309,concordant_low,tertile,41.6381847783,46.0855528652,51.2837372821,26.1,28.9,35.6666666667
17031061901,copd,COPD,54,1480,3.1,copd_crudeprev,0.0769,0,3,3,0,3.64864864865,sum_annual_numerators_divided_by_sum_annual_denominators,0.548648648649,0.548648648649,concordant_low,tertile,4.28240740741,5.50351562789,6.59574468085,5.1,6.4,7.9
17031061901,hypertension,hypertension,551,1480,19.8,bphigh_crudeprev,0.0769,0,3,3,0,37.2297297297,sum_annual_numerators_divided_by_sum_annual_denominators,17.4297297297,17.4297297297,concordant_low,tertile,41.6381847783,46.0855528652,51.2837372821,26.1,28.9,35.6666666667
17031061902,hypertension,hypertension,354,986,21.6,bphigh_crudeprev,0.0369,0,3,3,0,35.9026369168,sum_annual_numerators_divided_by_sum_annual_denominators,14.3026369168,14.3026369168,concordant_low,tertile,41.6381847783,46.0855528652,51.2837372821,26.1,28.9,35.6666666667
17031062000,hypertension,hypertension,261,1083,14.5,bphigh_crudeprev,0.0673,0,3,3,0,24.0997229917,sum_annual_numerators_divided_by_sum_annual_denominators,9.59972299169,9.59972299169,concordant_low,tertile,41.6381847783,46.0855528652,51.2837372821,26.1,28.9,35.6666666667
17031062100,hypertension,hypertension,346,1258,14,bphigh_crudeprev,0.062,0,3,3,0,27.5039745628,sum_annual_numerators_divided_by_sum_annual_denominators,13.5039745628,13.5039745628,concordant_low,tertile,41.6381847783,46.0855528652,51.2837372821,26.1,28.9,35.6666666667
17031062200,hypertension,hypertension,269,1140,12.7,bphigh_crudeprev,0.0618,0,3,3,0,23.5964912281,sum_annual_numerators_divided_by_sum_annual_denominators,10.8964912281,10.8964912281,concordant_low,tertile,41.6381847783,46.0855528652,51.2837372821,26.1,28.9,35.6666666667
17031062300,hypertension,hypertension,195,737,14.9,bphigh_crudeprev,0.08,0,3,3,0,26.4586160109,sum_annual_numerators_divided_by_sum_annual_denominators,11.5586160109,11.5586160109,concordant_low,tertile,41.6381847783,46.0855528652,51.2837372821,26.1,28.9,35.6666666667
17031062400,hypertension,hypertension,268,868,18.5,bphigh_crudeprev,0.0846,0,3,3,0,30.8755760369,sum_annual_numerators_divided_by_sum_annual_denominators,12.3755760369,12.3755760369,concordant_low,tertile,41.6381847783,46.0855528652,51.2837372821,26.1,28.9,35.6666666667
17031062500,hypertension,hypertension,216,689,19.1,bphigh_crudeprev,0.0881,0,3,3,0,31.3497822932,sum_annual_numerators_divided_by_sum_annual_denominators,12.2497822932,12.2497822932,concordant_low,tertile,41.6381847783,46.0855528652,51.2837372821,26.1,28.9,35.6666666667
17031062600,hypertension,hypertension,250,1039,16.8,bphigh_crudeprev,0.0769,0,3,3,0,24.0615976901,sum_annual_numerators_divided_by_sum_annual_denominators,7.26159769009,7.26159769009,concordant_low,tertile,41.6381847783,46.0855528652,51.2837372821,26.1,28.9,35.6666666667
17031062700,hypertension,hypertension,310,1101,16.9,bphigh_crudeprev,0.0697,0,3,3,0,28.1562216167,sum_annual_numerators_divided_by_sum_annual_denominators,11.2562216167,11.2562216167,concordant_low,tertile,41.6381847783,46.0855528652,51.2837372821,26.1,28.9,35.6666666667
17031062800,hypertension,hypertension,338,1385,13.9,bphigh_crudeprev,0.0622,0,3,3,0,24.40433213,sum_annual_numerators_divided_by_sum_annual_denominators,10.50433213,10.50433213,concordant_low,tertile,41.6381847783,46.0855528652,51.2837372821,26.1,28.9,35.6666666667
17031062900,hypertension,hypertension,339,1469,13.4,bphigh_crudeprev,0.0632,0,3,3,0,23.0769230769,sum_annual_numerators_divided_by_sum_annual_denominators,9.67692307692,9.67692307692,concordant_low,tertile,41.6381847783,46.0855528652,51.2837372821,26.1,28.9,35.6666666667
17031063000,hypertension,hypertension,272,1130,12.4,bphigh_crudeprev,0.069,0,3,3,0,24.0707964602,sum_annual_numerators_divided_by_sum_annual_denominators,11.6707964602,11.6707964602,concordant_low,tertile,41.6381847783,46.0855528652,51.2837372821,26.1,28.9,35.6666666667
17031063100,hypertension,hypertension,214,779,13.5,bphigh_crudeprev,0.0562,0,3,3,0,27.4711168164,sum_annual_numerators_divided_by_sum_annual_denominators,13.9711168164,13.9711168164,concordant_low,tertile,41.6381847783,46.0855528652,51.2837372821,26.1,28.9,35.6666666667
17031063200,copd,COPD,195,5671,2.4,copd_crudeprev,0.158,0,3,3,0,3.43854699348,sum_annual_numerators_divided_by_sum_annual_denominators,1.03854699348,1.03854699348,concordant_low,tertile,4.28240740741,5.50351562789,6.59574468085,5.1,6.4,7.9
17031063200,hypertension,hypertension,2367,5671,19.3,bphigh_crudeprev,0.158,0,3,3,0,41.7386704285,sum_annual_numerators_divided_by_sum_annual_denominators,22.4386704285,22.4386704285,intermediate,tertile,41.6381847783,46.0855528652,51.2837372821,26.1,28.9,35.6666666667
17031063301,hypertension,hypertension,256,811,20.1,bphigh_crudeprev,0.0501,0,3,3,0,31.5659679408,sum_annual_numerators_divided_by_sum_annual_denominators,11.4659679408,11.4659679408,concordant_low,tertile,41.6381847783,46.0855528652,51.2837372821,26.1,28.9,35.6666666667
17031063302,copd,COPD,48,1866,2,copd_crudeprev,0.0828,0,3,3,0,2.57234726688,sum_annual_numerators_divided_by_sum_annual_denominators,0.572347266881,0.572347266881,concordant_low,tertile,4.28240740741,5.50351562789,6.59574468085,5.1,6.4,7.9
17031063302,hypertension,hypertension,640,1866,15.4,bphigh_crudeprev,0.0828,0,3,3,0,34.2979635584,sum_annual_numerators_divided_by_sum_annual_denominators,18.8979635584,18.8979635584,concordant_low,tertile,41.6381847783,46.0855528652,51.2837372821,26.1,28.9,35.6666666667
17031063303,copd,COPD,59,1295,5.1,copd_crudeprev,0.1891,0,3,3,0,4.55598455598,sum_annual_numerators_divided_by_sum_annual_denominators,-0.544015444015,0.544015444015,intermediate,tertile,4.28240740741,5.50351562789,6.59574468085,5.1,6.4,7.9
17031063303,hypertension,hypertension,658,1295,34.4,bphigh_crudeprev,0.1891,0,3,3,0,50.8108108108,sum_annual_numerators_divided_by_sum_annual_denominators,16.4108108108,16.4108108108,intermediate,tertile,41.6381847783,46.0855528652,51.2837372821,26.1,28.9,35.6666666667
17031063400,hypertension,hypertension,194,809,14.2,bphigh_crudeprev,0.0572,0,3,3,0,23.9802224969,sum_annual_numerators_divided_by_sum_annual_denominators,9.78022249691,9.78022249691,concordant_low,tertile,41.6381847783,46.0855528652,51.2837372821,26.1,28.9,35.6666666667
17031070101,copd,COPD,47,2129,3.6,copd_crudeprev,0.0881,0,3,3,0,2.2076092062,sum_annual_numerators_divided_by_sum_annual_denominators,-1.3923907938,1.3923907938,concordant_low,tertile,4.28240740741,5.50351562789,6.59574468085,5.1,6.4,7.9
17031070101,hypertension,hypertension,813,2129,23.3,bphigh_crudeprev,0.0881,0,3,3,0,38.1869422264,sum_annual_numerators_divided_by_sum_annual_denominators,14.8869422264,14.8869422264,concordant_low,tertile,41.6381847783,46.0855528652,51.2837372821,26.1,28.9,35.6666666667
17031070102,hypertension,hypertension,391,1161,16.6,bphigh_crudeprev,0.0704,0,3,3,0,33.6778639104,sum_annual_numerators_divided_by_sum_annual_denominators,17.0778639104,17.0778639104,concordant_low,tertile,41.6381847783,46.0855528652,51.2837372821,26.1,28.9,35.6666666667
17031070103,hypertension,hypertension,92,410,12.1,bphigh_crudeprev,0.0531,0,3,3,0,22.4390243902,sum_annual_numerators_divided_by_sum_annual_denominators,10.3390243902,10.3390243902,concordant_low,tertile,41.6381847783,46.0855528652,51.2837372821,26.1,28.9,35.6666666667
17031070200,hypertension,hypertension,417,1372,16.2,bphigh_crudeprev,0.0633,0,3,3,0,30.3935860058,sum_annual_numerators_divided_by_sum_annual_denominators,14.1935860058,14.1935860058,concordant_low,tertile,41.6381847783,46.0855528652,51.2837372821,26.1,28.9,35.6666666667
17031070300,hypertension,hypertension,325,1358,12.6,bphigh_crudeprev,0.0693,0,3,3,0,23.9322533137,sum_annual_numerators_divided_by_sum_annual_denominators,11.3322533137,11.3322533137,concordant_low,tertile,41.6381847783,46.0855528652,51.2837372821,26.1,28.9,35.6666666667
17031070400,copd,COPD,45,1321,3.5,copd_crudeprev,0.0701,0,3,3,0,3.40651021953,sum_annual_numerators_divided_by_sum_annual_denominators,-0.0934897804693,0.0934897804693,concordant_low,tertile,4.28240740741,5.50351562789,6.59574468085,5.1,6.4,7.9
17031070400,hypertension,hypertension,435,1321,21.4,bphigh_crudeprev,0.0701,0,3,3,0,32.9295987888,sum_annual_numerators_divided_by_sum_annual_denominators,11.5295987888,11.5295987888,concordant_low,tertile,41.6381847783,46.0855528652,51.2837372821,26.1,28.9,35.6666666667
17031070500,hypertension,hypertension,384,1464,19.7,bphigh_crudeprev,0.0815,0,3,3,0,26.2295081967,sum_annual_numerators_divided_by_sum_annual_denominators,6.52950819672,6.52950819672,concordant_low,tertile,41.6381847783,46.0855528652,51.2837372821,26.1,28.9,35.6666666667
17031070600,hypertension,hypertension,442,1544,17.3,bphigh_crudeprev,0.0818,0,3,3,0,28.6269430052,sum_annual_numerators_divided_by_sum_annual_denominators,11.3269430052,11.3269430052,concordant_low,tertile,41.6381847783,46.0855528652,51.2837372821,26.1,28.9,35.6666666667
17031070700,hypertension,hypertension,511,1516,18.6,bphigh_crudeprev,0.076,0,3,3,0,33.7071240106,sum_annual_numerators_divided_by_sum_annual_denominators,15.1071240106,15.1071240106,concordant_low,tertile,41.6381847783,46.0855528652,51.2837372821,26.1,28.9,35.6666666667
17031071000,hypertension,hypertension,388,1083,11.9,bphigh_crudeprev,0.0461,0,3,3,0,35.8264081256,sum_annual_numerators_divided_by_sum_annual_denominators,23.9264081256,23.9264081256,concordant_low,tertile,41.6381847783,46.0855528652,51.2837372821,26.1,28.9,35.6666666667
17031071100,hypertension,hypertension,326,1108,14.5,bphigh_crudeprev,0.0625,0,3,3,0,29.4223826715,sum_annual_numerators_divided_by_sum_annual_denominators,14.9223826715,14.9223826715,concordant_low,tertile,41.6381847783,46.0855528652,51.2837372821,26.1,28.9,35.6666666667
17031071200,copd,COPD,55,1406,2.6,copd_crudeprev,0.0955,0,3,3,0,3.91180654339,sum_annual_numerators_divided_by_sum_annual_denominators,1.31180654339,1.31180654339,concordant_low,tertile,4.28240740741,5.50351562789,6.59574468085,5.1,6.4,7.9
17031071200,hypertension,hypertension,526,1406,17.9,bphigh_crudeprev,0.0955,0,3,3,0,37.4110953058,sum_annual_numerators_divided_by_sum_annual_denominators,19.5110953058,19.5110953058,concordant_low,tertile,41.6381847783,46.0855528652,51.2837372821,26.1,28.9,35.6666666667
17031071300,copd,COPD,46,1914,2.7,copd_crudeprev,0.0888,0,3,3,0,2.40334378265,sum_annual_numerators_divided_by_sum_annual_denominators,-0.296656217346,0.296656217346,concordant_low,tertile,4.28240740741,5.50351562789,6.59574468085,5.1,6.4,7.9
17031071300,hypertension,hypertension,629,1914,18.7,bphigh_crudeprev,0.0888,0,3,3,0,32.8631138976,sum_annual_numerators_divided_by_sum_annual_denominators,14.1631138976,14.1631138976,concordant_low,tertile,41.6381847783,46.0855528652,51.2837372821,26.1,28.9,35.6666666667
17031071400,copd,COPD,133,2889,3.5,copd_crudeprev,0.1111,0,3,3,0,4.60366908965,sum_annual_numerators_divided_by_sum_annual_denominators,1.10366908965,1.10366908965,intermediate,tertile,4.28240740741,5.50351562789,6.59574468085,5.1,6.4,7.9
17031071400,hypertension,hypertension,1170,2889,22.4,bphigh_crudeprev,0.1111,0,3,3,0,40.4984423676,sum_annual_numerators_divided_by_sum_annual_denominators,18.0984423676,18.0984423676,concordant_low,tertile,41.6381847783,46.0855528652,51.2837372821,26.1,28.9,35.6666666667
17031071500,copd,COPD,95,3197,2.2,copd_crudeprev,0.0936,0,3,3,0,2.97153581483,sum_annual_numerators_divided_by_sum_annual_denominators,0.771535814826,0.771535814826,concordant_low,tertile,4.28240740741,5.50351562789,6.59574468085,5.1,6.4,7.9
17031071500,hypertension,hypertension,1084,3197,17.3,bphigh_crudeprev,0.0936,0,3,3,0,33.9067876134,sum_annual_numerators_divided_by_sum_annual_denominators,16.6067876134,16.6067876134,concordant_low,tertile,41.6381847783,46.0855528652,51.2837372821,26.1,28.9,35.6666666667
17031071600,hypertension,hypertension,326,1037,23.2,bphigh_crudeprev,0.0947,0,3,3,0,31.4368370299,sum_annual_numerators_divided_by_sum_annual_denominators,8.23683702989,8.23683702989,concordant_low,tertile,41.6381847783,46.0855528652,51.2837372821,26.1,28.9,35.6666666667
17031071700,hypertension,hypertension,372,1007,22.5,bphigh_crudeprev,0.1189,0,3,3,0,36.9414101291,sum_annual_numerators_divided_by_sum_annual_denominators,14.4414101291,14.4414101291,concordant_low,tertile,41.6381847783,46.0855528652,51.2837372821,26.1,28.9,35.6666666667
17031071800,hypertension,hypertension,571,1562,22.4,bphigh_crudeprev,0.1039,0,3,3,0,36.5556978233,sum_annual_numerators_divided_by_sum_annual_denominators,14.1556978233,14.1556978233,concordant_low,tertile,41.6381847783,46.0855528652,51.2837372821,26.1,28.9,35.6666666667
17031080100,copd,COPD,134,4228,3.9,copd_crudeprev,0.1213,0,3,3,0,3.16934720908,sum_annual_numerators_divided_by_sum_annual_denominators,-0.730652790918,0.730652790918,concordant_low,tertile,4.28240740741,5.50351562789,6.59574468085,5.1,6.4,7.9
17031080100,hypertension,hypertension,1910,4228,27,bphigh_crudeprev,0.1213,0,3,3,0,45.1750236518,sum_annual_numerators_divided_by_sum_annual_denominators,18.1750236518,18.1750236518,intermediate,tertile,41.6381847783,46.0855528652,51.2837372821,26.1,28.9,35.6666666667
17031080201,copd,COPD,186,3182,3.9,copd_crudeprev,0.1627,0,3,3,0,5.84538026398,sum_annual_numerators_divided_by_sum_annual_denominators,1.94538026398,1.94538026398,intermediate,tertile,4.28240740741,5.50351562789,6.59574468085,5.1,6.4,7.9
17031080201,hypertension,hypertension,1509,3182,26.4,bphigh_crudeprev,0.1627,0,3,3,0,47.4230043997,sum_annual_numerators_divided_by_sum_annual_denominators,21.0230043997,21.0230043997,intermediate,tertile,41.6381847783,46.0855528652,51.2837372821,26.1,28.9,35.6666666667
17031080202,copd,COPD,78,2262,3.1,copd_crudeprev,0.0993,0,3,3,0,3.44827586207,sum_annual_numerators_divided_by_sum_annual_denominators,0.348275862069,0.348275862069,concordant_low,tertile,4.28240740741,5.50351562789,6.59574468085,5.1,6.4,7.9
17031080202,hypertension,hypertension,949,2262,21.3,bphigh_crudeprev,0.0993,0,3,3,0,41.9540229885,sum_annual_numerators_divided_by_sum_annual_denominators,20.6540229885,20.6540229885,intermediate,tertile,41.6381847783,46.0855528652,51.2837372821,26.1,28.9,35.6666666667
17031080300,copd,COPD,63,2501,2.1,copd_crudeprev,0.0736,0,3,3,0,2.51899240304,sum_annual_numerators_divided_by_sum_annual_denominators,0.418992403039,0.418992403039,concordant_low,tertile,4.28240740741,5.50351562789,6.59574468085,5.1,6.4,7.9
17031080300,hypertension,hypertension,806,2501,15.8,bphigh_crudeprev,0.0736,0,3,3,0,32.2271091563,sum_annual_numerators_divided_by_sum_annual_denominators,16.4271091563,16.4271091563,concordant_low,tertile,41.6381847783,46.0855528652,51.2837372821,26.1,28.9,35.6666666667
17031080400,copd,COPD,200,2515,6.2,copd_crudeprev,0.1106,0,3,3,0,7.95228628231,sum_annual_numerators_divided_by_sum_annual_denominators,1.75228628231,1.75228628231,ehr_high_public_not_high,tertile,4.28240740741,5.50351562789,6.59574468085,5.1,6.4,7.9
17031080400,hypertension,hypertension,1241,2515,29.5,bphigh_crudeprev,0.1106,0,3,3,0,49.3439363817,sum_annual_numerators_divided_by_sum_annual_denominators,19.8439363817,19.8439363817,intermediate,tertile,41.6381847783,46.0855528652,51.2837372821,26.1,28.9,35.6666666667
17031081000,copd,COPD,369,4615,4,copd_crudeprev,0.1053,0,3,3,0,7.99566630553,sum_annual_numerators_divided_by_sum_annual_denominators,3.99566630553,3.99566630553,ehr_high_public_not_high,tertile,4.28240740741,5.50351562789,6.59574468085,5.1,6.4,7.9
17031081000,hypertension,hypertension,2379,4615,22.4,bphigh_crudeprev,0.1053,0,3,3,0,51.5492957746,sum_annual_numerators_divided_by_sum_annual_denominators,29.1492957746,29.1492957746,ehr_high_public_not_high,tertile,41.6381847783,46.0855528652,51.2837372821,26.1,28.9,35.6666666667
17031081100,copd,COPD,95,2511,3.4,copd_crudeprev,0.1141,0,3,3,0,3.78335324572,sum_annual_numerators_divided_by_sum_annual_denominators,0.383353245719,0.383353245719,concordant_low,tertile,4.28240740741,5.50351562789,6.59574468085,5.1,6.4,7.9
17031081100,hypertension,hypertension,1019,2511,22,bphigh_crudeprev,0.1141,0,3,3,0,40.5814416567,sum_annual_numerators_divided_by_sum_annual_denominators,18.5814416567,18.5814416567,concordant_low,tertile,41.6381847783,46.0855528652,51.2837372821,26.1,28.9,35.6666666667
17031081201,copd,COPD,238,4452,3.4,copd_crudeprev,0.1742,0,3,3,0,5.34591194969,sum_annual_numerators_divided_by_sum_annual_denominators,1.94591194969,1.94591194969,intermediate,tertile,4.28240740741,5.50351562789,6.59574468085,5.1,6.4,7.9
17031081201,hypertension,hypertension,2106,4452,26,bphigh_crudeprev,0.1742,0,3,3,0,47.3045822102,sum_annual_numerators_divided_by_sum_annual_denominators,21.3045822102,21.3045822102,intermediate,tertile,41.6381847783,46.0855528652,51.2837372821,26.1,28.9,35.6666666667
17031081300,copd,COPD,197,4704,4.1,copd_crudeprev,0.1593,0,3,3,0,4.18792517007,sum_annual_numerators_divided_by_sum_annual_denominators,0.087925170068,0.087925170068,concordant_low,tertile,4.28240740741,5.50351562789,6.59574468085,5.1,6.4,7.9
17031081300,hypertension,hypertension,2308,4704,28.9,bphigh_crudeprev,0.1593,0,3,3,0,49.0646258503,sum_annual_numerators_divided_by_sum_annual_denominators,20.1646258503,20.1646258503,intermediate,tertile,41.6381847783,46.0855528652,51.2837372821,26.1,28.9,35.6666666667
17031081401,copd,COPD,85,2233,3.7,copd_crudeprev,0.1975,0,3,3,0,3.8065382893,sum_annual_numerators_divided_by_sum_annual_denominators,0.106538289297,0.106538289297,concordant_low,tertile,4.28240740741,5.50351562789,6.59574468085,5.1,6.4,7.9
17031081401,hypertension,hypertension,842,2233,26.2,bphigh_crudeprev,0.1975,0,3,3,0,37.7071204657,sum_annual_numerators_divided_by_sum_annual_denominators,11.5071204657,11.5071204657,intermediate,tertile,41.6381847783,46.0855528652,51.2837372821,26.1,28.9,35.6666666667
17031081402,copd,COPD,80,2273,2.7,copd_crudeprev,0.0782,0,3,3,0,3.51957765068,sum_annual_numerators_divided_by_sum_annual_denominators,0.819577650682,0.819577650682,concordant_low,tertile,4.28240740741,5.50351562789,6.59574468085,5.1,6.4,7.9
17031081402,hypertension,hypertension,832,2273,21.2,bphigh_crudeprev,0.0782,0,3,3,0,36.6036075671,sum_annual_numerators_divided_by_sum_annual_denominators,15.4036075671,15.4036075671,concordant_low,tertile,41.6381847783,46.0855528652,51.2837372821,26.1,28.9,35.6666666667
17031081403,copd,COPD,143,5691,2.5,copd_crudeprev,0.1314,0,3,3,0,2.51273941311,sum_annual_numerators_divided_by_sum_annual_denominators,0.0127394131084,0.0127394131084,concordant_low,tertile,4.28240740741,5.50351562789,6.59574468085,5.1,6.4,7.9
17031081403,hypertension,hypertension,2063,5691,18.5,bphigh_crudeprev,0.1314,0,3,3,0,36.2502196451,sum_annual_numerators_divided_by_sum_annual_denominators,17.7502196451,17.7502196451,concordant_low,tertile,41.6381847783,46.0855528652,51.2837372821,26.1,28.9,35.6666666667
17031081500,copd,COPD,155,5108,2.7,copd_crudeprev,0.2159,0,3,3,0,3.03445575568,sum_annual_numerators_divided_by_sum_annual_denominators,0.334455755677,0.334455755677,concordant_low,tertile,4.28240740741,5.50351562789,6.59574468085,5.1,6.4,7.9
17031081500,hypertension,hypertension,2032,5108,20.5,bphigh_crudeprev,0.2159,0,3,3,0,39.7807361002,sum_annual_numerators_divided_by_sum_annual_denominators,19.2807361002,19.2807361002,concordant_low,tertile,41.6381847783,46.0855528652,51.2837372821,26.1,28.9,35.6666666667
17031081600,hypertension,hypertension,437,1222,16.3,bphigh_crudeprev,0.0539,0,3,3,0,35.7610474632,sum_annual_numerators_divided_by_sum_annual_denominators,19.4610474632,19.4610474632,concordant_low,tertile,41.6381847783,46.0855528652,51.2837372821,26.1,28.9,35.6666666667
17031081700,copd,COPD,66,2446,1.6,copd_crudeprev,0.0894,0,3,3,0,2.69828291087,sum_annual_numerators_divided_by_sum_annual_denominators,1.09828291087,1.09828291087,concordant_low,tertile,4.28240740741,5.50351562789,6.59574468085,5.1,6.4,7.9
17031081700,hypertension,hypertension,718,2446,13.4,bphigh_crudeprev,0.0894,0,3,3,0,29.3540474244,sum_annual_numerators_divided_by_sum_annual_denominators,15.9540474244,15.9540474244,concordant_low,tertile,41.6381847783,46.0855528652,51.2837372821,26.1,28.9,35.6666666667
17031081800,copd,COPD,89,5823,2,copd_crudeprev,0.0838,0,3,3,0,1.52842177572,sum_annual_numerators_divided_by_sum_annual_denominators,-0.471578224283,0.471578224283,concordant_low,tertile,4.28240740741,5.50351562789,6.59574468085,5.1,6.4,7.9
17031081800,hypertension,hypertension,1640,5823,14.8,bphigh_crudeprev,0.0838,0,3,3,0,28.1641765413,sum_annual_numerators_divided_by_sum_annual_denominators,13.3641765413,13.3641765413,concordant_low,tertile,41.6381847783,46.0855528652,51.2837372821,26.1,28.9,35.6666666667
17031081900,copd,COPD,41,552,2.6,copd_crudeprev,0.0813,0,3,3,0,7.42753623188,sum_annual_numerators_divided_by_sum_annual_denominators,4.82753623188,4.82753623188,ehr_high_public_not_high,tertile,4.28240740741,5.50351562789,6.59574468085,5.1,6.4,7.9
17031081900,hypertension,hypertension,241,552,20.9,bphigh_crudeprev,0.0813,0,3,3,0,43.6594202899,sum_annual_numerators_divided_by_sum_annual_denominators,22.7594202899,22.7594202899,intermediate,tertile,41.6381847783,46.0855528652,51.2837372821,26.1,28.9,35.6666666667
17031090100,hypertension,hypertension,284,664,28.5,bphigh_crudeprev,0.0323,0,3,3,0,42.7710843373,sum_annual_numerators_divided_by_sum_annual_denominators,14.2710843373,14.2710843373,intermediate,tertile,41.6381847783,46.0855528652,51.2837372821,26.1,28.9,35.6666666667
17031090200,copd,COPD,48,1244,4.5,copd_crudeprev,0.0341,0,3,3,0,3.85852090032,sum_annual_numerators_divided_by_sum_annual_denominators,-0.641479099678,0.641479099678,concordant_low,tertile,4.28240740741,5.50351562789,6.59574468085,5.1,6.4,7.9
17031090200,hypertension,hypertension,529,1244,26.1,bphigh_crudeprev,0.0341,0,3,3,0,42.5241157556,sum_annual_numerators_divided_by_sum_annual_denominators,16.4241157556,16.4241157556,intermediate,tertile,41.6381847783,46.0855528652,51.2837372821,26.1,28.9,35.6666666667
17031090300,hypertension,hypertension,106,269,28.8,bphigh_crudeprev,0.0315,0,3,3,0,39.405204461,sum_annual_numerators_divided_by_sum_annual_denominators,10.605204461,10.605204461,intermediate,tertile,41.6381847783,46.0855528652,51.2837372821,26.1,28.9,35.6666666667
17031100100,hypertension,hypertension,431,978,27.8,bphigh_crudeprev,0.0312,0,3,3,0,44.0695296524,sum_annual_numerators_divided_by_sum_annual_denominators,16.2695296524,16.2695296524,intermediate,tertile,41.6381847783,46.0855528652,51.2837372821,26.1,28.9,35.6666666667
17031100200,hypertension,hypertension,562,1321,27.9,bphigh_crudeprev,0.0305,0,3,3,0,42.5435276306,sum_annual_numerators_divided_by_sum_annual_denominators,14.6435276306,14.6435276306,intermediate,tertile,41.6381847783,46.0855528652,51.2837372821,26.1,28.9,35.6666666667
17031100300,copd,COPD,41,1148,7.2,copd_crudeprev,0.0315,0,3,3,0,3.57142857143,sum_annual_numerators_divided_by_sum_annual_denominators,-3.62857142857,3.62857142857,intermediate,tertile,4.28240740741,5.50351562789,6.59574468085,5.1,6.4,7.9
17031100300,hypertension,hypertension,464,1148,34.9,bphigh_crudeprev,0.0315,0,3,3,0,40.4181184669,sum_annual_numerators_divided_by_sum_annual_denominators,5.5181184669,5.5181184669,intermediate,tertile,41.6381847783,46.0855528652,51.2837372821,26.1,28.9,35.6666666667
17031100400,hypertension,hypertension,206,586,28.1,bphigh_crudeprev,0.0291,0,3,3,0,35.1535836177,sum_annual_numerators_divided_by_sum_annual_denominators,7.05358361775,7.05358361775,intermediate,tertile,41.6381847783,46.0855528652,51.2837372821,26.1,28.9,35.6666666667
17031100500,copd,COPD,36,1176,4.9,copd_crudeprev,0.0385,0,3,3,0,3.0612244898,sum_annual_numerators_divided_by_sum_annual_denominators,-1.8387755102,1.8387755102,concordant_low,tertile,4.28240740741,5.50351562789,6.59574468085,5.1,6.4,7.9
17031100500,hypertension,hypertension,473,1176,27.8,bphigh_crudeprev,0.0385,0,3,3,0,40.2210884354,sum_annual_numerators_divided_by_sum_annual_denominators,12.4210884354,12.4210884354,intermediate,tertile,41.6381847783,46.0855528652,51.2837372821,26.1,28.9,35.6666666667
17031100600,hypertension,hypertension,367,890,30.1,bphigh_crudeprev,0.0328,0,3,3,0,41.2359550562,sum_annual_numerators_divided_by_sum_annual_denominators,11.1359550562,11.1359550562,intermediate,tertile,41.6381847783,46.0855528652,51.2837372821,26.1,28.9,35.6666666667
17031100700,hypertension,hypertension,423,1005,30,bphigh_crudeprev,0.0353,0,3,3,0,42.0895522388,sum_annual_numerators_divided_by_sum_annual_denominators,12.0895522388,12.0895522388,intermediate,tertile,41.6381847783,46.0855528652,51.2837372821,26.1,28.9,35.6666666667
17031110100,copd,COPD,38,1097,5.3,copd_crudeprev,0.0342,0,3,3,0,3.46399270738,sum_annual_numerators_divided_by_sum_annual_denominators,-1.83600729262,1.83600729262,intermediate,tertile,4.28240740741,5.50351562789,6.59574468085,5.1,6.4,7.9
17031110100,hypertension,hypertension,520,1097,28.3,bphigh_crudeprev,0.0342,0,3,3,0,47.4020054695,sum_annual_numerators_divided_by_sum_annual_denominators,19.1020054695,19.1020054695,intermediate,tertile,41.6381847783,46.0855528652,51.2837372821,26.1,28.9,35.6666666667
17031110200,hypertension,hypertension,244,563,30.1,bphigh_crudeprev,0.0344,0,3,3,0,43.3392539964,sum_annual_numerators_divided_by_sum_annual_denominators,13.2392539964,13.2392539964,intermediate,tertile,41.6381847783,46.0855528652,51.2837372821,26.1,28.9,35.6666666667
17031110300,hypertension,hypertension,369,892,27.9,bphigh_crudeprev,0.0292,0,3,3,0,41.3677130045,sum_annual_numerators_divided_by_sum_annual_denominators,13.4677130045,13.4677130045,intermediate,tertile,41.6381847783,46.0855528652,51.2837372821,26.1,28.9,35.6666666667
17031110400,copd,COPD,37,900,4.6,copd_crudeprev,0.0348,0,3,3,0,4.11111111111,sum_annual_numerators_divided_by_sum_annual_denominators,-0.488888888889,0.488888888889,concordant_low,tertile,4.28240740741,5.50351562789,6.59574468085,5.1,6.4,7.9
17031110400,hypertension,hypertension,396,900,26.5,bphigh_crudeprev,0.0348,0,3,3,0,44,sum_annual_numerators_divided_by_sum_annual_denominators,17.5,17.5,intermediate,tertile,41.6381847783,46.0855528652,51.2837372821,26.1,28.9,35.6666666667
17031110501,copd,COPD,41,1075,5.1,copd_crudeprev,0.04,0,3,3,0,3.81395348837,sum_annual_numerators_divided_by_sum_annual_denominators,-1.28604651163,1.28604651163,concordant_low,tertile,4.28240740741,5.50351562789,6.59574468085,5.1,6.4,7.9
17031110501,hypertension,hypertension,427,1075,27.7,bphigh_crudeprev,0.04,0,3,3,0,39.7209302326,sum_annual_numerators_divided_by_sum_annual_denominators,12.0209302326,12.0209302326,intermediate,tertile,41.6381847783,46.0855528652,51.2837372821,26.1,28.9,35.6666666667
17031110502,copd,COPD,34,747,4.6,copd_crudeprev,0.0375,0,3,3,0,4.5515394913,sum_annual_numerators_divided_by_sum_annual_denominators,-0.0484605087015,0.0484605087015,intermediate,tertile,4.28240740741,5.50351562789,6.59574468085,5.1,6.4,7.9
17031110502,hypertension,hypertension,332,747,25.8,bphigh_crudeprev,0.0375,0,3,3,0,44.4444444444,sum_annual_numerators_divided_by_sum_annual_denominators,18.6444444444,18.6444444444,intermediate,tertile,41.6381847783,46.0855528652,51.2837372821,26.1,28.9,35.6666666667
17031120100,hypertension,hypertension,560,1413,28,bphigh_crudeprev,0.061,0,3,3,0,39.6319886766,sum_annual_numerators_divided_by_sum_annual_denominators,11.6319886766,11.6319886766,intermediate,tertile,41.6381847783,46.0855528652,51.2837372821,26.1,28.9,35.6666666667
17031120200,copd,COPD,53,1504,4.5,copd_crudeprev,0.058,0,3,3,0,3.52393617021,sum_annual_numerators_divided_by_sum_annual_denominators,-0.976063829787,0.976063829787,concordant_low,tertile,4.28240740741,5.50351562789,6.59574468085,5.1,6.4,7.9
17031120200,hypertension,hypertension,623,1504,28.7,bphigh_crudeprev,0.058,0,3,3,0,41.4228723404,sum_annual_numerators_divided_by_sum_annual_denominators,12.7228723404,12.7228723404,intermediate,tertile,41.6381847783,46.0855528652,51.2837372821,26.1,28.9,35.6666666667
17031120300,copd,COPD,46,2247,4.6,copd_crudeprev,0.0564,0,3,3,0,2.04717400979,sum_annual_numerators_divided_by_sum_annual_denominators,-2.55282599021,2.55282599021,concordant_low,tertile,4.28240740741,5.50351562789,6.59574468085,5.1,6.4,7.9
17031120300,hypertension,hypertension,1009,2247,28.9,bphigh_crudeprev,0.0564,0,3,3,0,44.9043168669,sum_annual_numerators_divided_by_sum_annual_denominators,16.0043168669,16.0043168669,intermediate,tertile,41.6381847783,46.0855528652,51.2837372821,26.1,28.9,35.6666666667
17031120400,hypertension,hypertension,347,909,27.8,bphigh_crudeprev,0.0463,0,3,3,0,38.1738173817,sum_annual_numerators_divided_by_sum_annual_denominators,10.3738173817,10.3738173817,intermediate,tertile,41.6381847783,46.0855528652,51.2837372821,26.1,28.9,35.6666666667
17031130100,hypertension,hypertension,448,947,38.8,bphigh_crudeprev,0.0383,0,3,3,0,47.3072861668,sum_annual_numerators_divided_by_sum_annual_denominators,8.50728616684,8.50728616684,intermediate,tertile,41.6381847783,46.0855528652,51.2837372821,26.1,28.9,35.6666666667
17031130200,hypertension,hypertension,257,558,31.7,bphigh_crudeprev,0.0612,0,3,3,0,46.0573476703,sum_annual_numerators_divided_by_sum_annual_denominators,14.3573476703,14.3573476703,intermediate,tertile,41.6381847783,46.0855528652,51.2837372821,26.1,28.9,35.6666666667
17031130300,hypertension,hypertension,421,982,27.6,bphigh_crudeprev,0.0416,0,3,3,0,42.8716904277,sum_annual_numerators_divided_by_sum_annual_denominators,15.2716904277,15.2716904277,intermediate,tertile,41.6381847783,46.0855528652,51.2837372821,26.1,28.9,35.6666666667
17031140100,hypertension,hypertension,260,801,21.2,bphigh_crudeprev,0.0368,0,3,3,0,32.4594257179,sum_annual_numerators_divided_by_sum_annual_denominators,11.2594257179,11.2594257179,concordant_low,tertile,41.6381847783,46.0855528652,51.2837372821,26.1,28.9,35.6666666667
17031140200,hypertension,hypertension,422,1159,24,bphigh_crudeprev,0.0341,0,3,3,0,36.4106988783,sum_annual_numerators_divided_by_sum_annual_denominators,12.4106988783,12.4106988783,concordant_low,tertile,41.6381847783,46.0855528652,51.2837372821,26.1,28.9,35.6666666667
17031140301,hypertension,hypertension,260,603,28.9,bphigh_crudeprev,0.0361,0,3,3,0,43.1177446103,sum_annual_numerators_divided_by_sum_annual_denominators,14.2177446103,14.2177446103,intermediate,tertile,41.6381847783,46.0855528652,51.2837372821,26.1,28.9,35.6666666667
17031140302,hypertension,hypertension,317,867,28.3,bphigh_crudeprev,0.0467,0,3,3,0,36.5628604383,sum_annual_numerators_divided_by_sum_annual_denominators,8.26286043829,8.26286043829,intermediate,tertile,41.6381847783,46.0855528652,51.2837372821,26.1,28.9,35.6666666667
17031140400,copd,COPD,47,1377,4.8,copd_crudeprev,0.0443,0,3,3,0,3.41321713871,sum_annual_numerators_divided_by_sum_annual_denominators,-1.38678286129,1.38678286129,concordant_low,tertile,4.28240740741,5.50351562789,6.59574468085,5.1,6.4,7.9
17031140400,hypertension,hypertension,539,1377,27.8,bphigh_crudeprev,0.0443,0,3,3,0,39.1430646333,sum_annual_numerators_divided_by_sum_annual_denominators,11.3430646333,11.3430646333,intermediate,tertile,41.6381847783,46.0855528652,51.2837372821,26.1,28.9,35.6666666667
17031140500,hypertension,hypertension,351,863,28.3,bphigh_crudeprev,0.0499,0,3,3,0,40.6720741599,sum_annual_numerators_divided_by_sum_annual_denominators,12.3720741599,12.3720741599,intermediate,tertile,41.6381847783,46.0855528652,51.2837372821,26.1,28.9,35.6666666667
17031140601,hypertension,hypertension,239,661,28.5,bphigh_crudeprev,0.0514,0,3,3,0,36.1573373676,sum_annual_numerators_divided_by_sum_annual_denominators,7.65733736762,7.65733736762,intermediate,tertile,41.6381847783,46.0855528652,51.2837372821,26.1,28.9,35.6666666667
17031140602,hypertension,hypertension,466,1307,27,bphigh_crudeprev,0.0534,0,3,3,0,35.6541698546,sum_annual_numerators_divided_by_sum_annual_denominators,8.65416985463,8.65416985463,intermediate,tertile,41.6381847783,46.0855528652,51.2837372821,26.1,28.9,35.6666666667
17031140701,hypertension,hypertension,271,703,23.4,bphigh_crudeprev,0.0477,0,3,3,0,38.5490753912,sum_annual_numerators_divided_by_sum_annual_denominators,15.1490753912,15.1490753912,concordant_low,tertile,41.6381847783,46.0855528652,51.2837372821,26.1,28.9,35.6666666667
17031140702,hypertension,hypertension,414,1325,24.3,bphigh_crudeprev,0.0446,0,3,3,0,31.2452830189,sum_annual_numerators_divided_by_sum_annual_denominators,6.94528301887,6.94528301887,concordant_low,tertile,41.6381847783,46.0855528652,51.2837372821,26.1,28.9,35.6666666667
17031140800,copd,COPD,54,2341,3.6,copd_crudeprev,0.0649,0,3,3,0,2.30670653567,sum_annual_numerators_divided_by_sum_annual_denominators,-1.29329346433,1.29329346433,concordant_low,tertile,4.28240740741,5.50351562789,6.59574468085,5.1,6.4,7.9
17031140800,hypertension,hypertension,821,2341,23,bphigh_crudeprev,0.0649,0,3,3,0,35.0704826997,sum_annual_numerators_divided_by_sum_annual_denominators,12.0704826997,12.0704826997,concordant_low,tertile,41.6381847783,46.0855528652,51.2837372821,26.1,28.9,35.6666666667
17031150200,copd,COPD,53,1816,5.2,copd_crudeprev,0.0453,0,3,3,0,2.91850220264,sum_annual_numerators_divided_by_sum_annual_denominators,-2.28149779736,2.28149779736,intermediate,tertile,4.28240740741,5.50351562789,6.59574468085,5.1,6.4,7.9
17031150200,hypertension,hypertension,733,1816,26.3,bphigh_crudeprev,0.0453,0,3,3,0,40.3634361233,sum_annual_numerators_divided_by_sum_annual_denominators,14.0634361233,14.0634361233,intermediate,tertile,41.6381847783,46.0855528652,51.2837372821,26.1,28.9,35.6666666667
17031150300,copd,COPD,62,1646,4.9,copd_crudeprev,0.0414,0,3,3,0,3.76670716889,sum_annual_numerators_divided_by_sum_annual_denominators,-1.13329283111,1.13329283111,concordant_low,tertile,4.28240740741,5.50351562789,6.59574468085,5.1,6.4,7.9
17031150300,hypertension,hypertension,659,1646,26.7,bphigh_crudeprev,0.0414,0,3,3,0,40.0364520049,sum_annual_numerators_divided_by_sum_annual_denominators,13.3364520049,13.3364520049,intermediate,tertile,41.6381847783,46.0855528652,51.2837372821,26.1,28.9,35.6666666667
17031150401,hypertension,hypertension,380,991,28.6,bphigh_crudeprev,0.0339,0,3,3,0,38.3451059536,sum_annual_numerators_divided_by_sum_annual_denominators,9.74510595358,9.74510595358,intermediate,tertile,41.6381847783,46.0855528652,51.2837372821,26.1,28.9,35.6666666667
17031150402,copd,COPD,35,900,5.8,copd_crudeprev,0.0384,0,3,3,0,3.88888888889,sum_annual_numerators_divided_by_sum_annual_denominators,-1.91111111111,1.91111111111,intermediate,tertile,4.28240740741,5.50351562789,6.59574468085,5.1,6.4,7.9
17031150402,hypertension,hypertension,386,900,28.4,bphigh_crudeprev,0.0384,0,3,3,0,42.8888888889,sum_annual_numerators_divided_by_sum_annual_denominators,14.4888888889,14.4888888889,intermediate,tertile,41.6381847783,46.0855528652,51.2837372821,26.1,28.9,35.6666666667
17031150501,hypertension,hypertension,302,698,26.9,bphigh_crudeprev,0.0318,0,3,3,0,43.2664756447,sum_annual_numerators_divided_by_sum_annual_denominators,16.3664756447,16.3664756447,intermediate,tertile,41.6381847783,46.0855528652,51.2837372821,26.1,28.9,35.6666666667
17031150502,hypertension,hypertension,398,854,27.2,bphigh_crudeprev,0.0371,0,3,3,0,46.6042154567,sum_annual_numerators_divided_by_sum_annual_denominators,19.4042154567,19.4042154567,intermediate,tertile,41.6381847783,46.0855528652,51.2837372821,26.1,28.9,35.6666666667
17031150600,hypertension,hypertension,368,917,27.1,bphigh_crudeprev,0.0389,0,3,3,0,40.1308615049,sum_annual_numerators_divided_by_sum_annual_denominators,13.0308615049,13.0308615049,intermediate,tertile,41.6381847783,46.0855528652,51.2837372821,26.1,28.9,35.6666666667
17031150700,copd,COPD,36,1017,4.1,copd_crudeprev,0.04,0,3,3,0,3.53982300885,sum_annual_numerators_divided_by_sum_annual_denominators,-0.56017699115,0.56017699115,concordant_low,tertile,4.28240740741,5.50351562789,6.59574468085,5.1,6.4,7.9
17031150700,hypertension,hypertension,439,1017,25.7,bphigh_crudeprev,0.04,0,3,3,0,43.1661750246,sum_annual_numerators_divided_by_sum_annual_denominators,17.4661750246,17.4661750246,intermediate,tertile,41.6381847783,46.0855528652,51.2837372821,26.1,28.9,35.6666666667
17031150800,copd,COPD,48,1154,5,copd_crudeprev,0.0467,0,3,3,0,4.15944540728,sum_annual_numerators_divided_by_sum_annual_denominators,-0.840554592721,0.840554592721,concordant_low,tertile,4.28240740741,5.50351562789,6.59574468085,5.1,6.4,7.9
17031150800,hypertension,hypertension,457,1154,26.4,bphigh_crudeprev,0.0467,0,3,3,0,39.6013864818,sum_annual_numerators_divided_by_sum_annual_denominators,13.2013864818,13.2013864818,intermediate,tertile,41.6381847783,46.0855528652,51.2837372821,26.1,28.9,35.6666666667
17031151001,hypertension,hypertension,251,686,26.8,bphigh_crudeprev,0.0457,0,3,3,0,36.5889212828,sum_annual_numerators_divided_by_sum_annual_denominators,9.7889212828,9.7889212828,intermediate,tertile,41.6381847783,46.0855528652,51.2837372821,26.1,28.9,35.6666666667
17031151002,hypertension,hypertension,395,929,26.9,bphigh_crudeprev,0.0309,0,3,3,0,42.5188374596,sum_annual_numerators_divided_by_sum_annual_denominators,15.6188374596,15.6188374596,intermediate,tertile,41.6381847783,46.0855528652,51.2837372821,26.1,28.9,35.6666666667
17031151100,copd,COPD,41,1097,5.6,copd_crudeprev,0.0362,0,3,3,0,3.73746581586,sum_annual_numerators_divided_by_sum_annual_denominators,-1.86253418414,1.86253418414,intermediate,tertile,4.28240740741,5.50351562789,6.59574468085,5.1,6.4,7.9
17031151100,hypertension,hypertension,495,1097,28.5,bphigh_crudeprev,0.0362,0,3,3,0,45.1230628988,sum_annual_numerators_divided_by_sum_annual_denominators,16.6230628988,16.6230628988,intermediate,tertile,41.6381847783,46.0855528652,51.2837372821,26.1,28.9,35.6666666667
17031151200,hypertension,hypertension,395,906,28.3,bphigh_crudeprev,0.039,0,3,3,0,43.5982339956,sum_annual_numerators_divided_by_sum_annual_denominators,15.2982339956,15.2982339956,intermediate,tertile,41.6381847783,46.0855528652,51.2837372821,26.1,28.9,35.6666666667
17031160100,hypertension,hypertension,249,643,28.2,bphigh_crudeprev,0.0386,0,3,3,0,38.7247278383,sum_annual_numerators_divided_by_sum_annual_denominators,10.5247278383,10.5247278383,intermediate,tertile,41.6381847783,46.0855528652,51.2837372821,26.1,28.9,35.6666666667
17031160200,hypertension,hypertension,412,1107,25.9,bphigh_crudeprev,0.0571,0,3,3,0,37.2177055104,sum_annual_numerators_divided_by_sum_annual_denominators,11.3177055104,11.3177055104,concordant_low,tertile,41.6381847783,46.0855528652,51.2837372821,26.1,28.9,35.6666666667
17031160300,copd,COPD,33,871,4.4,copd_crudeprev,0.0458,0,3,3,0,3.78874856487,sum_annual_numerators_divided_by_sum_annual_denominators,-0.611251435132,0.611251435132,concordant_low,tertile,4.28240740741,5.50351562789,6.59574468085,5.1,6.4,7.9
17031160300,hypertension,hypertension,317,871,25.2,bphigh_crudeprev,0.0458,0,3,3,0,36.3949483352,sum_annual_numerators_divided_by_sum_annual_denominators,11.1949483352,11.1949483352,concordant_low,tertile,41.6381847783,46.0855528652,51.2837372821,26.1,28.9,35.6666666667
17031160400,copd,COPD,54,1450,5,copd_crudeprev,0.0526,0,3,3,0,3.72413793103,sum_annual_numerators_divided_by_sum_annual_denominators,-1.27586206897,1.27586206897,concordant_low,tertile,4.28240740741,5.50351562789,6.59574468085,5.1,6.4,7.9
17031160400,hypertension,hypertension,544,1450,26.2,bphigh_crudeprev,0.0526,0,3,3,0,37.5172413793,sum_annual_numerators_divided_by_sum_annual_denominators,11.3172413793,11.3172413793,intermediate,tertile,41.6381847783,46.0855528652,51.2837372821,26.1,28.9,35.6666666667
17031160501,hypertension,hypertension,336,927,25.3,bphigh_crudeprev,0.0393,0,3,3,0,36.2459546926,sum_annual_numerators_divided_by_sum_annual_denominators,10.9459546926,10.9459546926,concordant_low,tertile,41.6381847783,46.0855528652,51.2837372821,26.1,28.9,35.6666666667
17031160502,hypertension,hypertension,298,856,25.8,bphigh_crudeprev,0.0418,0,3,3,0,34.8130841121,sum_annual_numerators_divided_by_sum_annual_denominators,9.01308411215,9.01308411215,concordant_low,tertile,41.6381847783,46.0855528652,51.2837372821,26.1,28.9,35.6666666667
17031160601,hypertension,hypertension,380,1033,21.9,bphigh_crudeprev,0.0617,0,3,3,0,36.7860600194,sum_annual_numerators_divided_by_sum_annual_denominators,14.8860600194,14.8860600194,concordant_low,tertile,41.6381847783,46.0855528652,51.2837372821,26.1,28.9,35.6666666667
17031160602,hypertension,hypertension,399,1027,23.6,bphigh_crudeprev,0.049,0,3,3,0,38.8510223953,sum_annual_numerators_divided_by_sum_annual_denominators,15.2510223953,15.2510223953,concordant_low,tertile,41.6381847783,46.0855528652,51.2837372821,26.1,28.9,35.6666666667
17031160700,copd,COPD,62,1712,4.8,copd_crudeprev,0.0474,0,3,3,0,3.6214953271,sum_annual_numerators_divided_by_sum_annual_denominators,-1.1785046729,1.1785046729,concordant_low,tertile,4.28240740741,5.50351562789,6.59574468085,5.1,6.4,7.9
17031160700,hypertension,hypertension,702,1712,27.1,bphigh_crudeprev,0.0474,0,3,3,0,41.0046728972,sum_annual_numerators_divided_by_sum_annual_denominators,13.9046728972,13.9046728972,intermediate,tertile,41.6381847783,46.0855528652,51.2837372821,26.1,28.9,35.6666666667
17031160800,hypertension,hypertension,493,1237,28.1,bphigh_crudeprev,0.0375,0,3,3,0,39.8544866613,sum_annual_numerators_divided_by_sum_annual_denominators,11.7544866613,11.7544866613,intermediate,tertile,41.6381847783,46.0855528652,51.2837372821,26.1,28.9,35.6666666667
17031160900,copd,COPD,35,1051,3.7,copd_crudeprev,0.074,0,3,3,0,3.33016175071,sum_annual_numerators_divided_by_sum_annual_denominators,-0.369838249286,0.369838249286,concordant_low,tertile,4.28240740741,5.50351562789,6.59574468085,5.1,6.4,7.9
17031160900,hypertension,hypertension,409,1051,24.2,bphigh_crudeprev,0.074,0,3,3,0,38.9153187441,sum_annual_numerators_divided_by_sum_annual_denominators,14.7153187441,14.7153187441,concordant_low,tertile,41.6381847783,46.0855528652,51.2837372821,26.1,28.9,35.6666666667
17031161000,hypertension,hypertension,250,710,23,bphigh_crudeprev,0.0628,0,3,3,0,35.2112676056,sum_annual_numerators_divided_by_sum_annual_denominators,12.2112676056,12.2112676056,concordant_low,tertile,41.6381847783,46.0855528652,51.2837372821,26.1,28.9,35.6666666667
17031161100,hypertension,hypertension,333,911,23.4,bphigh_crudeprev,0.0814,0,3,3,0,36.5532381998,sum_annual_numerators_divided_by_sum_annual_denominators,13.1532381998,13.1532381998,concordant_low,tertile,41.6381847783,46.0855528652,51.2837372821,26.1,28.9,35.6666666667
17031161200,hypertension,hypertension,257,673,27.6,bphigh_crudeprev,0.0429,0,3,3,0,38.1872213967,sum_annual_numerators_divided_by_sum_annual_denominators,10.5872213967,10.5872213967,intermediate,tertile,41.6381847783,46.0855528652,51.2837372821,26.1,28.9,35.6666666667
17031161300,hypertension,hypertension,347,981,25.8,bphigh_crudeprev,0.0415,0,3,3,0,35.372069317,sum_annual_numerators_divided_by_sum_annual_denominators,9.57206931702,9.57206931702,concordant_low,tertile,41.6381847783,46.0855528652,51.2837372821,26.1,28.9,35.6666666667
17031170100,hypertension,hypertension,298,562,43.1,bphigh_crudeprev,0.0477,0,3,3,0,53.024911032,sum_annual_numerators_divided_by_sum_annual_denominators,9.92491103203,9.92491103203,concordant_high,tertile,41.6381847783,46.0855528652,51.2837372821,26.1,28.9,35.6666666667
17031170200,copd,COPD,40,910,5,copd_crudeprev,0.0401,0,3,3,0,4.3956043956,sum_annual_numerators_divided_by_sum_annual_denominators,-0.604395604396,0.604395604396,intermediate,tertile,4.28240740741,5.50351562789,6.59574468085,5.1,6.4,7.9
17031170200,hypertension,hypertension,420,910,28.2,bphigh_crudeprev,0.0401,0,3,3,0,46.1538461538,sum_annual_numerators_divided_by_sum_annual_denominators,17.9538461538,17.9538461538,intermediate,tertile,41.6381847783,46.0855528652,51.2837372821,26.1,28.9,35.6666666667
17031170300,copd,COPD,65,1162,5.1,copd_crudeprev,0.0393,0,3,3,0,5.59380378657,sum_annual_numerators_divided_by_sum_annual_denominators,0.493803786575,0.493803786575,intermediate,tertile,4.28240740741,5.50351562789,6.59574468085,5.1,6.4,7.9
17031170300,hypertension,hypertension,541,1162,27.4,bphigh_crudeprev,0.0393,0,3,3,0,46.5576592083,sum_annual_numerators_divided_by_sum_annual_denominators,19.1576592083,19.1576592083,intermediate,tertile,41.6381847783,46.0855528652,51.2837372821,26.1,28.9,35.6666666667
17031170400,copd,COPD,54,991,5.6,copd_crudeprev,0.0433,0,3,3,0,5.44904137235,sum_annual_numerators_divided_by_sum_annual_denominators,-0.150958627649,0.150958627649,intermediate,tertile,4.28240740741,5.50351562789,6.59574468085,5.1,6.4,7.9
17031170400,hypertension,hypertension,475,991,28.6,bphigh_crudeprev,0.0433,0,3,3,0,47.931382442,sum_annual_numerators_divided_by_sum_annual_denominators,19.331382442,19.331382442,intermediate,tertile,41.6381847783,46.0855528652,51.2837372821,26.1,28.9,35.6666666667
17031170500,copd,COPD,50,907,5.6,copd_crudeprev,0.0302,0,3,3,0,5.51267916207,sum_annual_numerators_divided_by_sum_annual_denominators,-0.0873208379272,0.0873208379272,intermediate,tertile,4.28240740741,5.50351562789,6.59574468085,5.1,6.4,7.9
17031170500,hypertension,hypertension,411,907,28.3,bphigh_crudeprev,0.0302,0,3,3,0,45.3142227122,sum_annual_numerators_divided_by_sum_annual_denominators,17.0142227122,17.0142227122,intermediate,tertile,41.6381847783,46.0855528652,51.2837372821,26.1,28.9,35.6666666667
17031170600,hypertension,hypertension,262,506,31,bphigh_crudeprev,0.0336,0,3,3,0,51.7786561265,sum_annual_numerators_divided_by_sum_annual_denominators,20.7786561265,20.7786561265,intermediate,tertile,41.6381847783,46.0855528652,51.2837372821,26.1,28.9,35.6666666667
17031170700,hypertension,hypertension,330,646,30.5,bphigh_crudeprev,0.0331,0,3,3,0,51.0835913313,sum_annual_numerators_divided_by_sum_annual_denominators,20.5835913313,20.5835913313,intermediate,tertile,41.6381847783,46.0855528652,51.2837372821,26.1,28.9,35.6666666667
17031170800,copd,COPD,68,816,6.2,copd_crudeprev,0.0368,0,3,3,0,8.33333333333,sum_annual_numerators_divided_by_sum_annual_denominators,2.13333333333,2.13333333333,ehr_high_public_not_high,tertile,4.28240740741,5.50351562789,6.59574468085,5.1,6.4,7.9
17031170800,hypertension,hypertension,446,816,29.5,bphigh_crudeprev,0.0368,0,3,3,0,54.6568627451,sum_annual_numerators_divided_by_sum_annual_denominators,25.1568627451,25.1568627451,intermediate,tertile,41.6381847783,46.0855528652,51.2837372821,26.1,28.9,35.6666666667
17031170900,hypertension,hypertension,174,364,32.7,bphigh_crudeprev,0.032,0,3,3,0,47.8021978022,sum_annual_numerators_divided_by_sum_annual_denominators,15.1021978022,15.1021978022,intermediate,tertile,41.6381847783,46.0855528652,51.2837372821,26.1,28.9,35.6666666667
17031171000,copd,COPD,95,1604,5.3,copd_crudeprev,0.0475,0,3,3,0,5.92269326683,sum_annual_numerators_divided_by_sum_annual_denominators,0.622693266833,0.622693266833,intermediate,tertile,4.28240740741,5.50351562789,6.59574468085,5.1,6.4,7.9
17031171000,hypertension,hypertension,706,1604,28.8,bphigh_crudeprev,0.0475,0,3,3,0,44.0149625935,sum_annual_numerators_divided_by_sum_annual_denominators,15.2149625935,15.2149625935,intermediate,tertile,41.6381847783,46.0855528652,51.2837372821,26.1,28.9,35.6666666667
17031171100,copd,COPD,31,845,6.4,copd_crudeprev,0.0357,0,3,3,0,3.66863905325,sum_annual_numerators_divided_by_sum_annual_denominators,-2.73136094675,2.73136094675,intermediate,tertile,4.28240740741,5.50351562789,6.59574468085,5.1,6.4,7.9
17031171100,hypertension,hypertension,397,845,29.4,bphigh_crudeprev,0.0357,0,3,3,0,46.9822485207,sum_annual_numerators_divided_by_sum_annual_denominators,17.5822485207,17.5822485207,intermediate,tertile,41.6381847783,46.0855528652,51.2837372821,26.1,28.9,35.6666666667
17031180100,copd,COPD,55,1466,5.5,copd_crudeprev,0.0376,0,3,3,0,3.7517053206,sum_annual_numerators_divided_by_sum_annual_denominators,-1.7482946794,1.7482946794,intermediate,tertile,4.28240740741,5.50351562789,6.59574468085,5.1,6.4,7.9
17031180100,hypertension,hypertension,654,1466,28.8,bphigh_crudeprev,0.0376,0,3,3,0,44.6111869031,sum_annual_numerators_divided_by_sum_annual_denominators,15.8111869031,15.8111869031,intermediate,tertile,41.6381847783,46.0855528652,51.2837372821,26.1,28.9,35.6666666667
17031190100,hypertension,hypertension,240,581,28.5,bphigh_crudeprev,0.0394,0,3,3,0,41.3080895009,sum_annual_numerators_divided_by_sum_annual_denominators,12.8080895009,12.8080895009,intermediate,tertile,41.6381847783,46.0855528652,51.2837372821,26.1,28.9,35.6666666667
17031190200,copd,COPD,40,1181,5.6,copd_crudeprev,0.0348,0,3,3,0,3.38696020322,sum_annual_numerators_divided_by_sum_annual_denominators,-2.21303979678,2.21303979678,intermediate,tertile,4.28240740741,5.50351562789,6.59574468085,5.1,6.4,7.9
17031190200,hypertension,hypertension,486,1181,29.5,bphigh_crudeprev,0.0348,0,3,3,0,41.1515664691,sum_annual_numerators_divided_by_sum_annual_denominators,11.6515664691,11.6515664691,intermediate,tertile,41.6381847783,46.0855528652,51.2837372821,26.1,28.9,35.6666666667
17031190300,copd,COPD,64,1275,5.3,copd_crudeprev,0.0398,0,3,3,0,5.01960784314,sum_annual_numerators_divided_by_sum_annual_denominators,-0.280392156863,0.280392156863,intermediate,tertile,4.28240740741,5.50351562789,6.59574468085,5.1,6.4,7.9
17031190300,hypertension,hypertension,547,1275,28,bphigh_crudeprev,0.0398,0,3,3,0,42.9019607843,sum_annual_numerators_divided_by_sum_annual_denominators,14.9019607843,14.9019607843,intermediate,tertile,41.6381847783,46.0855528652,51.2837372821,26.1,28.9,35.6666666667
17031190401,hypertension,hypertension,376,836,26.6,bphigh_crudeprev,0.0349,0,3,3,0,44.976076555,sum_annual_numerators_divided_by_sum_annual_denominators,18.376076555,18.376076555,intermediate,tertile,41.6381847783,46.0855528652,51.2837372821,26.1,28.9,35.6666666667
17031190402,copd,COPD,48,1144,6,copd_crudeprev,0.0412,0,3,3,0,4.1958041958,sum_annual_numerators_divided_by_sum_annual_denominators,-1.8041958042,1.8041958042,intermediate,tertile,4.28240740741,5.50351562789,6.59574468085,5.1,6.4,7.9
17031190402,hypertension,hypertension,467,1144,28.4,bphigh_crudeprev,0.0412,0,3,3,0,40.8216783217,sum_annual_numerators_divided_by_sum_annual_denominators,12.4216783217,12.4216783217,intermediate,tertile,41.6381847783,46.0855528652,51.2837372821,26.1,28.9,35.6666666667
17031190601,hypertension,hypertension,374,945,25.9,bphigh_crudeprev,0.0387,0,3,3,0,39.5767195767,sum_annual_numerators_divided_by_sum_annual_denominators,13.6767195767,13.6767195767,concordant_low,tertile,41.6381847783,46.0855528652,51.2837372821,26.1,28.9,35.6666666667
17031190602,hypertension,hypertension,553,1191,27.2,bphigh_crudeprev,0.0377,0,3,3,0,46.4315701092,sum_annual_numerators_divided_by_sum_annual_denominators,19.2315701092,19.2315701092,intermediate,tertile,41.6381847783,46.0855528652,51.2837372821,26.1,28.9,35.6666666667
17031190701,hypertension,hypertension,281,614,25.4,bphigh_crudeprev,0.0376,0,3,3,0,45.7654723127,sum_annual_numerators_divided_by_sum_annual_denominators,20.3654723127,20.3654723127,intermediate,tertile,41.6381847783,46.0855528652,51.2837372821,26.1,28.9,35.6666666667
17031190702,hypertension,hypertension,488,1038,28,bphigh_crudeprev,0.0368,0,3,3,0,47.0134874759,sum_annual_numerators_divided_by_sum_annual_denominators,19.0134874759,19.0134874759,intermediate,tertile,41.6381847783,46.0855528652,51.2837372821,26.1,28.9,35.6666666667
17031190800,copd,COPD,55,1551,5.1,copd_crudeprev,0.0399,0,3,3,0,3.54609929078,sum_annual_numerators_divided_by_sum_annual_denominators,-1.55390070922,1.55390070922,concordant_low,tertile,4.28240740741,5.50351562789,6.59574468085,5.1,6.4,7.9
17031190800,hypertension,hypertension,642,1551,27.7,bphigh_crudeprev,0.0399,0,3,3,0,41.3926499033,sum_annual_numerators_divided_by_sum_annual_denominators,13.6926499033,13.6926499033,intermediate,tertile,41.6381847783,46.0855528652,51.2837372821,26.1,28.9,35.6666666667
17031190900,hypertension,hypertension,226,492,28.2,bphigh_crudeprev,0.0463,0,3,3,0,45.9349593496,sum_annual_numerators_divided_by_sum_annual_denominators,17.7349593496,17.7349593496,intermediate,tertile,41.6381847783,46.0855528652,51.2837372821,26.1,28.9,35.6666666667
17031191000,hypertension,hypertension,246,551,26.6,bphigh_crudeprev,0.0355,0,3,3,0,44.6460980036,sum_annual_numerators_divided_by_sum_annual_denominators,18.0460980036,18.0460980036,intermediate,tertile,41.6381847783,46.0855528652,51.2837372821,26.1,28.9,35.6666666667
17031191100,copd,COPD,49,1720,6.3,copd_crudeprev,0.0461,0,3,3,0,2.8488372093,sum_annual_numerators_divided_by_sum_annual_denominators,-3.4511627907,3.4511627907,intermediate,tertile,4.28240740741,5.50351562789,6.59574468085,5.1,6.4,7.9
17031191100,hypertension,hypertension,743,1720,29.4,bphigh_crudeprev,0.0461,0,3,3,0,43.1976744186,sum_annual_numerators_divided_by_sum_annual_denominators,13.7976744186,13.7976744186,intermediate,tertile,41.6381847783,46.0855528652,51.2837372821,26.1,28.9,35.6666666667
17031191200,hypertension,hypertension,275,727,26.1,bphigh_crudeprev,0.0291,0,3,3,0,37.8266850069,sum_annual_numerators_divided_by_sum_annual_denominators,11.7266850069,11.7266850069,concordant_low,tertile,41.6381847783,46.0855528652,51.2837372821,26.1,28.9,35.6666666667
17031191301,copd,COPD,51,1331,5.1,copd_crudeprev,0.0461,0,3,3,0,3.8317054846,sum_annual_numerators_divided_by_sum_annual_denominators,-1.2682945154,1.2682945154,concordant_low,tertile,4.28240740741,5.50351562789,6.59574468085,5.1,6.4,7.9
17031191301,hypertension,hypertension,589,1331,28,bphigh_crudeprev,0.0461,0,3,3,0,44.2524417731,sum_annual_numerators_divided_by_sum_annual_denominators,16.2524417731,16.2524417731,intermediate,tertile,41.6381847783,46.0855528652,51.2837372821,26.1,28.9,35.6666666667
17031191302,hypertension,hypertension,533,1221,27.8,bphigh_crudeprev,0.0447,0,3,3,0,43.6527436527,sum_annual_numerators_divided_by_sum_annual_denominators,15.8527436527,15.8527436527,intermediate,tertile,41.6381847783,46.0855528652,51.2837372821,26.1,28.9,35.6666666667
17031200100,hypertension,hypertension,409,972,28.1,bphigh_crudeprev,0.0452,0,3,3,0,42.0781893004,sum_annual_numerators_divided_by_sum_annual_denominators,13.9781893004,13.9781893004,intermediate,tertile,41.6381847783,46.0855528652,51.2837372821,26.1,28.9,35.6666666667
17031200200,hypertension,hypertension,487,1161,26.8,bphigh_crudeprev,0.0441,0,3,3,0,41.9465977606,sum_annual_numerators_divided_by_sum_annual_denominators,15.1465977606,15.1465977606,intermediate,tertile,41.6381847783,46.0855528652,51.2837372821,26.1,28.9,35.6666666667
17031200300,hypertension,hypertension,207,496,26.5,bphigh_crudeprev,0.0478,0,3,3,0,41.7338709677,sum_annual_numerators_divided_by_sum_annual_denominators,15.2338709677,15.2338709677,intermediate,tertile,41.6381847783,46.0855528652,51.2837372821,26.1,28.9,35.6666666667
17031200401,hypertension,hypertension,359,871,26.9,bphigh_crudeprev,0.0471,0,3,3,0,41.2169919633,sum_annual_numerators_divided_by_sum_annual_denominators,14.3169919633,14.3169919633,intermediate,tertile,41.6381847783,46.0855528652,51.2837372821,26.1,28.9,35.6666666667
17031200402,hypertension,hypertension,458,973,25.8,bphigh_crudeprev,0.0322,0,3,3,0,47.0709146968,sum_annual_numerators_divided_by_sum_annual_denominators,21.2709146968,21.2709146968,intermediate,tertile,41.6381847783,46.0855528652,51.2837372821,26.1,28.9,35.6666666667
17031210100,copd,COPD,41,1284,3,copd_crudeprev,0.0543,0,3,3,0,3.19314641745,sum_annual_numerators_divided_by_sum_annual_denominators,0.193146417445,0.193146417445,concordant_low,tertile,4.28240740741,5.50351562789,6.59574468085,5.1,6.4,7.9
17031210100,hypertension,hypertension,473,1284,20.5,bphigh_crudeprev,0.0543,0,3,3,0,36.8380062305,sum_annual_numerators_divided_by_sum_annual_denominators,16.3380062305,16.3380062305,concordant_low,tertile,41.6381847783,46.0855528652,51.2837372821,26.1,28.9,35.6666666667
17031210400,hypertension,hypertension,283,656,28.1,bphigh_crudeprev,0.0405,0,3,3,0,43.1402439024,sum_annual_numerators_divided_by_sum_annual_denominators,15.0402439024,15.0402439024,intermediate,tertile,41.6381847783,46.0855528652,51.2837372821,26.1,28.9,35.6666666667
17031210501,hypertension,hypertension,319,811,24.5,bphigh_crudeprev,0.0503,0,3,3,0,39.3341553637,sum_annual_numerators_divided_by_sum_annual_denominators,14.8341553637,14.8341553637,concordant_low,tertile,41.6381847783,46.0855528652,51.2837372821,26.1,28.9,35.6666666667
17031210502,hypertension,hypertension,360,981,21.2,bphigh_crudeprev,0.0401,0,3,3,0,36.6972477064,sum_annual_numerators_divided_by_sum_annual_denominators,15.4972477064,15.4972477064,concordant_low,tertile,41.6381847783,46.0855528652,51.2837372821,26.1,28.9,35.6666666667
17031210601,hypertension,hypertension,261,703,24.2,bphigh_crudeprev,0.0465,0,3,3,0,37.1266002845,sum_annual_numerators_divided_by_sum_annual_denominators,12.9266002845,12.9266002845,concordant_low,tertile,41.6381847783,46.0855528652,51.2837372821,26.1,28.9,35.6666666667
17031210602,hypertension,hypertension,468,1158,21.3,bphigh_crudeprev,0.0455,0,3,3,0,40.414507772,sum_annual_numerators_divided_by_sum_annual_denominators,19.114507772,19.114507772,concordant_low,tertile,41.6381847783,46.0855528652,51.2837372821,26.1,28.9,35.6666666667
17031210700,hypertension,hypertension,410,1025,19,bphigh_crudeprev,0.0452,0,3,3,0,40,sum_annual_numerators_divided_by_sum_annual_denominators,21,21,concordant_low,tertile,41.6381847783,46.0855528652,51.2837372821,26.1,28.9,35.6666666667
17031210800,hypertension,hypertension,108,322,20,bphigh_crudeprev,0.0502,0,3,3,0,33.5403726708,sum_annual_numerators_divided_by_sum_annual_denominators,13.5403726708,13.5403726708,concordant_low,tertile,41.6381847783,46.0855528652,51.2837372821,26.1,28.9,35.6666666667
17031210900,hypertension,hypertension,354,944,20.7,bphigh_crudeprev,0.0594,0,3,3,0,37.5,sum_annual_numerators_divided_by_sum_annual_denominators,16.8,16.8,concordant_low,tertile,41.6381847783,46.0855528652,51.2837372821,26.1,28.9,35.6666666667
17031220300,hypertension,hypertension,205,669,17.9,bphigh_crudeprev,0.052,0,3,3,0,30.6427503737,sum_annual_numerators_divided_by_sum_annual_denominators,12.7427503737,12.7427503737,concordant_low,tertile,41.6381847783,46.0855528652,51.2837372821,26.1,28.9,35.6666666667
17031220400,hypertension,hypertension,292,899,20,bphigh_crudeprev,0.064,0,3,3,0,32.4805339266,sum_annual_numerators_divided_by_sum_annual_denominators,12.4805339266,12.4805339266,concordant_low,tertile,41.6381847783,46.0855528652,51.2837372821,26.1,28.9,35.6666666667
17031220500,hypertension,hypertension,319,1058,17.3,bphigh_crudeprev,0.0624,0,3,3,0,30.1512287335,sum_annual_numerators_divided_by_sum_annual_denominators,12.8512287335,12.8512287335,concordant_low,tertile,41.6381847783,46.0855528652,51.2837372821,26.1,28.9,35.6666666667
17031220601,hypertension,hypertension,162,424,17.5,bphigh_crudeprev,0.045,0,3,3,0,38.2075471698,sum_annual_numerators_divided_by_sum_annual_denominators,20.7075471698,20.7075471698,concordant_low,tertile,41.6381847783,46.0855528652,51.2837372821,26.1,28.9,35.6666666667
17031220602,hypertension,hypertension,424,1294,18.8,bphigh_crudeprev,0.0509,0,3,3,0,32.7666151468,sum_annual_numerators_divided_by_sum_annual_denominators,13.9666151468,13.9666151468,concordant_low,tertile,41.6381847783,46.0855528652,51.2837372821,26.1,28.9,35.6666666667
17031220701,hypertension,hypertension,271,756,20.1,bphigh_crudeprev,0.0463,0,3,3,0,35.8465608466,sum_annual_numerators_divided_by_sum_annual_denominators,15.7465608466,15.7465608466,concordant_low,tertile,41.6381847783,46.0855528652,51.2837372821,26.1,28.9,35.6666666667
17031220702,hypertension,hypertension,343,915,22.1,bphigh_crudeprev,0.0398,0,3,3,0,37.4863387978,sum_annual_numerators_divided_by_sum_annual_denominators,15.3863387978,15.3863387978,concordant_low,tertile,41.6381847783,46.0855528652,51.2837372821,26.1,28.9,35.6666666667
17031220901,hypertension,hypertension,340,786,25.4,bphigh_crudeprev,0.0512,0,3,3,0,43.2569974555,sum_annual_numerators_divided_by_sum_annual_denominators,17.8569974555,17.8569974555,intermediate,tertile,41.6381847783,46.0855528652,51.2837372821,26.1,28.9,35.6666666667
17031220902,hypertension,hypertension,307,825,24.5,bphigh_crudeprev,0.0428,0,3,3,0,37.2121212121,sum_annual_numerators_divided_by_sum_annual_denominators,12.7121212121,12.7121212121,concordant_low,tertile,41.6381847783,46.0855528652,51.2837372821,26.1,28.9,35.6666666667
17031221000,hypertension,hypertension,234,642,21,bphigh_crudeprev,0.0422,0,3,3,0,36.4485981308,sum_annual_numerators_divided_by_sum_annual_denominators,15.4485981308,15.4485981308,concordant_low,tertile,41.6381847783,46.0855528652,51.2837372821,26.1,28.9,35.6666666667
17031221100,hypertension,hypertension,489,1416,21.7,bphigh_crudeprev,0.0592,0,3,3,0,34.5338983051,sum_annual_numerators_divided_by_sum_annual_denominators,12.8338983051,12.8338983051,concordant_low,tertile,41.6381847783,46.0855528652,51.2837372821,26.1,28.9,35.6666666667
17031221200,hypertension,hypertension,219,756,17.7,bphigh_crudeprev,0.0442,0,3,3,0,28.9682539683,sum_annual_numerators_divided_by_sum_annual_denominators,11.2682539683,11.2682539683,concordant_low,tertile,41.6381847783,46.0855528652,51.2837372821,26.1,28.9,35.6666666667
17031221300,hypertension,hypertension,405,1067,17.2,bphigh_crudeprev,0.0664,0,3,3,0,37.9568884724,sum_annual_numerators_divided_by_sum_annual_denominators,20.7568884724,20.7568884724,concordant_low,tertile,41.6381847783,46.0855528652,51.2837372821,26.1,28.9,35.6666666667
17031221400,hypertension,hypertension,323,1015,17,bphigh_crudeprev,0.0651,0,3,3,0,31.8226600985,sum_annual_numerators_divided_by_sum_annual_denominators,14.8226600985,14.8226600985,concordant_low,tertile,41.6381847783,46.0855528652,51.2837372821,26.1,28.9,35.6666666667
17031221500,hypertension,hypertension,415,1059,22.9,bphigh_crudeprev,0.0659,0,3,3,0,39.1879131256,sum_annual_numerators_divided_by_sum_annual_denominators,16.2879131256,16.2879131256,concordant_low,tertile,41.6381847783,46.0855528652,51.2837372821,26.1,28.9,35.6666666667
17031221600,hypertension,hypertension,335,1211,16.4,bphigh_crudeprev,0.0665,0,3,3,0,27.6630883567,sum_annual_numerators_divided_by_sum_annual_denominators,11.2630883567,11.2630883567,concordant_low,tertile,41.6381847783,46.0855528652,51.2837372821,26.1,28.9,35.6666666667
17031222200,hypertension,hypertension,257,896,15.2,bphigh_crudeprev,0.0696,0,3,3,0,28.6830357143,sum_annual_numerators_divided_by_sum_annual_denominators,13.4830357143,13.4830357143,concordant_low,tertile,41.6381847783,46.0855528652,51.2837372821,26.1,28.9,35.6666666667
17031222500,hypertension,hypertension,182,507,16.4,bphigh_crudeprev,0.063,0,3,3,0,35.8974358974,sum_annual_numerators_divided_by_sum_annual_denominators,19.4974358974,19.4974358974,concordant_low,tertile,41.6381847783,46.0855528652,51.2837372821,26.1,28.9,35.6666666667
17031222600,hypertension,hypertension,168,453,18.8,bphigh_crudeprev,0.0523,0,3,3,0,37.0860927152,sum_annual_numerators_divided_by_sum_annual_denominators,18.2860927152,18.2860927152,concordant_low,tertile,41.6381847783,46.0855528652,51.2837372821,26.1,28.9,35.6666666667
17031222700,hypertension,hypertension,172,510,22.4,bphigh_crudeprev,0.0399,0,3,3,0,33.7254901961,sum_annual_numerators_divided_by_sum_annual_denominators,11.3254901961,11.3254901961,concordant_low,tertile,41.6381847783,46.0855528652,51.2837372821,26.1,28.9,35.6666666667
17031222800,hypertension,hypertension,92,251,23.3,bphigh_crudeprev,0.0396,0,3,3,0,36.6533864542,sum_annual_numerators_divided_by_sum_annual_denominators,13.3533864542,13.3533864542,concordant_low,tertile,41.6381847783,46.0855528652,51.2837372821,26.1,28.9,35.6666666667
17031222900,hypertension,hypertension,133,317,21,bphigh_crudeprev,0.0468,0,3,3,0,41.9558359621,sum_annual_numerators_divided_by_sum_annual_denominators,20.9558359621,20.9558359621,intermediate,tertile,41.6381847783,46.0855528652,51.2837372821,26.1,28.9,35.6666666667
17031230100,hypertension,hypertension,304,788,23.5,bphigh_crudeprev,0.0953,0,3,3,0,38.578680203,sum_annual_numerators_divided_by_sum_annual_denominators,15.078680203,15.078680203,concordant_low,tertile,41.6381847783,46.0855528652,51.2837372821,26.1,28.9,35.6666666667
17031230200,hypertension,hypertension,217,569,21.5,bphigh_crudeprev,0.0532,0,3,3,0,38.1370826011,sum_annual_numerators_divided_by_sum_annual_denominators,16.6370826011,16.6370826011,concordant_low,tertile,41.6381847783,46.0855528652,51.2837372821,26.1,28.9,35.6666666667
17031230300,hypertension,hypertension,105,297,24.3,bphigh_crudeprev,0.056,0,3,3,0,35.3535353535,sum_annual_numerators_divided_by_sum_annual_denominators,11.0535353535,11.0535353535,concordant_low,tertile,41.6381847783,46.0855528652,51.2837372821,26.1,28.9,35.6666666667
17031230400,hypertension,hypertension,319,697,27.6,bphigh_crudeprev,0.0552,0,3,3,0,45.7675753228,sum_annual_numerators_divided_by_sum_annual_denominators,18.1675753228,18.1675753228,intermediate,tertile,41.6381847783,46.0855528652,51.2837372821,26.1,28.9,35.6666666667
17031230500,hypertension,hypertension,387,907,30.7,bphigh_crudeprev,0.0536,0,3,3,0,42.6681367144,sum_annual_numerators_divided_by_sum_annual_denominators,11.9681367144,11.9681367144,intermediate,tertile,41.6381847783,46.0855528652,51.2837372821,26.1,28.9,35.6666666667
17031230600,copd,COPD,98,2117,7.8,copd_crudeprev,0.0506,0,3,3,0,4.62919225319,sum_annual_numerators_divided_by_sum_annual_denominators,-3.17080774681,3.17080774681,intermediate,tertile,4.28240740741,5.50351562789,6.59574468085,5.1,6.4,7.9
17031230600,hypertension,hypertension,938,2117,34.3,bphigh_crudeprev,0.0506,0,3,3,0,44.3079829948,sum_annual_numerators_divided_by_sum_annual_denominators,10.0079829948,10.0079829948,intermediate,tertile,41.6381847783,46.0855528652,51.2837372821,26.1,28.9,35.6666666667
17031230700,copd,COPD,62,1885,8.7,copd_crudeprev,0.0581,0,3,3,0,3.28912466844,sum_annual_numerators_divided_by_sum_annual_denominators,-5.41087533156,5.41087533156,public_high_ehr_not_high,tertile,4.28240740741,5.50351562789,6.59574468085,5.1,6.4,7.9
17031230700,hypertension,hypertension,786,1885,35.3,bphigh_crudeprev,0.0581,0,3,3,0,41.6976127321,sum_annual_numerators_divided_by_sum_annual_denominators,6.3976127321,6.3976127321,intermediate,tertile,41.6381847783,46.0855528652,51.2837372821,26.1,28.9,35.6666666667
17031230800,hypertension,hypertension,161,439,27.2,bphigh_crudeprev,0.0621,0,3,3,0,36.6742596811,sum_annual_numerators_divided_by_sum_annual_denominators,9.47425968109,9.47425968109,intermediate,tertile,41.6381847783,46.0855528652,51.2837372821,26.1,28.9,35.6666666667
17031230900,copd,COPD,49,1615,4,copd_crudeprev,0.0598,0,3,3,0,3.03405572755,sum_annual_numerators_divided_by_sum_annual_denominators,-0.965944272446,0.965944272446,concordant_low,tertile,4.28240740741,5.50351562789,6.59574468085,5.1,6.4,7.9
17031230900,hypertension,hypertension,676,1615,24.8,bphigh_crudeprev,0.0598,0,3,3,0,41.8575851393,sum_annual_numerators_divided_by_sum_annual_denominators,17.0575851393,17.0575851393,intermediate,tertile,41.6381847783,46.0855528652,51.2837372821,26.1,28.9,35.6666666667
17031231100,copd,COPD,32,431,7.1,copd_crudeprev,0.0575,0,3,3,0,7.42459396752,sum_annual_numerators_divided_by_sum_annual_denominators,0.324593967517,0.324593967517,intermediate,tertile,4.28240740741,5.50351562789,6.59574468085,5.1,6.4,7.9
17031231100,hypertension,hypertension,233,431,36.2,bphigh_crudeprev,0.0575,0,3,3,0,54.060324826,sum_annual_numerators_divided_by_sum_annual_denominators,17.860324826,17.860324826,concordant_high,tertile,41.6381847783,46.0855528652,51.2837372821,26.1,28.9,35.6666666667
17031231200,copd,COPD,114,1983,9.5,copd_crudeprev,0.0888,0,3,3,0,5.74886535552,sum_annual_numerators_divided_by_sum_annual_denominators,-3.75113464448,3.75113464448,intermediate,tertile,4.28240740741,5.50351562789,6.59574468085,5.1,6.4,7.9
17031231200,hypertension,hypertension,978,1983,39.2,bphigh_crudeprev,0.0888,0,3,3,0,49.3192133132,sum_annual_numerators_divided_by_sum_annual_denominators,10.1192133132,10.1192133132,intermediate,tertile,41.6381847783,46.0855528652,51.2837372821,26.1,28.9,35.6666666667
17031231500,copd,COPD,261,2717,9.3,copd_crudeprev,0.1033,0,3,3,0,9.60618329039,sum_annual_numerators_divided_by_sum_annual_denominators,0.306183290394,0.306183290394,concordant_high,tertile,4.28240740741,5.50351562789,6.59574468085,5.1,6.4,7.9
17031231500,hypertension,hypertension,1476,2717,41.7,bphigh_crudeprev,0.1033,0,3,3,0,54.3246227457,sum_annual_numerators_divided_by_sum_annual_denominators,12.6246227457,12.6246227457,concordant_high,tertile,41.6381847783,46.0855528652,51.2837372821,26.1,28.9,35.6666666667
17031240200,hypertension,hypertension,198,674,19.6,bphigh_crudeprev,0.0638,0,3,3,0,29.3768545994,sum_annual_numerators_divided_by_sum_annual_denominators,9.77685459941,9.77685459941,concordant_low,tertile,41.6381847783,46.0855528652,51.2837372821,26.1,28.9,35.6666666667
17031240300,hypertension,hypertension,148,544,16.2,bphigh_crudeprev,0.0758,0,3,3,0,27.2058823529,sum_annual_numerators_divided_by_sum_annual_denominators,11.0058823529,11.0058823529,concordant_low,tertile,41.6381847783,46.0855528652,51.2837372821,26.1,28.9,35.6666666667
17031240500,hypertension,hypertension,224,989,13,bphigh_crudeprev,0.0708,0,3,3,0,22.649140546,sum_annual_numerators_divided_by_sum_annual_denominators,9.64914054601,9.64914054601,concordant_low,tertile,41.6381847783,46.0855528652,51.2837372821,26.1,28.9,35.6666666667
17031240600,hypertension,hypertension,191,553,17.1,bphigh_crudeprev,0.057,0,3,3,0,34.5388788427,sum_annual_numerators_divided_by_sum_annual_denominators,17.4388788427,17.4388788427,concordant_low,tertile,41.6381847783,46.0855528652,51.2837372821,26.1,28.9,35.6666666667
17031240700,hypertension,hypertension,157,480,20.6,bphigh_crudeprev,0.0522,0,3,3,0,32.7083333333,sum_annual_numerators_divided_by_sum_annual_denominators,12.1083333333,12.1083333333,concordant_low,tertile,41.6381847783,46.0855528652,51.2837372821,26.1,28.9,35.6666666667
17031240800,hypertension,hypertension,188,567,20.4,bphigh_crudeprev,0.0663,0,3,3,0,33.1569664903,sum_annual_numerators_divided_by_sum_annual_denominators,12.7569664903,12.7569664903,concordant_low,tertile,41.6381847783,46.0855528652,51.2837372821,26.1,28.9,35.6666666667
17031240900,hypertension,hypertension,227,496,23.6,bphigh_crudeprev,0.0844,0,3,3,0,45.7661290323,sum_annual_numerators_divided_by_sum_annual_denominators,22.1661290323,22.1661290323,intermediate,tertile,41.6381847783,46.0855528652,51.2837372821,26.1,28.9,35.6666666667
17031241000,copd,COPD,44,838,3.2,copd_crudeprev,0.0872,0,3,3,0,5.25059665871,sum_annual_numerators_divided_by_sum_annual_denominators,2.05059665871,2.05059665871,intermediate,tertile,4.28240740741,5.50351562789,6.59574468085,5.1,6.4,7.9
17031241000,hypertension,hypertension,353,838,21.6,bphigh_crudeprev,0.0872,0,3,3,0,42.1241050119,sum_annual_numerators_divided_by_sum_annual_denominators,20.5241050119,20.5241050119,intermediate,tertile,41.6381847783,46.0855528652,51.2837372821,26.1,28.9,35.6666666667
17031241100,copd,COPD,44,1210,3.2,copd_crudeprev,0.0641,0,3,3,0,3.63636363636,sum_annual_numerators_divided_by_sum_annual_denominators,0.436363636364,0.436363636364,concordant_low,tertile,4.28240740741,5.50351562789,6.59574468085,5.1,6.4,7.9
17031241100,hypertension,hypertension,419,1210,19.1,bphigh_crudeprev,0.0641,0,3,3,0,34.6280991736,sum_annual_numerators_divided_by_sum_annual_denominators,15.5280991736,15.5280991736,concordant_low,tertile,41.6381847783,46.0855528652,51.2837372821,26.1,28.9,35.6666666667
17031241200,hypertension,hypertension,222,682,17.4,bphigh_crudeprev,0.0767,0,3,3,0,32.5513196481,sum_annual_numerators_divided_by_sum_annual_denominators,15.1513196481,15.1513196481,concordant_low,tertile,41.6381847783,46.0855528652,51.2837372821,26.1,28.9,35.6666666667
17031241300,hypertension,hypertension,172,647,17.3,bphigh_crudeprev,0.0644,0,3,3,0,26.5842349304,sum_annual_numerators_divided_by_sum_annual_denominators,9.28423493045,9.28423493045,concordant_low,tertile,41.6381847783,46.0855528652,51.2837372821,26.1,28.9,35.6666666667
17031241400,hypertension,hypertension,595,1885,15.8,bphigh_crudeprev,0.0599,0,3,3,0,31.5649867374,sum_annual_numerators_divided_by_sum_annual_denominators,15.7649867374,15.7649867374,concordant_low,tertile,41.6381847783,46.0855528652,51.2837372821,26.1,28.9,35.6666666667
17031241500,hypertension,hypertension,312,1122,12.5,bphigh_crudeprev,0.0787,0,3,3,0,27.807486631,sum_annual_numerators_divided_by_sum_annual_denominators,15.307486631,15.307486631,concordant_low,tertile,41.6381847783,46.0855528652,51.2837372821,26.1,28.9,35.6666666667
17031241600,hypertension,hypertension,262,929,13.2,bphigh_crudeprev,0.0494,0,3,3,0,28.2023681378,sum_annual_numerators_divided_by_sum_annual_denominators,15.0023681378,15.0023681378,concordant_low,tertile,41.6381847783,46.0855528652,51.2837372821,26.1,28.9,35.6666666667
17031242000,copd,COPD,89,1781,2.5,copd_crudeprev,0.0821,0,3,3,0,4.99719258843,sum_annual_numerators_divided_by_sum_annual_denominators,2.49719258843,2.49719258843,intermediate,tertile,4.28240740741,5.50351562789,6.59574468085,5.1,6.4,7.9
17031242000,hypertension,hypertension,741,1781,20,bphigh_crudeprev,0.0821,0,3,3,0,41.6058394161,sum_annual_numerators_divided_by_sum_annual_denominators,21.6058394161,21.6058394161,concordant_low,tertile,41.6381847783,46.0855528652,51.2837372821,26.1,28.9,35.6666666667
17031242100,hypertension,hypertension,359,1436,14.2,bphigh_crudeprev,0.0689,0,3,3,0,25,sum_annual_numerators_divided_by_sum_annual_denominators,10.8,10.8,concordant_low,tertile,41.6381847783,46.0855528652,51.2837372821,26.1,28.9,35.6666666667
17031242200,hypertension,hypertension,365,1369,14,bphigh_crudeprev,0.0575,0,3,3,0,26.6617969321,sum_annual_numerators_divided_by_sum_annual_denominators,12.6617969321,12.6617969321,concordant_low,tertile,41.6381847783,46.0855528652,51.2837372821,26.1,28.9,35.6666666667
17031242300,copd,COPD,43,1286,2.8,copd_crudeprev,0.0717,0,3,3,0,3.34370139969,sum_annual_numerators_divided_by_sum_annual_denominators,0.543701399689,0.543701399689,concordant_low,tertile,4.28240740741,5.50351562789,6.59574468085,5.1,6.4,7.9
17031242300,hypertension,hypertension,433,1286,17.3,bphigh_crudeprev,0.0717,0,3,3,0,33.6702954899,sum_annual_numerators_divided_by_sum_annual_denominators,16.3702954899,16.3702954899,concordant_low,tertile,41.6381847783,46.0855528652,51.2837372821,26.1,28.9,35.6666666667
17031242400,hypertension,hypertension,327,967,17.1,bphigh_crudeprev,0.0521,0,3,3,0,33.8159255429,sum_annual_numerators_divided_by_sum_annual_denominators,16.7159255429,16.7159255429,concordant_low,tertile,41.6381847783,46.0855528652,51.2837372821,26.1,28.9,35.6666666667
17031242500,hypertension,hypertension,431,1139,20.7,bphigh_crudeprev,0.0607,0,3,3,0,37.8402107112,sum_annual_numerators_divided_by_sum_annual_denominators,17.1402107112,17.1402107112,concordant_low,tertile,41.6381847783,46.0855528652,51.2837372821,26.1,28.9,35.6666666667
17031242600,copd,COPD,38,1837,3.8,copd_crudeprev,0.0613,0,3,3,0,2.06859009254,sum_annual_numerators_divided_by_sum_annual_denominators,-1.73140990746,1.73140990746,concordant_low,tertile,4.28240740741,5.50351562789,6.59574468085,5.1,6.4,7.9
17031242600,hypertension,hypertension,680,1837,21.8,bphigh_crudeprev,0.0613,0,3,3,0,37.0168753402,sum_annual_numerators_divided_by_sum_annual_denominators,15.2168753402,15.2168753402,concordant_low,tertile,41.6381847783,46.0855528652,51.2837372821,26.1,28.9,35.6666666667
17031242700,hypertension,hypertension,278,699,24.6,bphigh_crudeprev,0.0668,0,3,3,0,39.7711015737,sum_annual_numerators_divided_by_sum_annual_denominators,15.1711015737,15.1711015737,concordant_low,tertile,41.6381847783,46.0855528652,51.2837372821,26.1,28.9,35.6666666667
17031242800,hypertension,hypertension,265,661,22.3,bphigh_crudeprev,0.0711,0,3,3,0,40.0907715582,sum_annual_numerators_divided_by_sum_annual_denominators,17.7907715582,17.7907715582,concordant_low,tertile,41.6381847783,46.0855528652,51.2837372821,26.1,28.9,35.6666666667
17031242900,hypertension,hypertension,298,802,19.4,bphigh_crudeprev,0.0808,0,3,3,0,37.1571072319,sum_annual_numerators_divided_by_sum_annual_denominators,17.7571072319,17.7571072319,concordant_low,tertile,41.6381847783,46.0855528652,51.2837372821,26.1,28.9,35.6666666667
17031243000,hypertension,hypertension,309,911,18.1,bphigh_crudeprev,0.0761,0,3,3,0,33.9187705818,sum_annual_numerators_divided_by_sum_annual_denominators,15.8187705818,15.8187705818,concordant_low,tertile,41.6381847783,46.0855528652,51.2837372821,26.1,28.9,35.6666666667
17031243100,hypertension,hypertension,373,1026,18.7,bphigh_crudeprev,0.0844,0,3,3,0,36.3547758285,sum_annual_numerators_divided_by_sum_annual_denominators,17.6547758285,17.6547758285,concordant_low,tertile,41.6381847783,46.0855528652,51.2837372821,26.1,28.9,35.6666666667
17031243200,hypertension,hypertension,389,1188,17.8,bphigh_crudeprev,0.0914,0,3,3,0,32.7441077441,sum_annual_numerators_divided_by_sum_annual_denominators,14.9441077441,14.9441077441,concordant_low,tertile,41.6381847783,46.0855528652,51.2837372821,26.1,28.9,35.6666666667
17031243300,hypertension,hypertension,291,1010,15.4,bphigh_crudeprev,0.0799,0,3,3,0,28.8118811881,sum_annual_numerators_divided_by_sum_annual_denominators,13.4118811881,13.4118811881,concordant_low,tertile,41.6381847783,46.0855528652,51.2837372821,26.1,28.9,35.6666666667
17031243400,copd,COPD,36,1323,2.7,copd_crudeprev,0.0812,0,3,3,0,2.72108843537,sum_annual_numerators_divided_by_sum_annual_denominators,0.0210884353741,0.0210884353741,concordant_low,tertile,4.28240740741,5.50351562789,6.59574468085,5.1,6.4,7.9
17031243400,hypertension,hypertension,470,1323,18.4,bphigh_crudeprev,0.0812,0,3,3,0,35.5253212396,sum_annual_numerators_divided_by_sum_annual_denominators,17.1253212396,17.1253212396,concordant_low,tertile,41.6381847783,46.0855528652,51.2837372821,26.1,28.9,35.6666666667
17031243500,copd,COPD,58,2034,1.8,copd_crudeprev,0.0831,0,3,3,0,2.85152409046,sum_annual_numerators_divided_by_sum_annual_denominators,1.05152409046,1.05152409046,concordant_low,tertile,4.28240740741,5.50351562789,6.59574468085,5.1,6.4,7.9
17031243500,hypertension,hypertension,646,2034,14.4,bphigh_crudeprev,0.0831,0,3,3,0,31.7600786627,sum_annual_numerators_divided_by_sum_annual_denominators,17.3600786627,17.3600786627,concordant_low,tertile,41.6381847783,46.0855528652,51.2837372821,26.1,28.9,35.6666666667
17031250200,copd,COPD,41,931,7.4,copd_crudeprev,0.0757,0,3,3,0,4.40386680988,sum_annual_numerators_divided_by_sum_annual_denominators,-2.99613319012,2.99613319012,intermediate,tertile,4.28240740741,5.50351562789,6.59574468085,5.1,6.4,7.9
17031250200,hypertension,hypertension,529,931,37.6,bphigh_crudeprev,0.0757,0,3,3,0,56.820622986,sum_annual_numerators_divided_by_sum_annual_denominators,19.220622986,19.220622986,concordant_high,tertile,41.6381847783,46.0855528652,51.2837372821,26.1,28.9,35.6666666667
17031250300,copd,COPD,100,1990,7.8,copd_crudeprev,0.0915,0,3,3,0,5.02512562814,sum_annual_numerators_divided_by_sum_annual_denominators,-2.77487437186,2.77487437186,intermediate,tertile,4.28240740741,5.50351562789,6.59574468085,5.1,6.4,7.9
17031250300,hypertension,hypertension,1167,1990,38,bphigh_crudeprev,0.0915,0,3,3,0,58.6432160804,sum_annual_numerators_divided_by_sum_annual_denominators,20.6432160804,20.6432160804,concordant_high,tertile,41.6381847783,46.0855528652,51.2837372821,26.1,28.9,35.6666666667
17031250400,copd,COPD,157,2613,8.6,copd_crudeprev,0.115,0,3,3,0,6.00841944126,sum_annual_numerators_divided_by_sum_annual_denominators,-2.59158055874,2.59158055874,intermediate,tertile,4.28240740741,5.50351562789,6.59574468085,5.1,6.4,7.9
17031250400,hypertension,hypertension,1564,2613,42.2,bphigh_crudeprev,0.115,0,3,3,0,59.8545732874,sum_annual_numerators_divided_by_sum_annual_denominators,17.6545732874,17.6545732874,concordant_high,tertile,41.6381847783,46.0855528652,51.2837372821,26.1,28.9,35.6666666667
17031250500,copd,COPD,139,3274,5.1,copd_crudeprev,0.0853,0,3,3,0,4.24557116677,sum_annual_numerators_divided_by_sum_annual_denominators,-0.854428833232,0.854428833232,concordant_low,tertile,4.28240740741,5.50351562789,6.59574468085,5.1,6.4,7.9
17031250500,hypertension,hypertension,1776,3274,32.4,bphigh_crudeprev,0.0853,0,3,3,0,54.2455711668,sum_annual_numerators_divided_by_sum_annual_denominators,21.8455711668,21.8455711668,intermediate,tertile,41.6381847783,46.0855528652,51.2837372821,26.1,28.9,35.6666666667
17031250600,copd,COPD,114,2218,7.7,copd_crudeprev,0.1455,0,3,3,0,5.13976555455,sum_annual_numerators_divided_by_sum_annual_denominators,-2.56023444545,2.56023444545,intermediate,tertile,4.28240740741,5.50351562789,6.59574468085,5.1,6.4,7.9
17031250600,hypertension,hypertension,1343,2218,42.9,bphigh_crudeprev,0.1455,0,3,3,0,60.5500450857,sum_annual_numerators_divided_by_sum_annual_denominators,17.6500450857,17.6500450857,concordant_high,tertile,41.6381847783,46.0855528652,51.2837372821,26.1,28.9,35.6666666667
17031250700,copd,COPD,228,2752,10.5,copd_crudeprev,0.1147,0,3,3,0,8.28488372093,sum_annual_numerators_divided_by_sum_annual_denominators,-2.21511627907,2.21511627907,concordant_high,tertile,4.28240740741,5.50351562789,6.59574468085,5.1,6.4,7.9
17031250700,hypertension,hypertension,1699,2752,45.3,bphigh_crudeprev,0.1147,0,3,3,0,61.7369186047,sum_annual_numerators_divided_by_sum_annual_denominators,16.4369186047,16.4369186047,concordant_high,tertile,41.6381847783,46.0855528652,51.2837372821,26.1,28.9,35.6666666667
17031250800,copd,COPD,84,1310,8,copd_crudeprev,0.1218,0,3,3,0,6.41221374046,sum_annual_numerators_divided_by_sum_annual_denominators,-1.58778625954,1.58778625954,intermediate,tertile,4.28240740741,5.50351562789,6.59574468085,5.1,6.4,7.9
17031250800,hypertension,hypertension,776,1310,40.8,bphigh_crudeprev,0.1218,0,3,3,0,59.2366412214,sum_annual_numerators_divided_by_sum_annual_denominators,18.4366412214,18.4366412214,concordant_high,tertile,41.6381847783,46.0855528652,51.2837372821,26.1,28.9,35.6666666667
17031251000,hypertension,hypertension,313,553,42.7,bphigh_crudeprev,0.1029,0,3,3,0,56.6003616637,sum_annual_numerators_divided_by_sum_annual_denominators,13.9003616637,13.9003616637,concordant_high,tertile,41.6381847783,46.0855528652,51.2837372821,26.1,28.9,35.6666666667
17031251100,copd,COPD,177,2002,9.8,copd_crudeprev,0.1223,0,3,3,0,8.84115884116,sum_annual_numerators_divided_by_sum_annual_denominators,-0.958841158841,0.958841158841,concordant_high,tertile,4.28240740741,5.50351562789,6.59574468085,5.1,6.4,7.9
17031251100,hypertension,hypertension,1196,2002,43.2,bphigh_crudeprev,0.1223,0,3,3,0,59.7402597403,sum_annual_numerators_divided_by_sum_annual_denominators,16.5402597403,16.5402597403,concordant_high,tertile,41.6381847783,46.0855528652,51.2837372821,26.1,28.9,35.6666666667
17031251200,copd,COPD,103,2192,7.3,copd_crudeprev,0.1254,0,3,3,0,4.69890510949,sum_annual_numerators_divided_by_sum_annual_denominators,-2.60109489051,2.60109489051,intermediate,tertile,4.28240740741,5.50351562789,6.59574468085,5.1,6.4,7.9
17031251200,hypertension,hypertension,1345,2192,40.1,bphigh_crudeprev,0.1254,0,3,3,0,61.3594890511,sum_annual_numerators_divided_by_sum_annual_denominators,21.2594890511,21.2594890511,concordant_high,tertile,41.6381847783,46.0855528652,51.2837372821,26.1,28.9,35.6666666667
17031251300,copd,COPD,179,2325,7.5,copd_crudeprev,0.1496,0,3,3,0,7.69892473118,sum_annual_numerators_divided_by_sum_annual_denominators,0.198924731183,0.198924731183,intermediate,tertile,4.28240740741,5.50351562789,6.59574468085,5.1,6.4,7.9
17031251300,hypertension,hypertension,1412,2325,40.4,bphigh_crudeprev,0.1496,0,3,3,0,60.7311827957,sum_annual_numerators_divided_by_sum_annual_denominators,20.3311827957,20.3311827957,concordant_high,tertile,41.6381847783,46.0855528652,51.2837372821,26.1,28.9,35.6666666667
17031251400,copd,COPD,200,2074,10.9,copd_crudeprev,0.185,0,3,3,0,9.64320154291,sum_annual_numerators_divided_by_sum_annual_denominators,-1.25679845709,1.25679845709,concordant_high,tertile,4.28240740741,5.50351562789,6.59574468085,5.1,6.4,7.9
17031251400,hypertension,hypertension,1285,2074,47.3,bphigh_crudeprev,0.185,0,3,3,0,61.9575699132,sum_annual_numerators_divided_by_sum_annual_denominators,14.6575699132,14.6575699132,concordant_high,tertile,41.6381847783,46.0855528652,51.2837372821,26.1,28.9,35.6666666667
17031251500,copd,COPD,176,1935,7.8,copd_crudeprev,0.1144,0,3,3,0,9.09560723514,sum_annual_numerators_divided_by_sum_annual_denominators,1.29560723514,1.29560723514,intermediate,tertile,4.28240740741,5.50351562789,6.59574468085,5.1,6.4,7.9
17031251500,hypertension,hypertension,1100,1935,40.1,bphigh_crudeprev,0.1144,0,3,3,0,56.8475452196,sum_annual_numerators_divided_by_sum_annual_denominators,16.7475452196,16.7475452196,concordant_high,tertile,41.6381847783,46.0855528652,51.2837372821,26.1,28.9,35.6666666667
17031251600,copd,COPD,125,1633,10.3,copd_crudeprev,0.0904,0,3,3,0,7.65462339253,sum_annual_numerators_divided_by_sum_annual_denominators,-2.64537660747,2.64537660747,concordant_high,tertile,4.28240740741,5.50351562789,6.59574468085,5.1,6.4,7.9
17031251600,hypertension,hypertension,1010,1633,44.1,bphigh_crudeprev,0.0904,0,3,3,0,61.8493570116,sum_annual_numerators_divided_by_sum_annual_denominators,17.7493570116,17.7493570116,concordant_high,tertile,41.6381847783,46.0855528652,51.2837372821,26.1,28.9,35.6666666667
17031251700,copd,COPD,42,650,6.8,copd_crudeprev,0.1352,0,3,3,0,6.46153846154,sum_annual_numerators_divided_by_sum_annual_denominators,-0.338461538462,0.338461538462,intermediate,tertile,4.28240740741,5.50351562789,6.59574468085,5.1,6.4,7.9
17031251700,hypertension,hypertension,354,650,36.9,bphigh_crudeprev,0.1352,0,3,3,0,54.4615384615,sum_annual_numerators_divided_by_sum_annual_denominators,17.5615384615,17.5615384615,concordant_high,tertile,41.6381847783,46.0855528652,51.2837372821,26.1,28.9,35.6666666667
17031251800,copd,COPD,176,2344,11.1,copd_crudeprev,0.1316,0,3,3,0,7.50853242321,sum_annual_numerators_divided_by_sum_annual_denominators,-3.59146757679,3.59146757679,concordant_high,tertile,4.28240740741,5.50351562789,6.59574468085,5.1,6.4,7.9
17031251800,hypertension,hypertension,1412,2344,45.8,bphigh_crudeprev,0.1316,0,3,3,0,60.2389078498,sum_annual_numerators_divided_by_sum_annual_denominators,14.4389078498,14.4389078498,concordant_high,tertile,41.6381847783,46.0855528652,51.2837372821,26.1,28.9,35.6666666667
17031251900,copd,COPD,147,2213,10.4,copd_crudeprev,0.1268,0,3,3,0,6.6425666516,sum_annual_numerators_divided_by_sum_annual_denominators,-3.7574333484,3.7574333484,concordant_high,tertile,4.28240740741,5.50351562789,6.59574468085,5.1,6.4,7.9
17031251900,hypertension,hypertension,1223,2213,43.4,bphigh_crudeprev,0.1268,0,3,3,0,55.2643470402,sum_annual_numerators_divided_by_sum_annual_denominators,11.8643470402,11.8643470402,concordant_high,tertile,41.6381847783,46.0855528652,51.2837372821,26.1,28.9,35.6666666667
17031252000,copd,COPD,244,2761,10,copd_crudeprev,0.1393,0,3,3,0,8.83737776168,sum_annual_numerators_divided_by_sum_annual_denominators,-1.16262223832,1.16262223832,concordant_high,tertile,4.28240740741,5.50351562789,6.59574468085,5.1,6.4,7.9
17031252000,hypertension,hypertension,1603,2761,44.8,bphigh_crudeprev,0.1393,0,3,3,0,58.0586743933,sum_annual_numerators_divided_by_sum_annual_denominators,13.2586743933,13.2586743933,concordant_high,tertile,41.6381847783,46.0855528652,51.2837372821,26.1,28.9,35.6666666667
17031252101,copd,COPD,62,940,6.6,copd_crudeprev,0.1933,0,3,3,0,6.59574468085,sum_annual_numerators_divided_by_sum_annual_denominators,-0.00425531914894,0.00425531914894,intermediate,tertile,4.28240740741,5.50351562789,6.59574468085,5.1,6.4,7.9
17031252101,hypertension,hypertension,621,940,40.8,bphigh_crudeprev,0.1933,0,3,3,0,66.0638297872,sum_annual_numerators_divided_by_sum_annual_denominators,25.2638297872,25.2638297872,concordant_high,tertile,41.6381847783,46.0855528652,51.2837372821,26.1,28.9,35.6666666667
17031252102,copd,COPD,258,3336,9.5,copd_crudeprev,0.1667,0,3,3,0,7.73381294964,sum_annual_numerators_divided_by_sum_annual_denominators,-1.76618705036,1.76618705036,concordant_high,tertile,4.28240740741,5.50351562789,6.59574468085,5.1,6.4,7.9
17031252102,hypertension,hypertension,2024,3336,45,bphigh_crudeprev,0.1667,0,3,3,0,60.6714628297,sum_annual_numerators_divided_by_sum_annual_denominators,15.6714628297,15.6714628297,concordant_high,tertile,41.6381847783,46.0855528652,51.2837372821,26.1,28.9,35.6666666667
17031252201,copd,COPD,138,1559,9.6,copd_crudeprev,0.1572,0,3,3,0,8.85182809493,sum_annual_numerators_divided_by_sum_annual_denominators,-0.748171905067,0.748171905067,concordant_high,tertile,4.28240740741,5.50351562789,6.59574468085,5.1,6.4,7.9
17031252201,hypertension,hypertension,956,1559,47.1,bphigh_crudeprev,0.1572,0,3,3,0,61.3213598461,sum_annual_numerators_divided_by_sum_annual_denominators,14.2213598461,14.2213598461,concordant_high,tertile,41.6381847783,46.0855528652,51.2837372821,26.1,28.9,35.6666666667
17031252202,copd,COPD,238,2495,8.7,copd_crudeprev,0.167,0,3,3,0,9.53907815631,sum_annual_numerators_divided_by_sum_annual_denominators,0.839078156313,0.839078156313,concordant_high,tertile,4.28240740741,5.50351562789,6.59574468085,5.1,6.4,7.9
17031252202,hypertension,hypertension,1499,2495,43.7,bphigh_crudeprev,0.167,0,3,3,0,60.0801603206,sum_annual_numerators_divided_by_sum_annual_denominators,16.3801603206,16.3801603206,concordant_high,tertile,41.6381847783,46.0855528652,51.2837372821,26.1,28.9,35.6666666667
17031260100,copd,COPD,84,823,12.9,copd_crudeprev,0.2247,0,3,3,0,10.2065613609,sum_annual_numerators_divided_by_sum_annual_denominators,-2.69343863913,2.69343863913,concordant_high,tertile,4.28240740741,5.50351562789,6.59574468085,5.1,6.4,7.9
17031260100,hypertension,hypertension,532,823,51.9,bphigh_crudeprev,0.2247,0,3,3,0,64.6415552855,sum_annual_numerators_divided_by_sum_annual_denominators,12.7415552855,12.7415552855,concordant_high,tertile,41.6381847783,46.0855528652,51.2837372821,26.1,28.9,35.6666666667
17031260200,hypertension,hypertension,279,553,41.6,bphigh_crudeprev,0.1223,0,3,3,0,50.452079566,sum_annual_numerators_divided_by_sum_annual_denominators,8.852079566,8.852079566,intermediate,tertile,41.6381847783,46.0855528652,51.2837372821,26.1,28.9,35.6666666667
17031260300,copd,COPD,77,722,9.6,copd_crudeprev,0.1325,0,3,3,0,10.6648199446,sum_annual_numerators_divided_by_sum_annual_denominators,1.0648199446,1.0648199446,concordant_high,tertile,4.28240740741,5.50351562789,6.59574468085,5.1,6.4,7.9
17031260300,hypertension,hypertension,416,722,43.9,bphigh_crudeprev,0.1325,0,3,3,0,57.6177285319,sum_annual_numerators_divided_by_sum_annual_denominators,13.7177285319,13.7177285319,concordant_high,tertile,41.6381847783,46.0855528652,51.2837372821,26.1,28.9,35.6666666667
17031260400,copd,COPD,43,655,15,copd_crudeprev,0.1199,0,3,3,0,6.56488549618,sum_annual_numerators_divided_by_sum_annual_denominators,-8.43511450382,8.43511450382,intermediate,tertile,4.28240740741,5.50351562789,6.59574468085,5.1,6.4,7.9
17031260400,hypertension,hypertension,369,655,50.2,bphigh_crudeprev,0.1199,0,3,3,0,56.3358778626,sum_annual_numerators_divided_by_sum_annual_denominators,6.1358778626,6.1358778626,concordant_high,tertile,41.6381847783,46.0855528652,51.2837372821,26.1,28.9,35.6666666667
17031260500,copd,COPD,65,826,10.2,copd_crudeprev,0.1637,0,3,3,0,7.86924939467,sum_annual_numerators_divided_by_sum_annual_denominators,-2.33075060533,2.33075060533,concordant_high,tertile,4.28240740741,5.50351562789,6.59574468085,5.1,6.4,7.9
17031260500,hypertension,hypertension,444,826,45.4,bphigh_crudeprev,0.1637,0,3,3,0,53.7530266344,sum_annual_numerators_divided_by_sum_annual_denominators,8.35302663438,8.35302663438,concordant_high,tertile,41.6381847783,46.0855528652,51.2837372821,26.1,28.9,35.6666666667
17031260600,copd,COPD,100,991,11.7,copd_crudeprev,0.1452,0,3,3,0,10.0908173562,sum_annual_numerators_divided_by_sum_annual_denominators,-1.60918264379,1.60918264379,concordant_high,tertile,4.28240740741,5.50351562789,6.59574468085,5.1,6.4,7.9
17031260600,hypertension,hypertension,538,991,44.7,bphigh_crudeprev,0.1452,0,3,3,0,54.2885973764,sum_annual_numerators_divided_by_sum_annual_denominators,9.58859737639,9.58859737639,concordant_high,tertile,41.6381847783,46.0855528652,51.2837372821,26.1,28.9,35.6666666667
17031260700,copd,COPD,106,957,10.7,copd_crudeprev,0.2151,0,3,3,0,11.0762800418,sum_annual_numerators_divided_by_sum_annual_denominators,0.376280041797,0.376280041797,concordant_high,tertile,4.28240740741,5.50351562789,6.59574468085,5.1,6.4,7.9
17031260700,hypertension,hypertension,566,957,43.8,bphigh_crudeprev,0.2151,0,3,3,0,59.1431556949,sum_annual_numerators_divided_by_sum_annual_denominators,15.3431556949,15.3431556949,concordant_high,tertile,41.6381847783,46.0855528652,51.2837372821,26.1,28.9,35.6666666667
17031260800,copd,COPD,117,1314,11.9,copd_crudeprev,0.2415,0,3,3,0,8.90410958904,sum_annual_numerators_divided_by_sum_annual_denominators,-2.99589041096,2.99589041096,concordant_high,tertile,4.28240740741,5.50351562789,6.59574468085,5.1,6.4,7.9
17031260800,hypertension,hypertension,794,1314,47.8,bphigh_crudeprev,0.2415,0,3,3,0,60.4261796043,sum_annual_numerators_divided_by_sum_annual_denominators,12.6261796043,12.6261796043,concordant_high,tertile,41.6381847783,46.0855528652,51.2837372821,26.1,28.9,35.6666666667
17031260900,copd,COPD,53,764,12,copd_crudeprev,0.1924,0,3,3,0,6.93717277487,sum_annual_numerators_divided_by_sum_annual_denominators,-5.06282722513,5.06282722513,concordant_high,tertile,4.28240740741,5.50351562789,6.59574468085,5.1,6.4,7.9
17031260900,hypertension,hypertension,416,764,47.4,bphigh_crudeprev,0.1924,0,3,3,0,54.4502617801,sum_annual_numerators_divided_by_sum_annual_denominators,7.0502617801,7.0502617801,concordant_high,tertile,41.6381847783,46.0855528652,51.2837372821,26.1,28.9,35.6666666667
17031261000,copd,COPD,75,1054,9.3,copd_crudeprev,0.1606,0,3,3,0,7.11574952562,sum_annual_numerators_divided_by_sum_annual_denominators,-2.18425047438,2.18425047438,concordant_high,tertile,4.28240740741,5.50351562789,6.59574468085,5.1,6.4,7.9
17031261000,hypertension,hypertension,646,1054,43.7,bphigh_crudeprev,0.1606,0,3,3,0,61.2903225806,sum_annual_numerators_divided_by_sum_annual_denominators,17.5903225806,17.5903225806,concordant_high,tertile,41.6381847783,46.0855528652,51.2837372821,26.1,28.9,35.6666666667
17031270500,copd,COPD,67,733,15.7,copd_crudeprev,0.1631,0,3,3,0,9.14051841746,sum_annual_numerators_divided_by_sum_annual_denominators,-6.55948158254,6.55948158254,concordant_high,tertile,4.28240740741,5.50351562789,6.59574468085,5.1,6.4,7.9
17031270500,hypertension,hypertension,452,733,50.2,bphigh_crudeprev,0.1631,0,3,3,0,61.6643929059,sum_annual_numerators_divided_by_sum_annual_denominators,11.4643929059,11.4643929059,concordant_high,tertile,41.6381847783,46.0855528652,51.2837372821,26.1,28.9,35.6666666667
17031271200,copd,COPD,53,781,8.9,copd_crudeprev,0.1703,0,3,3,0,6.7861715749,sum_annual_numerators_divided_by_sum_annual_denominators,-2.1138284251,2.1138284251,concordant_high,tertile,4.28240740741,5.50351562789,6.59574468085,5.1,6.4,7.9
17031271200,hypertension,hypertension,461,781,41.9,bphigh_crudeprev,0.1703,0,3,3,0,59.0268886044,sum_annual_numerators_divided_by_sum_annual_denominators,17.1268886044,17.1268886044,concordant_high,tertile,41.6381847783,46.0855528652,51.2837372821,26.1,28.9,35.6666666667
17031271300,hypertension,hypertension,304,529,37.6,bphigh_crudeprev,0.1715,0,3,3,0,57.4669187146,sum_annual_numerators_divided_by_sum_annual_denominators,19.8669187146,19.8669187146,concordant_high,tertile,41.6381847783,46.0855528652,51.2837372821,26.1,28.9,35.6666666667
17031271400,copd,COPD,54,781,9.2,copd_crudeprev,0.1459,0,3,3,0,6.91421254802,sum_annual_numerators_divided_by_sum_annual_denominators,-2.28578745198,2.28578745198,concordant_high,tertile,4.28240740741,5.50351562789,6.59574468085,5.1,6.4,7.9
17031271400,hypertension,hypertension,487,781,42.6,bphigh_crudeprev,0.1459,0,3,3,0,62.3559539052,sum_annual_numerators_divided_by_sum_annual_denominators,19.7559539052,19.7559539052,concordant_high,tertile,41.6381847783,46.0855528652,51.2837372821,26.1,28.9,35.6666666667
17031271500,copd,COPD,62,785,7.9,copd_crudeprev,0.158,0,3,3,0,7.89808917197,sum_annual_numerators_divided_by_sum_annual_denominators,-0.00191082802548,0.00191082802548,concordant_high,tertile,4.28240740741,5.50351562789,6.59574468085,5.1,6.4,7.9
17031271500,hypertension,hypertension,473,785,41.6,bphigh_crudeprev,0.158,0,3,3,0,60.2547770701,sum_annual_numerators_divided_by_sum_annual_denominators,18.6547770701,18.6547770701,concordant_high,tertile,41.6381847783,46.0855528652,51.2837372821,26.1,28.9,35.6666666667
17031271800,hypertension,hypertension,261,490,32.1,bphigh_crudeprev,0.1794,0,3,3,0,53.2653061224,sum_annual_numerators_divided_by_sum_annual_denominators,21.1653061224,21.1653061224,intermediate,tertile,41.6381847783,46.0855528652,51.2837372821,26.1,28.9,35.6666666667
17031280100,copd,COPD,259,7085,1.6,copd_crudeprev,0.1736,0,3,3,0,3.6556104446,sum_annual_numerators_divided_by_sum_annual_denominators,2.0556104446,2.0556104446,concordant_low,tertile,4.28240740741,5.50351562789,6.59574468085,5.1,6.4,7.9
17031280100,hypertension,hypertension,2855,7085,13.8,bphigh_crudeprev,0.1736,0,3,3,0,40.2964008469,sum_annual_numerators_divided_by_sum_annual_denominators,26.4964008469,26.4964008469,concordant_low,tertile,41.6381847783,46.0855528652,51.2837372821,26.1,28.9,35.6666666667
17031280400,copd,COPD,91,867,7.8,copd_crudeprev,0.1777,0,3,3,0,10.4959630911,sum_annual_numerators_divided_by_sum_annual_denominators,2.69596309112,2.69596309112,intermediate,tertile,4.28240740741,5.50351562789,6.59574468085,5.1,6.4,7.9
17031280400,hypertension,hypertension,474,867,38.3,bphigh_crudeprev,0.1777,0,3,3,0,54.6712802768,sum_annual_numerators_divided_by_sum_annual_denominators,16.3712802768,16.3712802768,concordant_high,tertile,41.6381847783,46.0855528652,51.2837372821,26.1,28.9,35.6666666667
17031280800,copd,COPD,107,886,8.1,copd_crudeprev,0.2455,0,3,3,0,12.0767494357,sum_annual_numerators_divided_by_sum_annual_denominators,3.97674943567,3.97674943567,concordant_high,tertile,4.28240740741,5.50351562789,6.59574468085,5.1,6.4,7.9
17031280800,hypertension,hypertension,539,886,39.9,bphigh_crudeprev,0.2455,0,3,3,0,60.835214447,sum_annual_numerators_divided_by_sum_annual_denominators,20.935214447,20.935214447,concordant_high,tertile,41.6381847783,46.0855528652,51.2837372821,26.1,28.9,35.6666666667
17031280900,copd,COPD,60,795,4.5,copd_crudeprev,0.2052,0,3,3,0,7.54716981132,sum_annual_numerators_divided_by_sum_annual_denominators,3.04716981132,3.04716981132,ehr_high_public_not_high,tertile,4.28240740741,5.50351562789,6.59574468085,5.1,6.4,7.9
17031280900,hypertension,hypertension,391,795,29.6,bphigh_crudeprev,0.2052,0,3,3,0,49.1823899371,sum_annual_numerators_divided_by_sum_annual_denominators,19.5823899371,19.5823899371,intermediate,tertile,41.6381847783,46.0855528652,51.2837372821,26.1,28.9,35.6666666667
17031281900,copd,COPD,52,2519,1.6,copd_crudeprev,0.0811,0,3,3,0,2.06431123462,sum_annual_numerators_divided_by_sum_annual_denominators,0.464311234617,0.464311234617,concordant_low,tertile,4.28240740741,5.50351562789,6.59574468085,5.1,6.4,7.9
17031281900,hypertension,hypertension,825,2519,13.4,bphigh_crudeprev,0.0811,0,3,3,0,32.7510917031,sum_annual_numerators_divided_by_sum_annual_denominators,19.3510917031,19.3510917031,concordant_low,tertile,41.6381847783,46.0855528652,51.2837372821,26.1,28.9,35.6666666667
17031282700,copd,COPD,70,1518,3,copd_crudeprev,0.1535,0,3,3,0,4.61133069829,sum_annual_numerators_divided_by_sum_annual_denominators,1.61133069829,1.61133069829,intermediate,tertile,4.28240740741,5.50351562789,6.59574468085,5.1,6.4,7.9
17031282700,hypertension,hypertension,707,1518,22,bphigh_crudeprev,0.1535,0,3,3,0,46.5744400527,sum_annual_numerators_divided_by_sum_annual_denominators,24.5744400527,24.5744400527,intermediate,tertile,41.6381847783,46.0855528652,51.2837372821,26.1,28.9,35.6666666667
17031282800,hypertension,hypertension,451,926,22.8,bphigh_crudeprev,0.1073,0,3,3,0,48.7041036717,sum_annual_numerators_divided_by_sum_annual_denominators,25.9041036717,25.9041036717,intermediate,tertile,41.6381847783,46.0855528652,51.2837372821,26.1,28.9,35.6666666667
17031283100,copd,COPD,85,1578,4.6,copd_crudeprev,0.1334,0,3,3,0,5.3865652725,sum_annual_numerators_divided_by_sum_annual_denominators,0.786565272497,0.786565272497,intermediate,tertile,4.28240740741,5.50351562789,6.59574468085,5.1,6.4,7.9
17031283100,hypertension,hypertension,808,1578,24.1,bphigh_crudeprev,0.1334,0,3,3,0,51.2040557668,sum_annual_numerators_divided_by_sum_annual_denominators,27.1040557668,27.1040557668,intermediate,tertile,41.6381847783,46.0855528652,51.2837372821,26.1,28.9,35.6666666667
17031283200,copd,COPD,65,1127,3.8,copd_crudeprev,0.1551,0,3,3,0,5.76752440106,sum_annual_numerators_divided_by_sum_annual_denominators,1.96752440106,1.96752440106,intermediate,tertile,4.28240740741,5.50351562789,6.59574468085,5.1,6.4,7.9
17031283200,hypertension,hypertension,554,1127,24.6,bphigh_crudeprev,0.1551,0,3,3,0,49.157054126,sum_annual_numerators_divided_by_sum_annual_denominators,24.557054126,24.557054126,intermediate,tertile,41.6381847783,46.0855528652,51.2837372821,26.1,28.9,35.6666666667
17031283800,copd,COPD,144,1923,5.4,copd_crudeprev,0.1353,0,3,3,0,7.48829953198,sum_annual_numerators_divided_by_sum_annual_denominators,2.08829953198,2.08829953198,ehr_high_public_not_high,tertile,4.28240740741,5.50351562789,6.59574468085,5.1,6.4,7.9
17031283800,hypertension,hypertension,968,1923,30.4,bphigh_crudeprev,0.1353,0,3,3,0,50.3380135205,sum_annual_numerators_divided_by_sum_annual_denominators,19.9380135205,19.9380135205,intermediate,tertile,41.6381847783,46.0855528652,51.2837372821,26.1,28.9,35.6666666667
17031290900,copd,COPD,116,1813,9.5,copd_crudeprev,0.1425,0,3,3,0,6.39823496966,sum_annual_numerators_divided_by_sum_annual_denominators,-3.10176503034,3.10176503034,intermediate,tertile,4.28240740741,5.50351562789,6.59574468085,5.1,6.4,7.9
17031290900,hypertension,hypertension,946,1813,42.4,bphigh_crudeprev,0.1425,0,3,3,0,52.1787093216,sum_annual_numerators_divided_by_sum_annual_denominators,9.77870932157,9.77870932157,concordant_high,tertile,41.6381847783,46.0855528652,51.2837372821,26.1,28.9,35.6666666667
17031291200,copd,COPD,61,796,8.8,copd_crudeprev,0.1758,0,3,3,0,7.66331658291,sum_annual_numerators_divided_by_sum_annual_denominators,-1.13668341709,1.13668341709,concordant_high,tertile,4.28240740741,5.50351562789,6.59574468085,5.1,6.4,7.9
17031291200,hypertension,hypertension,436,796,40.3,bphigh_crudeprev,0.1758,0,3,3,0,54.7738693467,sum_annual_numerators_divided_by_sum_annual_denominators,14.4738693467,14.4738693467,concordant_high,tertile,41.6381847783,46.0855528652,51.2837372821,26.1,28.9,35.6666666667
17031291600,hypertension,hypertension,149,363,26.4,bphigh_crudeprev,0.0385,0,3,3,0,41.0468319559,sum_annual_numerators_divided_by_sum_annual_denominators,14.6468319559,14.6468319559,intermediate,tertile,41.6381847783,46.0855528652,51.2837372821,26.1,28.9,35.6666666667
17031292200,copd,COPD,99,980,8.6,copd_crudeprev,0.12,0,3,3,0,10.1020408163,sum_annual_numerators_divided_by_sum_annual_denominators,1.50204081633,1.50204081633,concordant_high,tertile,4.28240740741,5.50351562789,6.59574468085,5.1,6.4,7.9
17031292200,hypertension,hypertension,547,980,40.9,bphigh_crudeprev,0.12,0,3,3,0,55.8163265306,sum_annual_numerators_divided_by_sum_annual_denominators,14.9163265306,14.9163265306,concordant_high,tertile,41.6381847783,46.0855528652,51.2837372821,26.1,28.9,35.6666666667
17031292400,copd,COPD,67,828,8.8,copd_crudeprev,0.1237,0,3,3,0,8.09178743961,sum_annual_numerators_divided_by_sum_annual_denominators,-0.708212560386,0.708212560386,concordant_high,tertile,4.28240740741,5.50351562789,6.59574468085,5.1,6.4,7.9
17031292400,hypertension,hypertension,461,828,41.7,bphigh_crudeprev,0.1237,0,3,3,0,55.6763285024,sum_annual_numerators_divided_by_sum_annual_denominators,13.9763285024,13.9763285024,concordant_high,tertile,41.6381847783,46.0855528652,51.2837372821,26.1,28.9,35.6666666667
17031292500,copd,COPD,158,1723,8.1,copd_crudeprev,0.1329,0,3,3,0,9.17005223447,sum_annual_numerators_divided_by_sum_annual_denominators,1.07005223447,1.07005223447,concordant_high,tertile,4.28240740741,5.50351562789,6.59574468085,5.1,6.4,7.9
17031292500,hypertension,hypertension,1054,1723,42.6,bphigh_crudeprev,0.1329,0,3,3,0,61.1723737667,sum_annual_numerators_divided_by_sum_annual_denominators,18.5723737667,18.5723737667,concordant_high,tertile,41.6381847783,46.0855528652,51.2837372821,26.1,28.9,35.6666666667
17031300500,hypertension,hypertension,446,890,30.4,bphigh_crudeprev,0.0424,0,3,3,0,50.1123595506,sum_annual_numerators_divided_by_sum_annual_denominators,19.7123595506,19.7123595506,intermediate,tertile,41.6381847783,46.0855528652,51.2837372821,26.1,28.9,35.6666666667
17031300600,copd,COPD,46,1096,7.1,copd_crudeprev,0.0652,0,3,3,0,4.19708029197,sum_annual_numerators_divided_by_sum_annual_denominators,-2.90291970803,2.90291970803,intermediate,tertile,4.28240740741,5.50351562789,6.59574468085,5.1,6.4,7.9
17031300600,hypertension,hypertension,527,1096,31.7,bphigh_crudeprev,0.0652,0,3,3,0,48.0839416058,sum_annual_numerators_divided_by_sum_annual_denominators,16.3839416058,16.3839416058,intermediate,tertile,41.6381847783,46.0855528652,51.2837372821,26.1,28.9,35.6666666667
17031300700,copd,COPD,42,1045,4.9,copd_crudeprev,0.0379,0,3,3,0,4.01913875598,sum_annual_numerators_divided_by_sum_annual_denominators,-0.880861244019,0.880861244019,concordant_low,tertile,4.28240740741,5.50351562789,6.59574468085,5.1,6.4,7.9
17031300700,hypertension,hypertension,467,1045,27.1,bphigh_crudeprev,0.0379,0,3,3,0,44.6889952153,sum_annual_numerators_divided_by_sum_annual_denominators,17.5889952153,17.5889952153,intermediate,tertile,41.6381847783,46.0855528652,51.2837372821,26.1,28.9,35.6666666667
17031300800,hypertension,hypertension,515,1007,33.4,bphigh_crudeprev,0.0401,0,3,3,0,51.1420059583,sum_annual_numerators_divided_by_sum_annual_denominators,17.7420059583,17.7420059583,intermediate,tertile,41.6381847783,46.0855528652,51.2837372821,26.1,28.9,35.6666666667
17031300900,hypertension,hypertension,493,1101,29.9,bphigh_crudeprev,0.0494,0,3,3,0,44.7774750227,sum_annual_numerators_divided_by_sum_annual_denominators,14.8774750227,14.8774750227,intermediate,tertile,41.6381847783,46.0855528652,51.2837372821,26.1,28.9,35.6666666667
17031301100,hypertension,hypertension,298,668,27.7,bphigh_crudeprev,0.0462,0,3,3,0,44.6107784431,sum_annual_numerators_divided_by_sum_annual_denominators,16.9107784431,16.9107784431,intermediate,tertile,41.6381847783,46.0855528652,51.2837372821,26.1,28.9,35.6666666667
17031301200,copd,COPD,49,1343,5.5,copd_crudeprev,0.0545,0,3,3,0,3.64854802681,sum_annual_numerators_divided_by_sum_annual_denominators,-1.85145197319,1.85145197319,intermediate,tertile,4.28240740741,5.50351562789,6.59574468085,5.1,6.4,7.9
17031301200,hypertension,hypertension,567,1343,29.1,bphigh_crudeprev,0.0545,0,3,3,0,42.2189128816,sum_annual_numerators_divided_by_sum_annual_denominators,13.1189128816,13.1189128816,intermediate,tertile,41.6381847783,46.0855528652,51.2837372821,26.1,28.9,35.6666666667
17031301600,hypertension,hypertension,572,1162,31.1,bphigh_crudeprev,0.0569,0,3,3,0,49.2254733219,sum_annual_numerators_divided_by_sum_annual_denominators,18.1254733219,18.1254733219,intermediate,tertile,41.6381847783,46.0855528652,51.2837372821,26.1,28.9,35.6666666667
17031301701,copd,COPD,39,1164,4.8,copd_crudeprev,0.0463,0,3,3,0,3.35051546392,sum_annual_numerators_divided_by_sum_annual_denominators,-1.44948453608,1.44948453608,concordant_low,tertile,4.28240740741,5.50351562789,6.59574468085,5.1,6.4,7.9
17031301701,hypertension,hypertension,577,1164,27.9,bphigh_crudeprev,0.0463,0,3,3,0,49.5704467354,sum_annual_numerators_divided_by_sum_annual_denominators,21.6704467354,21.6704467354,intermediate,tertile,41.6381847783,46.0855528652,51.2837372821,26.1,28.9,35.6666666667
17031301702,hypertension,hypertension,513,1076,30.4,bphigh_crudeprev,0.0412,0,3,3,0,47.6765799257,sum_annual_numerators_divided_by_sum_annual_denominators,17.2765799257,17.2765799257,intermediate,tertile,41.6381847783,46.0855528652,51.2837372821,26.1,28.9,35.6666666667
17031301801,hypertension,hypertension,579,1107,27.6,bphigh_crudeprev,0.0403,0,3,3,0,52.3035230352,sum_annual_numerators_divided_by_sum_annual_denominators,24.7035230352,24.7035230352,ehr_high_public_not_high,tertile,41.6381847783,46.0855528652,51.2837372821,26.1,28.9,35.6666666667
17031301802,hypertension,hypertension,479,1073,29.9,bphigh_crudeprev,0.0709,0,3,3,0,44.6411929171,sum_annual_numerators_divided_by_sum_annual_denominators,14.7411929171,14.7411929171,intermediate,tertile,41.6381847783,46.0855528652,51.2837372821,26.1,28.9,35.6666666667
17031301803,copd,COPD,39,1358,4.1,copd_crudeprev,0.072,0,3,3,0,2.87187039764,sum_annual_numerators_divided_by_sum_annual_denominators,-1.22812960236,1.22812960236,concordant_low,tertile,4.28240740741,5.50351562789,6.59574468085,5.1,6.4,7.9
17031301803,hypertension,hypertension,651,1358,25.1,bphigh_crudeprev,0.072,0,3,3,0,47.9381443299,sum_annual_numerators_divided_by_sum_annual_denominators,22.8381443299,22.8381443299,intermediate,tertile,41.6381847783,46.0855528652,51.2837372821,26.1,28.9,35.6666666667
17031310200,copd,COPD,40,783,2.4,copd_crudeprev,0.0943,0,3,3,0,5.10855683269,sum_annual_numerators_divided_by_sum_annual_denominators,2.70855683269,2.70855683269,intermediate,tertile,4.28240740741,5.50351562789,6.59574468085,5.1,6.4,7.9
17031310200,hypertension,hypertension,363,783,19.2,bphigh_crudeprev,0.0943,0,3,3,0,46.3601532567,sum_annual_numerators_divided_by_sum_annual_denominators,27.1601532567,27.1601532567,intermediate,tertile,41.6381847783,46.0855528652,51.2837372821,26.1,28.9,35.6666666667
17031310300,copd,COPD,39,935,4.5,copd_crudeprev,0.0938,0,3,3,0,4.17112299465,sum_annual_numerators_divided_by_sum_annual_denominators,-0.328877005348,0.328877005348,concordant_low,tertile,4.28240740741,5.50351562789,6.59574468085,5.1,6.4,7.9
17031310300,hypertension,hypertension,440,935,25.3,bphigh_crudeprev,0.0938,0,3,3,0,47.0588235294,sum_annual_numerators_divided_by_sum_annual_denominators,21.7588235294,21.7588235294,intermediate,tertile,41.6381847783,46.0855528652,51.2837372821,26.1,28.9,35.6666666667
17031310400,hypertension,hypertension,303,679,20.4,bphigh_crudeprev,0.0768,0,3,3,0,44.6244477172,sum_annual_numerators_divided_by_sum_annual_denominators,24.2244477172,24.2244477172,intermediate,tertile,41.6381847783,46.0855528652,51.2837372821,26.1,28.9,35.6666666667
17031310500,hypertension,hypertension,297,697,23.7,bphigh_crudeprev,0.0745,0,3,3,0,42.6111908178,sum_annual_numerators_divided_by_sum_annual_denominators,18.9111908178,18.9111908178,intermediate,tertile,41.6381847783,46.0855528652,51.2837372821,26.1,28.9,35.6666666667
17031310600,copd,COPD,82,2412,3.5,copd_crudeprev,0.082,0,3,3,0,3.39966832504,sum_annual_numerators_divided_by_sum_annual_denominators,-0.100331674959,0.100331674959,concordant_low,tertile,4.28240740741,5.50351562789,6.59574468085,5.1,6.4,7.9
17031310600,hypertension,hypertension,1057,2412,22.9,bphigh_crudeprev,0.082,0,3,3,0,43.8225538972,sum_annual_numerators_divided_by_sum_annual_denominators,20.9225538972,20.9225538972,intermediate,tertile,41.6381847783,46.0855528652,51.2837372821,26.1,28.9,35.6666666667
17031310700,hypertension,hypertension,357,792,24.9,bphigh_crudeprev,0.0992,0,3,3,0,45.0757575758,sum_annual_numerators_divided_by_sum_annual_denominators,20.1757575758,20.1757575758,intermediate,tertile,41.6381847783,46.0855528652,51.2837372821,26.1,28.9,35.6666666667
17031310800,copd,COPD,82,1835,3.8,copd_crudeprev,0.0743,0,3,3,0,4.46866485014,sum_annual_numerators_divided_by_sum_annual_denominators,0.668664850136,0.668664850136,intermediate,tertile,4.28240740741,5.50351562789,6.59574468085,5.1,6.4,7.9
17031310800,hypertension,hypertension,834,1835,22.4,bphigh_crudeprev,0.0743,0,3,3,0,45.4495912807,sum_annual_numerators_divided_by_sum_annual_denominators,23.0495912807,23.0495912807,intermediate,tertile,41.6381847783,46.0855528652,51.2837372821,26.1,28.9,35.6666666667
17031310900,copd,COPD,51,2015,4.8,copd_crudeprev,0.0701,0,3,3,0,2.53101736973,sum_annual_numerators_divided_by_sum_annual_denominators,-2.26898263027,2.26898263027,concordant_low,tertile,4.28240740741,5.50351562789,6.59574468085,5.1,6.4,7.9
17031310900,hypertension,hypertension,912,2015,26,bphigh_crudeprev,0.0701,0,3,3,0,45.2605459057,sum_annual_numerators_divided_by_sum_annual_denominators,19.2605459057,19.2605459057,intermediate,tertile,41.6381847783,46.0855528652,51.2837372821,26.1,28.9,35.6666666667
17031320101,copd,COPD,232,6964,3.4,copd_crudeprev,0.1538,0,3,3,0,3.33141872487,sum_annual_numerators_divided_by_sum_annual_denominators,-0.0685812751292,0.0685812751292,concordant_low,tertile,4.28240740741,5.50351562789,6.59574468085,5.1,6.4,7.9
17031320101,hypertension,hypertension,3199,6964,24,bphigh_crudeprev,0.1538,0,3,3,0,45.9362435382,sum_annual_numerators_divided_by_sum_annual_denominators,21.9362435382,21.9362435382,intermediate,tertile,41.6381847783,46.0855528652,51.2837372821,26.1,28.9,35.6666666667
17031320102,copd,COPD,64,2342,2.6,copd_crudeprev,0.0876,0,3,3,0,2.73270708796,sum_annual_numerators_divided_by_sum_annual_denominators,0.132707087959,0.132707087959,concordant_low,tertile,4.28240740741,5.50351562789,6.59574468085,5.1,6.4,7.9
17031320102,hypertension,hypertension,916,2342,17.6,bphigh_crudeprev,0.0876,0,3,3,0,39.1118701964,sum_annual_numerators_divided_by_sum_annual_denominators,21.5118701964,21.5118701964,concordant_low,tertile,41.6381847783,46.0855528652,51.2837372821,26.1,28.9,35.6666666667
17031320400,copd,COPD,66,1611,3.5,copd_crudeprev,0.1063,0,3,3,0,4.09683426443,sum_annual_numerators_divided_by_sum_annual_denominators,0.596834264432,0.596834264432,concordant_low,tertile,4.28240740741,5.50351562789,6.59574468085,5.1,6.4,7.9
17031320400,hypertension,hypertension,662,1611,18.7,bphigh_crudeprev,0.1063,0,3,3,0,41.0924891372,sum_annual_numerators_divided_by_sum_annual_denominators,22.3924891372,22.3924891372,concordant_low,tertile,41.6381847783,46.0855528652,51.2837372821,26.1,28.9,35.6666666667
17031320600,copd,COPD,108,3340,2.2,copd_crudeprev,0.1136,0,3,3,0,3.23353293413,sum_annual_numerators_divided_by_sum_annual_denominators,1.03353293413,1.03353293413,concordant_low,tertile,4.28240740741,5.50351562789,6.59574468085,5.1,6.4,7.9
17031320600,hypertension,hypertension,1373,3340,17.9,bphigh_crudeprev,0.1136,0,3,3,0,41.1077844311,sum_annual_numerators_divided_by_sum_annual_denominators,23.2077844311,23.2077844311,concordant_low,tertile,41.6381847783,46.0855528652,51.2837372821,26.1,28.9,35.6666666667
17031330101,copd,COPD,67,3410,3,copd_crudeprev,0.1472,0,3,3,0,1.96480938416,sum_annual_numerators_divided_by_sum_annual_denominators,-1.03519061584,1.03519061584,concordant_low,tertile,4.28240740741,5.50351562789,6.59574468085,5.1,6.4,7.9
17031330101,hypertension,hypertension,1412,3410,23.8,bphigh_crudeprev,0.1472,0,3,3,0,41.4076246334,sum_annual_numerators_divided_by_sum_annual_denominators,17.6076246334,17.6076246334,concordant_low,tertile,41.6381847783,46.0855528652,51.2837372821,26.1,28.9,35.6666666667
17031330102,copd,COPD,212,6930,2.2,copd_crudeprev,0.1499,0,3,3,0,3.05916305916,sum_annual_numerators_divided_by_sum_annual_denominators,0.859163059163,0.859163059163,concordant_low,tertile,4.28240740741,5.50351562789,6.59574468085,5.1,6.4,7.9
17031330102,hypertension,hypertension,2954,6930,19.1,bphigh_crudeprev,0.1499,0,3,3,0,42.6262626263,sum_annual_numerators_divided_by_sum_annual_denominators,23.5262626263,23.5262626263,intermediate,tertile,41.6381847783,46.0855528652,51.2837372821,26.1,28.9,35.6666666667
17031330103,copd,COPD,162,4066,2.6,copd_crudeprev,0.096,0,3,3,0,3.98425971471,sum_annual_numerators_divided_by_sum_annual_denominators,1.38425971471,1.38425971471,concordant_low,tertile,4.28240740741,5.50351562789,6.59574468085,5.1,6.4,7.9
17031330103,hypertension,hypertension,1625,4066,22.2,bphigh_crudeprev,0.096,0,3,3,0,39.9655681259,sum_annual_numerators_divided_by_sum_annual_denominators,17.7655681259,17.7655681259,concordant_low,tertile,41.6381847783,46.0855528652,51.2837372821,26.1,28.9,35.6666666667
17031330200,copd,COPD,84,2049,4.3,copd_crudeprev,0.1118,0,3,3,0,4.09956076135,sum_annual_numerators_divided_by_sum_annual_denominators,-0.200439238653,0.200439238653,concordant_low,tertile,4.28240740741,5.50351562789,6.59574468085,5.1,6.4,7.9
17031330200,hypertension,hypertension,992,2049,32,bphigh_crudeprev,0.1118,0,3,3,0,48.4138604197,sum_annual_numerators_divided_by_sum_annual_denominators,16.4138604197,16.4138604197,intermediate,tertile,41.6381847783,46.0855528652,51.2837372821,26.1,28.9,35.6666666667
17031340300,copd,COPD,67,725,6.4,copd_crudeprev,0.1036,0,3,3,0,9.24137931034,sum_annual_numerators_divided_by_sum_annual_denominators,2.84137931034,2.84137931034,intermediate,tertile,4.28240740741,5.50351562789,6.59574468085,5.1,6.4,7.9
17031340300,hypertension,hypertension,432,725,33.7,bphigh_crudeprev,0.1036,0,3,3,0,59.5862068966,sum_annual_numerators_divided_by_sum_annual_denominators,25.8862068966,25.8862068966,intermediate,tertile,41.6381847783,46.0855528652,51.2837372821,26.1,28.9,35.6666666667
17031340400,hypertension,hypertension,281,559,34.1,bphigh_crudeprev,0.0877,0,3,3,0,50.2683363148,sum_annual_numerators_divided_by_sum_annual_denominators,16.1683363148,16.1683363148,intermediate,tertile,41.6381847783,46.0855528652,51.2837372821,26.1,28.9,35.6666666667
17031340500,copd,COPD,73,766,8.5,copd_crudeprev,0.1055,0,3,3,0,9.53002610966,sum_annual_numerators_divided_by_sum_annual_denominators,1.03002610966,1.03002610966,concordant_high,tertile,4.28240740741,5.50351562789,6.59574468085,5.1,6.4,7.9
17031340500,hypertension,hypertension,408,766,39.4,bphigh_crudeprev,0.1055,0,3,3,0,53.2637075718,sum_annual_numerators_divided_by_sum_annual_denominators,13.8637075718,13.8637075718,concordant_high,tertile,41.6381847783,46.0855528652,51.2837372821,26.1,28.9,35.6666666667
17031340600,copd,COPD,53,423,13.9,copd_crudeprev,0.0772,0,3,3,0,12.5295508274,sum_annual_numerators_divided_by_sum_annual_denominators,-1.37044917258,1.37044917258,concordant_high,tertile,4.28240740741,5.50351562789,6.59574468085,5.1,6.4,7.9
17031340600,hypertension,hypertension,257,423,49.5,bphigh_crudeprev,0.0772,0,3,3,0,60.756501182,sum_annual_numerators_divided_by_sum_annual_denominators,11.256501182,11.256501182,concordant_high,tertile,41.6381847783,46.0855528652,51.2837372821,26.1,28.9,35.6666666667
17031350400,copd,COPD,60,778,11.3,copd_crudeprev,0.1532,0,3,3,0,7.71208226221,sum_annual_numerators_divided_by_sum_annual_denominators,-3.58791773779,3.58791773779,concordant_high,tertile,4.28240740741,5.50351562789,6.59574468085,5.1,6.4,7.9
17031350400,hypertension,hypertension,424,778,42.3,bphigh_crudeprev,0.1532,0,3,3,0,54.498714653,sum_annual_numerators_divided_by_sum_annual_denominators,12.198714653,12.198714653,concordant_high,tertile,41.6381847783,46.0855528652,51.2837372821,26.1,28.9,35.6666666667
17031351000,copd,COPD,77,1622,4.1,copd_crudeprev,0.1334,0,3,3,0,4.74722564735,sum_annual_numerators_divided_by_sum_annual_denominators,0.647225647349,0.647225647349,intermediate,tertile,4.28240740741,5.50351562789,6.59574468085,5.1,6.4,7.9
17031351000,hypertension,hypertension,965,1622,31.4,bphigh_crudeprev,0.1334,0,3,3,0,59.4944512947,sum_annual_numerators_divided_by_sum_annual_denominators,28.0944512947,28.0944512947,intermediate,tertile,41.6381847783,46.0855528652,51.2837372821,26.1,28.9,35.6666666667
17031351100,copd,COPD,50,771,11.3,copd_crudeprev,0.102,0,3,3,0,6.4850843061,sum_annual_numerators_divided_by_sum_annual_denominators,-4.8149156939,4.8149156939,intermediate,tertile,4.28240740741,5.50351562789,6.59574468085,5.1,6.4,7.9
17031351100,hypertension,hypertension,406,771,42.7,bphigh_crudeprev,0.102,0,3,3,0,52.6588845655,sum_annual_numerators_divided_by_sum_annual_denominators,9.9588845655,9.9588845655,concordant_high,tertile,41.6381847783,46.0855528652,51.2837372821,26.1,28.9,35.6666666667
17031351400,copd,COPD,107,1049,10.5,copd_crudeprev,0.1845,0,3,3,0,10.2001906578,sum_annual_numerators_divided_by_sum_annual_denominators,-0.299809342231,0.299809342231,concordant_high,tertile,4.28240740741,5.50351562789,6.59574468085,5.1,6.4,7.9
17031351400,hypertension,hypertension,611,1049,46.4,bphigh_crudeprev,0.1845,0,3,3,0,58.2459485224,sum_annual_numerators_divided_by_sum_annual_denominators,11.8459485224,11.8459485224,concordant_high,tertile,41.6381847783,46.0855528652,51.2837372821,26.1,28.9,35.6666666667
17031351500,hypertension,hypertension,145,230,33.3,bphigh_crudeprev,0.0531,0,3,3,0,63.0434782609,sum_annual_numerators_divided_by_sum_annual_denominators,29.7434782609,29.7434782609,intermediate,tertile,41.6381847783,46.0855528652,51.2837372821,26.1,28.9,35.6666666667
17031360200,copd,COPD,47,792,9.6,copd_crudeprev,0.1331,0,3,3,0,5.93434343434,sum_annual_numerators_divided_by_sum_annual_denominators,-3.66565656566,3.66565656566,intermediate,tertile,4.28240740741,5.50351562789,6.59574468085,5.1,6.4,7.9
17031360200,hypertension,hypertension,426,792,44.6,bphigh_crudeprev,0.1331,0,3,3,0,53.7878787879,sum_annual_numerators_divided_by_sum_annual_denominators,9.18787878788,9.18787878788,concordant_high,tertile,41.6381847783,46.0855528652,51.2837372821,26.1,28.9,35.6666666667
17031380100,copd,COPD,100,1121,7.3,copd_crudeprev,0.1772,0,3,3,0,8.92060660125,sum_annual_numerators_divided_by_sum_annual_denominators,1.62060660125,1.62060660125,intermediate,tertile,4.28240740741,5.50351562789,6.59574468085,5.1,6.4,7.9
17031380100,hypertension,hypertension,627,1121,43,bphigh_crudeprev,0.1772,0,3,3,0,55.9322033898,sum_annual_numerators_divided_by_sum_annual_denominators,12.9322033898,12.9322033898,concordant_high,tertile,41.6381847783,46.0855528652,51.2837372821,26.1,28.9,35.6666666667
17031380200,copd,COPD,75,956,11.7,copd_crudeprev,0.1549,0,3,3,0,7.84518828452,sum_annual_numerators_divided_by_sum_annual_denominators,-3.85481171548,3.85481171548,concordant_high,tertile,4.28240740741,5.50351562789,6.59574468085,5.1,6.4,7.9
17031380200,hypertension,hypertension,623,956,49,bphigh_crudeprev,0.1549,0,3,3,0,65.1673640167,sum_annual_numerators_divided_by_sum_annual_denominators,16.1673640167,16.1673640167,concordant_high,tertile,41.6381847783,46.0855528652,51.2837372821,26.1,28.9,35.6666666667
17031380600,copd,COPD,75,1266,8,copd_crudeprev,0.0702,0,3,3,0,5.92417061611,sum_annual_numerators_divided_by_sum_annual_denominators,-2.07582938389,2.07582938389,intermediate,tertile,4.28240740741,5.50351562789,6.59574468085,5.1,6.4,7.9
17031380600,hypertension,hypertension,606,1266,41,bphigh_crudeprev,0.0702,0,3,3,0,47.8672985782,sum_annual_numerators_divided_by_sum_annual_denominators,6.8672985782,6.8672985782,intermediate,tertile,41.6381847783,46.0855528652,51.2837372821,26.1,28.9,35.6666666667
17031381200,copd,COPD,39,835,5.5,copd_crudeprev,0.1341,0,3,3,0,4.67065868263,sum_annual_numerators_divided_by_sum_annual_denominators,-0.829341317365,0.829341317365,intermediate,tertile,4.28240740741,5.50351562789,6.59574468085,5.1,6.4,7.9
17031381200,hypertension,hypertension,463,835,37.3,bphigh_crudeprev,0.1341,0,3,3,0,55.4491017964,sum_annual_numerators_divided_by_sum_annual_denominators,18.1491017964,18.1491017964,concordant_high,tertile,41.6381847783,46.0855528652,51.2837372821,26.1,28.9,35.6666666667
17031381400,hypertension,hypertension,358,723,38.4,bphigh_crudeprev,0.1359,0,3,3,0,49.5159059474,sum_annual_numerators_divided_by_sum_annual_denominators,11.1159059474,11.1159059474,intermediate,tertile,41.6381847783,46.0855528652,51.2837372821,26.1,28.9,35.6666666667
17031381500,copd,COPD,36,383,12.5,copd_crudeprev,0.154,0,3,3,0,9.39947780679,sum_annual_numerators_divided_by_sum_annual_denominators,-3.10052219321,3.10052219321,concordant_high,tertile,4.28240740741,5.50351562789,6.59574468085,5.1,6.4,7.9
17031381500,hypertension,hypertension,238,383,49.7,bphigh_crudeprev,0.154,0,3,3,0,62.1409921671,sum_annual_numerators_divided_by_sum_annual_denominators,12.4409921671,12.4409921671,concordant_high,tertile,41.6381847783,46.0855528652,51.2837372821,26.1,28.9,35.6666666667
17031381800,copd,COPD,49,549,4.8,copd_crudeprev,0.1189,0,3,3,0,8.92531876138,sum_annual_numerators_divided_by_sum_annual_denominators,4.12531876138,4.12531876138,ehr_high_public_not_high,tertile,4.28240740741,5.50351562789,6.59574468085,5.1,6.4,7.9
17031381800,hypertension,hypertension,308,549,36,bphigh_crudeprev,0.1189,0,3,3,0,56.102003643,sum_annual_numerators_divided_by_sum_annual_denominators,20.102003643,20.102003643,concordant_high,tertile,41.6381847783,46.0855528652,51.2837372821,26.1,28.9,35.6666666667
17031381900,copd,COPD,52,633,6.5,copd_crudeprev,0.1273,0,3,3,0,8.21484992101,sum_annual_numerators_divided_by_sum_annual_denominators,1.71484992101,1.71484992101,intermediate,tertile,4.28240740741,5.50351562789,6.59574468085,5.1,6.4,7.9
17031381900,hypertension,hypertension,354,633,40.5,bphigh_crudeprev,0.1273,0,3,3,0,55.9241706161,sum_annual_numerators_divided_by_sum_annual_denominators,15.4241706161,15.4241706161,concordant_high,tertile,41.6381847783,46.0855528652,51.2837372821,26.1,28.9,35.6666666667
17031390100,hypertension,hypertension,366,758,34.8,bphigh_crudeprev,0.1237,0,3,3,0,48.2849604222,sum_annual_numerators_divided_by_sum_annual_denominators,13.4849604222,13.4849604222,intermediate,tertile,41.6381847783,46.0855528652,51.2837372821,26.1,28.9,35.6666666667
17031390200,hypertension,hypertension,457,912,33.1,bphigh_crudeprev,0.1188,0,3,3,0,50.1096491228,sum_annual_numerators_divided_by_sum_annual_denominators,17.0096491228,17.0096491228,intermediate,tertile,41.6381847783,46.0855528652,51.2837372821,26.1,28.9,35.6666666667
17031390300,copd,COPD,91,1144,9.2,copd_crudeprev,0.1417,0,3,3,0,7.95454545455,sum_annual_numerators_divided_by_sum_annual_denominators,-1.24545454545,1.24545454545,concordant_high,tertile,4.28240740741,5.50351562789,6.59574468085,5.1,6.4,7.9
17031390300,hypertension,hypertension,619,1144,45.3,bphigh_crudeprev,0.1417,0,3,3,0,54.1083916084,sum_annual_numerators_divided_by_sum_annual_denominators,8.80839160839,8.80839160839,concordant_high,tertile,41.6381847783,46.0855528652,51.2837372821,26.1,28.9,35.6666666667
17031390400,copd,COPD,114,1184,9,copd_crudeprev,0.1435,0,3,3,0,9.62837837838,sum_annual_numerators_divided_by_sum_annual_denominators,0.628378378378,0.628378378378,concordant_high,tertile,4.28240740741,5.50351562789,6.59574468085,5.1,6.4,7.9
17031390400,hypertension,hypertension,644,1184,45.9,bphigh_crudeprev,0.1435,0,3,3,0,54.3918918919,sum_annual_numerators_divided_by_sum_annual_denominators,8.49189189189,8.49189189189,concordant_high,tertile,41.6381847783,46.0855528652,51.2837372821,26.1,28.9,35.6666666667
17031390500,hypertension,hypertension,265,606,30.9,bphigh_crudeprev,0.0829,0,3,3,0,43.7293729373,sum_annual_numerators_divided_by_sum_annual_denominators,12.8293729373,12.8293729373,intermediate,tertile,41.6381847783,46.0855528652,51.2837372821,26.1,28.9,35.6666666667
17031390600,copd,COPD,32,847,5.2,copd_crudeprev,0.1134,0,3,3,0,3.77804014168,sum_annual_numerators_divided_by_sum_annual_denominators,-1.42195985832,1.42195985832,intermediate,tertile,4.28240740741,5.50351562789,6.59574468085,5.1,6.4,7.9
17031390600,hypertension,hypertension,406,847,34,bphigh_crudeprev,0.1134,0,3,3,0,47.9338842975,sum_annual_numerators_divided_by_sum_annual_denominators,13.9338842975,13.9338842975,intermediate,tertile,41.6381847783,46.0855528652,51.2837372821,26.1,28.9,35.6666666667
17031400300,copd,COPD,43,599,5.6,copd_crudeprev,0.1415,0,3,3,0,7.17863105175,sum_annual_numerators_divided_by_sum_annual_denominators,1.57863105175,1.57863105175,ehr_high_public_not_high,tertile,4.28240740741,5.50351562789,6.59574468085,5.1,6.4,7.9
17031400300,hypertension,hypertension,308,599,36.4,bphigh_crudeprev,0.1415,0,3,3,0,51.4190317195,sum_annual_numerators_divided_by_sum_annual_denominators,15.0190317195,15.0190317195,concordant_high,tertile,41.6381847783,46.0855528652,51.2837372821,26.1,28.9,35.6666666667
17031400400,copd,COPD,59,947,7.4,copd_crudeprev,0.1507,0,3,3,0,6.23020063358,sum_annual_numerators_divided_by_sum_annual_denominators,-1.16979936642,1.16979936642,intermediate,tertile,4.28240740741,5.50351562789,6.59574468085,5.1,6.4,7.9
17031400400,hypertension,hypertension,497,947,38.4,bphigh_crudeprev,0.1507,0,3,3,0,52.4815205913,sum_annual_numerators_divided_by_sum_annual_denominators,14.0815205913,14.0815205913,concordant_high,tertile,41.6381847783,46.0855528652,51.2837372821,26.1,28.9,35.6666666667
17031400500,copd,COPD,58,858,8.8,copd_crudeprev,0.0921,0,3,3,0,6.75990675991,sum_annual_numerators_divided_by_sum_annual_denominators,-2.04009324009,2.04009324009,concordant_high,tertile,4.28240740741,5.50351562789,6.59574468085,5.1,6.4,7.9
17031400500,hypertension,hypertension,431,858,41.7,bphigh_crudeprev,0.0921,0,3,3,0,50.2331002331,sum_annual_numerators_divided_by_sum_annual_denominators,8.5331002331,8.5331002331,intermediate,tertile,41.6381847783,46.0855528652,51.2837372821,26.1,28.9,35.6666666667
17031400800,copd,COPD,119,1153,14.9,copd_crudeprev,0.1139,0,3,3,0,10.3209019948,sum_annual_numerators_divided_by_sum_annual_denominators,-4.5790980052,4.5790980052,concordant_high,tertile,4.28240740741,5.50351562789,6.59574468085,5.1,6.4,7.9
17031400800,hypertension,hypertension,630,1153,49,bphigh_crudeprev,0.1139,0,3,3,0,54.6400693842,sum_annual_numerators_divided_by_sum_annual_denominators,5.64006938422,5.64006938422,concordant_high,tertile,41.6381847783,46.0855528652,51.2837372821,26.1,28.9,35.6666666667
17031410200,hypertension,hypertension,126,268,19.1,bphigh_crudeprev,0.0427,0,3,3,0,47.0149253731,sum_annual_numerators_divided_by_sum_annual_denominators,27.9149253731,27.9149253731,intermediate,tertile,41.6381847783,46.0855528652,51.2837372821,26.1,28.9,35.6666666667
17031410500,copd,COPD,49,832,4.6,copd_crudeprev,0.064,0,3,3,0,5.88942307692,sum_annual_numerators_divided_by_sum_annual_denominators,1.28942307692,1.28942307692,intermediate,tertile,4.28240740741,5.50351562789,6.59574468085,5.1,6.4,7.9
17031410500,hypertension,hypertension,431,832,27.4,bphigh_crudeprev,0.064,0,3,3,0,51.8028846154,sum_annual_numerators_divided_by_sum_annual_denominators,24.4028846154,24.4028846154,ehr_high_public_not_high,tertile,41.6381847783,46.0855528652,51.2837372821,26.1,28.9,35.6666666667
17031410600,copd,COPD,37,632,5,copd_crudeprev,0.0574,0,3,3,0,5.85443037975,sum_annual_numerators_divided_by_sum_annual_denominators,0.854430379747,0.854430379747,intermediate,tertile,4.28240740741,5.50351562789,6.59574468085,5.1,6.4,7.9
17031410600,hypertension,hypertension,306,632,26.1,bphigh_crudeprev,0.0574,0,3,3,0,48.417721519,sum_annual_numerators_divided_by_sum_annual_denominators,22.317721519,22.317721519,intermediate,tertile,41.6381847783,46.0855528652,51.2837372821,26.1,28.9,35.6666666667
17031410700,hypertension,hypertension,240,522,24,bphigh_crudeprev,0.0439,0,3,3,0,45.9770114943,sum_annual_numerators_divided_by_sum_annual_denominators,21.9770114943,21.9770114943,intermediate,tertile,41.6381847783,46.0855528652,51.2837372821,26.1,28.9,35.6666666667
17031410800,copd,COPD,56,922,3.2,copd_crudeprev,0.0715,0,3,3,0,6.0737527115,sum_annual_numerators_divided_by_sum_annual_denominators,2.8737527115,2.8737527115,intermediate,tertile,4.28240740741,5.50351562789,6.59574468085,5.1,6.4,7.9
17031410800,hypertension,hypertension,472,922,24.8,bphigh_crudeprev,0.0715,0,3,3,0,51.1930585683,sum_annual_numerators_divided_by_sum_annual_denominators,26.3930585683,26.3930585683,intermediate,tertile,41.6381847783,46.0855528652,51.2837372821,26.1,28.9,35.6666666667
17031411100,hypertension,hypertension,207,502,20.5,bphigh_crudeprev,0.0473,0,3,3,0,41.235059761,sum_annual_numerators_divided_by_sum_annual_denominators,20.735059761,20.735059761,concordant_low,tertile,41.6381847783,46.0855528652,51.2837372821,26.1,28.9,35.6666666667
17031411200,hypertension,hypertension,217,488,25.1,bphigh_crudeprev,0.0636,0,3,3,0,44.4672131148,sum_annual_numerators_divided_by_sum_annual_denominators,19.3672131148,19.3672131148,intermediate,tertile,41.6381847783,46.0855528652,51.2837372821,26.1,28.9,35.6666666667
17031420100,copd,COPD,42,691,9.9,copd_crudeprev,0.1414,0,3,3,0,6.07814761216,sum_annual_numerators_divided_by_sum_annual_denominators,-3.82185238784,3.82185238784,intermediate,tertile,4.28240740741,5.50351562789,6.59574468085,5.1,6.4,7.9
17031420100,hypertension,hypertension,378,691,47.3,bphigh_crudeprev,0.1414,0,3,3,0,54.7033285094,sum_annual_numerators_divided_by_sum_annual_denominators,7.40332850941,7.40332850941,concordant_high,tertile,41.6381847783,46.0855528652,51.2837372821,26.1,28.9,35.6666666667
17031420200,copd,COPD,45,507,7.8,copd_crudeprev,0.0602,0,3,3,0,8.87573964497,sum_annual_numerators_divided_by_sum_annual_denominators,1.07573964497,1.07573964497,intermediate,tertile,4.28240740741,5.50351562789,6.59574468085,5.1,6.4,7.9
17031420200,hypertension,hypertension,229,507,40.3,bphigh_crudeprev,0.0602,0,3,3,0,45.16765286,sum_annual_numerators_divided_by_sum_annual_denominators,4.86765285996,4.86765285996,public_high_ehr_not_high,tertile,41.6381847783,46.0855528652,51.2837372821,26.1,28.9,35.6666666667
17031420300,hypertension,hypertension,228,508,21.8,bphigh_crudeprev,0.0452,0,3,3,0,44.8818897638,sum_annual_numerators_divided_by_sum_annual_denominators,23.0818897638,23.0818897638,intermediate,tertile,41.6381847783,46.0855528652,51.2837372821,26.1,28.9,35.6666666667
17031420400,copd,COPD,42,708,7.6,copd_crudeprev,0.1201,0,3,3,0,5.93220338983,sum_annual_numerators_divided_by_sum_annual_denominators,-1.66779661017,1.66779661017,intermediate,tertile,4.28240740741,5.50351562789,6.59574468085,5.1,6.4,7.9
17031420400,hypertension,hypertension,424,708,37,bphigh_crudeprev,0.1201,0,3,3,0,59.8870056497,sum_annual_numerators_divided_by_sum_annual_denominators,22.8870056497,22.8870056497,concordant_high,tertile,41.6381847783,46.0855528652,51.2837372821,26.1,28.9,35.6666666667
17031420500,copd,COPD,61,951,13.5,copd_crudeprev,0.1475,0,3,3,0,6.41430073607,sum_annual_numerators_divided_by_sum_annual_denominators,-7.08569926393,7.08569926393,intermediate,tertile,4.28240740741,5.50351562789,6.59574468085,5.1,6.4,7.9
17031420500,hypertension,hypertension,452,951,49.7,bphigh_crudeprev,0.1475,0,3,3,0,47.5289169295,sum_annual_numerators_divided_by_sum_annual_denominators,-2.17108307045,2.17108307045,intermediate,tertile,41.6381847783,46.0855528652,51.2837372821,26.1,28.9,35.6666666667
17031420600,copd,COPD,76,964,9.6,copd_crudeprev,0.1183,0,3,3,0,7.88381742739,sum_annual_numerators_divided_by_sum_annual_denominators,-1.71618257261,1.71618257261,concordant_high,tertile,4.28240740741,5.50351562789,6.59574468085,5.1,6.4,7.9
17031420600,hypertension,hypertension,507,964,42.4,bphigh_crudeprev,0.1183,0,3,3,0,52.5933609959,sum_annual_numerators_divided_by_sum_annual_denominators,10.1933609959,10.1933609959,concordant_high,tertile,41.6381847783,46.0855528652,51.2837372821,26.1,28.9,35.6666666667
17031420700,copd,COPD,110,1421,12.2,copd_crudeprev,0.2091,0,3,3,0,7.74102744546,sum_annual_numerators_divided_by_sum_annual_denominators,-4.45897255454,4.45897255454,concordant_high,tertile,4.28240740741,5.50351562789,6.59574468085,5.1,6.4,7.9
17031420700,hypertension,hypertension,793,1421,46.1,bphigh_crudeprev,0.2091,0,3,3,0,55.8057705841,sum_annual_numerators_divided_by_sum_annual_denominators,9.7057705841,9.7057705841,concordant_high,tertile,41.6381847783,46.0855528652,51.2837372821,26.1,28.9,35.6666666667
17031420800,copd,COPD,56,1051,6.5,copd_crudeprev,0.1584,0,3,3,0,5.32825880114,sum_annual_numerators_divided_by_sum_annual_denominators,-1.17174119886,1.17174119886,intermediate,tertile,4.28240740741,5.50351562789,6.59574468085,5.1,6.4,7.9
17031420800,hypertension,hypertension,525,1051,37.4,bphigh_crudeprev,0.1584,0,3,3,0,49.9524262607,sum_annual_numerators_divided_by_sum_annual_denominators,12.5524262607,12.5524262607,intermediate,tertile,41.6381847783,46.0855528652,51.2837372821,26.1,28.9,35.6666666667
17031421200,copd,COPD,49,617,14.5,copd_crudeprev,0.1093,0,3,3,0,7.94165316045,sum_annual_numerators_divided_by_sum_annual_denominators,-6.55834683955,6.55834683955,concordant_high,tertile,4.28240740741,5.50351562789,6.59574468085,5.1,6.4,7.9
17031421200,hypertension,hypertension,338,617,54.1,bphigh_crudeprev,0.1093,0,3,3,0,54.7811993517,sum_annual_numerators_divided_by_sum_annual_denominators,0.681199351702,0.681199351702,concordant_high,tertile,41.6381847783,46.0855528652,51.2837372821,26.1,28.9,35.6666666667
17031430101,copd,COPD,91,1525,9.7,copd_crudeprev,0.1252,0,3,3,0,5.96721311475,sum_annual_numerators_divided_by_sum_annual_denominators,-3.73278688525,3.73278688525,intermediate,tertile,4.28240740741,5.50351562789,6.59574468085,5.1,6.4,7.9
17031430101,hypertension,hypertension,840,1525,44.3,bphigh_crudeprev,0.1252,0,3,3,0,55.0819672131,sum_annual_numerators_divided_by_sum_annual_denominators,10.7819672131,10.7819672131,concordant_high,tertile,41.6381847783,46.0855528652,51.2837372821,26.1,28.9,35.6666666667
17031430200,copd,COPD,116,1923,9,copd_crudeprev,0.1165,0,3,3,0,6.03224128965,sum_annual_numerators_divided_by_sum_annual_denominators,-2.96775871035,2.96775871035,intermediate,tertile,4.28240740741,5.50351562789,6.59574468085,5.1,6.4,7.9
17031430200,hypertension,hypertension,1074,1923,44.8,bphigh_crudeprev,0.1165,0,3,3,0,55.8502340094,sum_annual_numerators_divided_by_sum_annual_denominators,11.0502340094,11.0502340094,concordant_high,tertile,41.6381847783,46.0855528652,51.2837372821,26.1,28.9,35.6666666667
17031430300,copd,COPD,38,887,7.4,copd_crudeprev,0.1025,0,3,3,0,4.28410372041,sum_annual_numerators_divided_by_sum_annual_denominators,-3.11589627959,3.11589627959,intermediate,tertile,4.28240740741,5.50351562789,6.59574468085,5.1,6.4,7.9
17031430300,hypertension,hypertension,437,887,39.6,bphigh_crudeprev,0.1025,0,3,3,0,49.2671927847,sum_annual_numerators_divided_by_sum_annual_denominators,9.66719278467,9.66719278467,intermediate,tertile,41.6381847783,46.0855528652,51.2837372821,26.1,28.9,35.6666666667
17031430400,copd,COPD,79,994,7.7,copd_crudeprev,0.1003,0,3,3,0,7.9476861167,sum_annual_numerators_divided_by_sum_annual_denominators,0.2476861167,0.2476861167,intermediate,tertile,4.28240740741,5.50351562789,6.59574468085,5.1,6.4,7.9
17031430400,hypertension,hypertension,544,994,43.7,bphigh_crudeprev,0.1003,0,3,3,0,54.7283702213,sum_annual_numerators_divided_by_sum_annual_denominators,11.0283702213,11.0283702213,concordant_high,tertile,41.6381847783,46.0855528652,51.2837372821,26.1,28.9,35.6666666667
17031430500,copd,COPD,115,1301,9.1,copd_crudeprev,0.1058,0,3,3,0,8.83935434281,sum_annual_numerators_divided_by_sum_annual_denominators,-0.260645657187,0.260645657187,concordant_high,tertile,4.28240740741,5.50351562789,6.59574468085,5.1,6.4,7.9
17031430500,hypertension,hypertension,722,1301,43.1,bphigh_crudeprev,0.1058,0,3,3,0,55.4957724827,sum_annual_numerators_divided_by_sum_annual_denominators,12.3957724827,12.3957724827,concordant_high,tertile,41.6381847783,46.0855528652,51.2837372821,26.1,28.9,35.6666666667
17031430600,copd,COPD,63,1045,8,copd_crudeprev,0.1611,0,3,3,0,6.02870813397,sum_annual_numerators_divided_by_sum_annual_denominators,-1.97129186603,1.97129186603,intermediate,tertile,4.28240740741,5.50351562789,6.59574468085,5.1,6.4,7.9
17031430600,hypertension,hypertension,675,1045,44.1,bphigh_crudeprev,0.1611,0,3,3,0,64.5933014354,sum_annual_numerators_divided_by_sum_annual_denominators,20.4933014354,20.4933014354,concordant_high,tertile,41.6381847783,46.0855528652,51.2837372821,26.1,28.9,35.6666666667
17031430700,copd,COPD,50,732,6.8,copd_crudeprev,0.0957,0,3,3,0,6.8306010929,sum_annual_numerators_divided_by_sum_annual_denominators,0.0306010928962,0.0306010928962,intermediate,tertile,4.28240740741,5.50351562789,6.59574468085,5.1,6.4,7.9
17031430700,hypertension,hypertension,418,732,41.3,bphigh_crudeprev,0.0957,0,3,3,0,57.1038251366,sum_annual_numerators_divided_by_sum_annual_denominators,15.8038251366,15.8038251366,concordant_high,tertile,41.6381847783,46.0855528652,51.2837372821,26.1,28.9,35.6666666667
17031430800,copd,COPD,37,766,6.8,copd_crudeprev,0.1339,0,3,3,0,4.83028720627,sum_annual_numerators_divided_by_sum_annual_denominators,-1.96971279373,1.96971279373,intermediate,tertile,4.28240740741,5.50351562789,6.59574468085,5.1,6.4,7.9
17031430800,hypertension,hypertension,430,766,43,bphigh_crudeprev,0.1339,0,3,3,0,56.135770235,sum_annual_numerators_divided_by_sum_annual_denominators,13.135770235,13.135770235,concordant_high,tertile,41.6381847783,46.0855528652,51.2837372821,26.1,28.9,35.6666666667
17031430900,copd,COPD,39,621,8.9,copd_crudeprev,0.1272,0,3,3,0,6.28019323671,sum_annual_numerators_divided_by_sum_annual_denominators,-2.61980676329,2.61980676329,intermediate,tertile,4.28240740741,5.50351562789,6.59574468085,5.1,6.4,7.9
17031430900,hypertension,hypertension,340,621,46.1,bphigh_crudeprev,0.1272,0,3,3,0,54.7504025765,sum_annual_numerators_divided_by_sum_annual_denominators,8.65040257649,8.65040257649,concordant_high,tertile,41.6381847783,46.0855528652,51.2837372821,26.1,28.9,35.6666666667
17031431200,copd,COPD,62,1190,5.6,copd_crudeprev,0.1476,0,3,3,0,5.21008403361,sum_annual_numerators_divided_by_sum_annual_denominators,-0.389915966387,0.389915966387,intermediate,tertile,4.28240740741,5.50351562789,6.59574468085,5.1,6.4,7.9
17031431200,hypertension,hypertension,715,1190,41.2,bphigh_crudeprev,0.1476,0,3,3,0,60.0840336134,sum_annual_numerators_divided_by_sum_annual_denominators,18.8840336134,18.8840336134,concordant_high,tertile,41.6381847783,46.0855528652,51.2837372821,26.1,28.9,35.6666666667
17031431301,copd,COPD,78,967,11.8,copd_crudeprev,0.0794,0,3,3,0,8.06618407446,sum_annual_numerators_divided_by_sum_annual_denominators,-3.73381592554,3.73381592554,concordant_high,tertile,4.28240740741,5.50351562789,6.59574468085,5.1,6.4,7.9
17031431301,hypertension,hypertension,526,967,45.3,bphigh_crudeprev,0.0794,0,3,3,0,54.3950361944,sum_annual_numerators_divided_by_sum_annual_denominators,9.09503619442,9.09503619442,concordant_high,tertile,41.6381847783,46.0855528652,51.2837372821,26.1,28.9,35.6666666667
17031431302,copd,COPD,76,1348,10.3,copd_crudeprev,0.1022,0,3,3,0,5.63798219585,sum_annual_numerators_divided_by_sum_annual_denominators,-4.66201780415,4.66201780415,intermediate,tertile,4.28240740741,5.50351562789,6.59574468085,5.1,6.4,7.9
17031431302,hypertension,hypertension,657,1348,43.9,bphigh_crudeprev,0.1022,0,3,3,0,48.7388724036,sum_annual_numerators_divided_by_sum_annual_denominators,4.83887240356,4.83887240356,intermediate,tertile,41.6381847783,46.0855528652,51.2837372821,26.1,28.9,35.6666666667
17031431400,copd,COPD,201,2149,10.6,copd_crudeprev,0.0972,0,3,3,0,9.35318752908,sum_annual_numerators_divided_by_sum_annual_denominators,-1.24681247092,1.24681247092,concordant_high,tertile,4.28240740741,5.50351562789,6.59574468085,5.1,6.4,7.9
17031431400,hypertension,hypertension,1280,2149,48.8,bphigh_crudeprev,0.0972,0,3,3,0,59.5625872499,sum_annual_numerators_divided_by_sum_annual_denominators,10.7625872499,10.7625872499,concordant_high,tertile,41.6381847783,46.0855528652,51.2837372821,26.1,28.9,35.6666666667
17031440101,copd,COPD,100,1304,11.2,copd_crudeprev,0.1083,0,3,3,0,7.66871165644,sum_annual_numerators_divided_by_sum_annual_denominators,-3.53128834356,3.53128834356,concordant_high,tertile,4.28240740741,5.50351562789,6.59574468085,5.1,6.4,7.9
17031440101,hypertension,hypertension,686,1304,45.5,bphigh_crudeprev,0.1083,0,3,3,0,52.6073619632,sum_annual_numerators_divided_by_sum_annual_denominators,7.10736196319,7.10736196319,concordant_high,tertile,41.6381847783,46.0855528652,51.2837372821,26.1,28.9,35.6666666667
17031440102,copd,COPD,101,1144,9.3,copd_crudeprev,0.1143,0,3,3,0,8.82867132867,sum_annual_numerators_divided_by_sum_annual_denominators,-0.471328671329,0.471328671329,concordant_high,tertile,4.28240740741,5.50351562789,6.59574468085,5.1,6.4,7.9
17031440102,hypertension,hypertension,676,1144,45.5,bphigh_crudeprev,0.1143,0,3,3,0,59.0909090909,sum_annual_numerators_divided_by_sum_annual_denominators,13.5909090909,13.5909090909,concordant_high,tertile,41.6381847783,46.0855528652,51.2837372821,26.1,28.9,35.6666666667
17031440201,copd,COPD,113,1506,8.5,copd_crudeprev,0.0879,0,3,3,0,7.50332005312,sum_annual_numerators_divided_by_sum_annual_denominators,-0.996679946879,0.996679946879,concordant_high,tertile,4.28240740741,5.50351562789,6.59574468085,5.1,6.4,7.9
17031440201,hypertension,hypertension,847,1506,44.8,bphigh_crudeprev,0.0879,0,3,3,0,56.2416998672,sum_annual_numerators_divided_by_sum_annual_denominators,11.4416998672,11.4416998672,concordant_high,tertile,41.6381847783,46.0855528652,51.2837372821,26.1,28.9,35.6666666667
17031440202,copd,COPD,90,1285,7.5,copd_crudeprev,0.1723,0,3,3,0,7.00389105058,sum_annual_numerators_divided_by_sum_annual_denominators,-0.496108949416,0.496108949416,intermediate,tertile,4.28240740741,5.50351562789,6.59574468085,5.1,6.4,7.9
17031440202,hypertension,hypertension,817,1285,48.2,bphigh_crudeprev,0.1723,0,3,3,0,63.579766537,sum_annual_numerators_divided_by_sum_annual_denominators,15.379766537,15.379766537,concordant_high,tertile,41.6381847783,46.0855528652,51.2837372821,26.1,28.9,35.6666666667
17031440300,copd,COPD,113,1774,6.4,copd_crudeprev,0.1187,0,3,3,0,6.36978579481,sum_annual_numerators_divided_by_sum_annual_denominators,-0.030214205186,0.030214205186,intermediate,tertile,4.28240740741,5.50351562789,6.59574468085,5.1,6.4,7.9
17031440300,hypertension,hypertension,1094,1774,44.6,bphigh_crudeprev,0.1187,0,3,3,0,61.6685456595,sum_annual_numerators_divided_by_sum_annual_denominators,17.0685456595,17.0685456595,concordant_high,tertile,41.6381847783,46.0855528652,51.2837372821,26.1,28.9,35.6666666667
17031440600,copd,COPD,43,816,8,copd_crudeprev,0.168,0,3,3,0,5.26960784314,sum_annual_numerators_divided_by_sum_annual_denominators,-2.73039215686,2.73039215686,public_high_ehr_not_high,tertile,4.28240740741,5.50351562789,6.59574468085,5.1,6.4,7.9
17031440600,hypertension,hypertension,502,816,45.6,bphigh_crudeprev,0.168,0,3,3,0,61.5196078431,sum_annual_numerators_divided_by_sum_annual_denominators,15.9196078431,15.9196078431,concordant_high,tertile,41.6381847783,46.0855528652,51.2837372821,26.1,28.9,35.6666666667
17031440700,hypertension,hypertension,316,518,47.5,bphigh_crudeprev,0.1049,0,3,3,0,61.0038610039,sum_annual_numerators_divided_by_sum_annual_denominators,13.5038610039,13.5038610039,concordant_high,tertile,41.6381847783,46.0855528652,51.2837372821,26.1,28.9,35.6666666667
17031440800,hypertension,hypertension,244,433,49.7,bphigh_crudeprev,0.0804,0,3,3,0,56.351039261,sum_annual_numerators_divided_by_sum_annual_denominators,6.65103926097,6.65103926097,concordant_high,tertile,41.6381847783,46.0855528652,51.2837372821,26.1,28.9,35.6666666667
17031440900,copd,COPD,53,782,7.3,copd_crudeprev,0.0814,0,3,3,0,6.77749360614,sum_annual_numerators_divided_by_sum_annual_denominators,-0.522506393862,0.522506393862,intermediate,tertile,4.28240740741,5.50351562789,6.59574468085,5.1,6.4,7.9
17031440900,hypertension,hypertension,423,782,44.7,bphigh_crudeprev,0.0814,0,3,3,0,54.0920716113,sum_annual_numerators_divided_by_sum_annual_denominators,9.39207161125,9.39207161125,concordant_high,tertile,41.6381847783,46.0855528652,51.2837372821,26.1,28.9,35.6666666667
17031450300,copd,COPD,77,1312,8,copd_crudeprev,0.1399,0,3,3,0,5.86890243902,sum_annual_numerators_divided_by_sum_annual_denominators,-2.13109756098,2.13109756098,intermediate,tertile,4.28240740741,5.50351562789,6.59574468085,5.1,6.4,7.9
17031450300,hypertension,hypertension,806,1312,46.4,bphigh_crudeprev,0.1399,0,3,3,0,61.4329268293,sum_annual_numerators_divided_by_sum_annual_denominators,15.0329268293,15.0329268293,concordant_high,tertile,41.6381847783,46.0855528652,51.2837372821,26.1,28.9,35.6666666667
17031460100,copd,COPD,59,921,7.9,copd_crudeprev,0.0986,0,3,3,0,6.40608034745,sum_annual_numerators_divided_by_sum_annual_denominators,-1.49391965255,1.49391965255,intermediate,tertile,4.28240740741,5.50351562789,6.59574468085,5.1,6.4,7.9
17031460100,hypertension,hypertension,532,921,41.6,bphigh_crudeprev,0.0986,0,3,3,0,57.76330076,sum_annual_numerators_divided_by_sum_annual_denominators,16.16330076,16.16330076,concordant_high,tertile,41.6381847783,46.0855528652,51.2837372821,26.1,28.9,35.6666666667
17031460200,hypertension,hypertension,271,481,37.5,bphigh_crudeprev,0.0406,0,3,3,0,56.340956341,sum_annual_numerators_divided_by_sum_annual_denominators,18.840956341,18.840956341,concordant_high,tertile,41.6381847783,46.0855528652,51.2837372821,26.1,28.9,35.6666666667
17031460301,copd,COPD,38,827,9,copd_crudeprev,0.0662,0,3,3,0,4.59492140266,sum_annual_numerators_divided_by_sum_annual_denominators,-4.40507859734,4.40507859734,public_high_ehr_not_high,tertile,4.28240740741,5.50351562789,6.59574468085,5.1,6.4,7.9
17031460301,hypertension,hypertension,434,827,41.2,bphigh_crudeprev,0.0662,0,3,3,0,52.4788391778,sum_annual_numerators_divided_by_sum_annual_denominators,11.2788391778,11.2788391778,concordant_high,tertile,41.6381847783,46.0855528652,51.2837372821,26.1,28.9,35.6666666667
17031460302,hypertension,hypertension,415,803,40.8,bphigh_crudeprev,0.0576,0,3,3,0,51.6811955168,sum_annual_numerators_divided_by_sum_annual_denominators,10.8811955168,10.8811955168,concordant_high,tertile,41.6381847783,46.0855528652,51.2837372821,26.1,28.9,35.6666666667
17031460400,copd,COPD,76,1110,7.1,copd_crudeprev,0.0902,0,3,3,0,6.84684684685,sum_annual_numerators_divided_by_sum_annual_denominators,-0.253153153153,0.253153153153,intermediate,tertile,4.28240740741,5.50351562789,6.59574468085,5.1,6.4,7.9
17031460400,hypertension,hypertension,677,1110,43.3,bphigh_crudeprev,0.0902,0,3,3,0,60.990990991,sum_annual_numerators_divided_by_sum_annual_denominators,17.690990991,17.690990991,concordant_high,tertile,41.6381847783,46.0855528652,51.2837372821,26.1,28.9,35.6666666667
17031460500,copd,COPD,138,2202,6.8,copd_crudeprev,0.1203,0,3,3,0,6.26702997275,sum_annual_numerators_divided_by_sum_annual_denominators,-0.532970027248,0.532970027248,intermediate,tertile,4.28240740741,5.50351562789,6.59574468085,5.1,6.4,7.9
17031460500,hypertension,hypertension,1386,2202,45.3,bphigh_crudeprev,0.1203,0,3,3,0,62.9427792916,sum_annual_numerators_divided_by_sum_annual_denominators,17.6427792916,17.6427792916,concordant_high,tertile,41.6381847783,46.0855528652,51.2837372821,26.1,28.9,35.6666666667
17031460800,hypertension,hypertension,255,505,42.2,bphigh_crudeprev,0.0259,0,3,3,0,50.495049505,sum_annual_numerators_divided_by_sum_annual_denominators,8.29504950495,8.29504950495,intermediate,tertile,41.6381847783,46.0855528652,51.2837372821,26.1,28.9,35.6666666667
17031461000,copd,COPD,34,360,17.1,copd_crudeprev,0.069,0,3,3,0,9.44444444444,sum_annual_numerators_divided_by_sum_annual_denominators,-7.65555555556,7.65555555556,concordant_high,tertile,4.28240740741,5.50351562789,6.59574468085,5.1,6.4,7.9
17031461000,hypertension,hypertension,220,360,58.4,bphigh_crudeprev,0.069,0,3,3,0,61.1111111111,sum_annual_numerators_divided_by_sum_annual_denominators,2.71111111111,2.71111111111,concordant_high,tertile,41.6381847783,46.0855528652,51.2837372821,26.1,28.9,35.6666666667
17031470100,copd,COPD,68,910,9.9,copd_crudeprev,0.1341,0,3,3,0,7.47252747253,sum_annual_numerators_divided_by_sum_annual_denominators,-2.42747252747,2.42747252747,concordant_high,tertile,4.28240740741,5.50351562789,6.59574468085,5.1,6.4,7.9
17031470100,hypertension,hypertension,515,910,48.6,bphigh_crudeprev,0.1341,0,3,3,0,56.5934065934,sum_annual_numerators_divided_by_sum_annual_denominators,7.99340659341,7.99340659341,concordant_high,tertile,41.6381847783,46.0855528652,51.2837372821,26.1,28.9,35.6666666667
17031480100,copd,COPD,55,905,7.2,copd_crudeprev,0.1453,0,3,3,0,6.0773480663,sum_annual_numerators_divided_by_sum_annual_denominators,-1.1226519337,1.1226519337,intermediate,tertile,4.28240740741,5.50351562789,6.59574468085,5.1,6.4,7.9
17031480100,hypertension,hypertension,572,905,48.5,bphigh_crudeprev,0.1453,0,3,3,0,63.2044198895,sum_annual_numerators_divided_by_sum_annual_denominators,14.7044198895,14.7044198895,concordant_high,tertile,41.6381847783,46.0855528652,51.2837372821,26.1,28.9,35.6666666667
17031480200,hypertension,hypertension,253,408,46.3,bphigh_crudeprev,0.1284,0,3,3,0,62.0098039216,sum_annual_numerators_divided_by_sum_annual_denominators,15.7098039216,15.7098039216,concordant_high,tertile,41.6381847783,46.0855528652,51.2837372821,26.1,28.9,35.6666666667
17031480300,hypertension,hypertension,285,471,46.7,bphigh_crudeprev,0.125,0,3,3,0,60.5095541401,sum_annual_numerators_divided_by_sum_annual_denominators,13.8095541401,13.8095541401,concordant_high,tertile,41.6381847783,46.0855528652,51.2837372821,26.1,28.9,35.6666666667
17031480400,copd,COPD,109,2236,5.4,copd_crudeprev,0.1567,0,3,3,0,4.8747763864,sum_annual_numerators_divided_by_sum_annual_denominators,-0.525223613596,0.525223613596,intermediate,tertile,4.28240740741,5.50351562789,6.59574468085,5.1,6.4,7.9
17031480400,hypertension,hypertension,1365,2236,44.3,bphigh_crudeprev,0.1567,0,3,3,0,61.0465116279,sum_annual_numerators_divided_by_sum_annual_denominators,16.7465116279,16.7465116279,concordant_high,tertile,41.6381847783,46.0855528652,51.2837372821,26.1,28.9,35.6666666667
17031480500,copd,COPD,50,920,7.9,copd_crudeprev,0.0913,0,3,3,0,5.4347826087,sum_annual_numerators_divided_by_sum_annual_denominators,-2.4652173913,2.4652173913,public_high_ehr_not_high,tertile,4.28240740741,5.50351562789,6.59574468085,5.1,6.4,7.9
17031480500,hypertension,hypertension,515,920,45.4,bphigh_crudeprev,0.0913,0,3,3,0,55.9782608696,sum_annual_numerators_divided_by_sum_annual_denominators,10.5782608696,10.5782608696,concordant_high,tertile,41.6381847783,46.0855528652,51.2837372821,26.1,28.9,35.6666666667
17031490200,copd,COPD,64,965,6.5,copd_crudeprev,0.1007,0,3,3,0,6.63212435233,sum_annual_numerators_divided_by_sum_annual_denominators,0.132124352332,0.132124352332,intermediate,tertile,4.28240740741,5.50351562789,6.59574468085,5.1,6.4,7.9
17031490200,hypertension,hypertension,582,965,44.2,bphigh_crudeprev,0.1007,0,3,3,0,60.310880829,sum_annual_numerators_divided_by_sum_annual_denominators,16.110880829,16.110880829,concordant_high,tertile,41.6381847783,46.0855528652,51.2837372821,26.1,28.9,35.6666666667
17031490500,hypertension,hypertension,373,602,38.6,bphigh_crudeprev,0.1055,0,3,3,0,61.9601328904,sum_annual_numerators_divided_by_sum_annual_denominators,23.3601328904,23.3601328904,concordant_high,tertile,41.6381847783,46.0855528652,51.2837372821,26.1,28.9,35.6666666667
17031490600,hypertension,hypertension,246,438,45.2,bphigh_crudeprev,0.0917,0,3,3,0,56.1643835616,sum_annual_numerators_divided_by_sum_annual_denominators,10.9643835616,10.9643835616,concordant_high,tertile,41.6381847783,46.0855528652,51.2837372821,26.1,28.9,35.6666666667
17031490700,hypertension,hypertension,420,755,48.9,bphigh_crudeprev,0.1021,0,3,3,0,55.6291390728,sum_annual_numerators_divided_by_sum_annual_denominators,6.72913907285,6.72913907285,concordant_high,tertile,41.6381847783,46.0855528652,51.2837372821,26.1,28.9,35.6666666667
17031490800,copd,COPD,54,1074,8.8,copd_crudeprev,0.1045,0,3,3,0,5.02793296089,sum_annual_numerators_divided_by_sum_annual_denominators,-3.77206703911,3.77206703911,public_high_ehr_not_high,tertile,4.28240740741,5.50351562789,6.59574468085,5.1,6.4,7.9
17031490800,hypertension,hypertension,632,1074,48.3,bphigh_crudeprev,0.1045,0,3,3,0,58.8454376164,sum_annual_numerators_divided_by_sum_annual_denominators,10.5454376164,10.5454376164,concordant_high,tertile,41.6381847783,46.0855528652,51.2837372821,26.1,28.9,35.6666666667
17031490901,copd,COPD,81,867,10.4,copd_crudeprev,0.1113,0,3,3,0,9.34256055363,sum_annual_numerators_divided_by_sum_annual_denominators,-1.05743944637,1.05743944637,concordant_high,tertile,4.28240740741,5.50351562789,6.59574468085,5.1,6.4,7.9
17031490901,hypertension,hypertension,514,867,49.3,bphigh_crudeprev,0.1113,0,3,3,0,59.2848904268,sum_annual_numerators_divided_by_sum_annual_denominators,9.98489042676,9.98489042676,concordant_high,tertile,41.6381847783,46.0855528652,51.2837372821,26.1,28.9,35.6666666667
17031490902,copd,COPD,96,1279,8,copd_crudeprev,0.0914,0,3,3,0,7.50586395622,sum_annual_numerators_divided_by_sum_annual_denominators,-0.494136043784,0.494136043784,concordant_high,tertile,4.28240740741,5.50351562789,6.59574468085,5.1,6.4,7.9
17031490902,hypertension,hypertension,784,1279,46.3,bphigh_crudeprev,0.0914,0,3,3,0,61.2978889758,sum_annual_numerators_divided_by_sum_annual_denominators,14.9978889758,14.9978889758,concordant_high,tertile,41.6381847783,46.0855528652,51.2837372821,26.1,28.9,35.6666666667
17031491000,copd,COPD,99,1007,11.9,copd_crudeprev,0.0791,0,3,3,0,9.8311817279,sum_annual_numerators_divided_by_sum_annual_denominators,-2.0688182721,2.0688182721,concordant_high,tertile,4.28240740741,5.50351562789,6.59574468085,5.1,6.4,7.9
17031491000,hypertension,hypertension,588,1007,48.1,bphigh_crudeprev,0.0791,0,3,3,0,58.3912611718,sum_annual_numerators_divided_by_sum_annual_denominators,10.2912611718,10.2912611718,concordant_high,tertile,41.6381847783,46.0855528652,51.2837372821,26.1,28.9,35.6666666667
17031491100,copd,COPD,64,1188,7.5,copd_crudeprev,0.0913,0,3,3,0,5.38720538721,sum_annual_numerators_divided_by_sum_annual_denominators,-2.11279461279,2.11279461279,intermediate,tertile,4.28240740741,5.50351562789,6.59574468085,5.1,6.4,7.9
17031491100,hypertension,hypertension,742,1188,46.7,bphigh_crudeprev,0.0913,0,3,3,0,62.4579124579,sum_annual_numerators_divided_by_sum_annual_denominators,15.7579124579,15.7579124579,concordant_high,tertile,41.6381847783,46.0855528652,51.2837372821,26.1,28.9,35.6666666667
17031491200,copd,COPD,36,592,9.8,copd_crudeprev,0.1082,0,3,3,0,6.08108108108,sum_annual_numerators_divided_by_sum_annual_denominators,-3.71891891892,3.71891891892,intermediate,tertile,4.28240740741,5.50351562789,6.59574468085,5.1,6.4,7.9
17031491200,hypertension,hypertension,313,592,48.6,bphigh_crudeprev,0.1082,0,3,3,0,52.8716216216,sum_annual_numerators_divided_by_sum_annual_denominators,4.27162162162,4.27162162162,concordant_high,tertile,41.6381847783,46.0855528652,51.2837372821,26.1,28.9,35.6666666667
17031491300,copd,COPD,57,653,10.5,copd_crudeprev,0.0961,0,3,3,0,8.72894333844,sum_annual_numerators_divided_by_sum_annual_denominators,-1.77105666156,1.77105666156,concordant_high,tertile,4.28240740741,5.50351562789,6.59574468085,5.1,6.4,7.9
17031491300,hypertension,hypertension,354,653,47.5,bphigh_crudeprev,0.0961,0,3,3,0,54.2113323124,sum_annual_numerators_divided_by_sum_annual_denominators,6.7113323124,6.7113323124,concordant_high,tertile,41.6381847783,46.0855528652,51.2837372821,26.1,28.9,35.6666666667
17031491400,copd,COPD,74,1238,8.6,copd_crudeprev,0.1566,0,3,3,0,5.97738287561,sum_annual_numerators_divided_by_sum_annual_denominators,-2.62261712439,2.62261712439,intermediate,tertile,4.28240740741,5.50351562789,6.59574468085,5.1,6.4,7.9
17031491400,hypertension,hypertension,724,1238,44.3,bphigh_crudeprev,0.1566,0,3,3,0,58.4814216478,sum_annual_numerators_divided_by_sum_annual_denominators,14.1814216478,14.1814216478,concordant_high,tertile,41.6381847783,46.0855528652,51.2837372821,26.1,28.9,35.6666666667
17031500100,copd,COPD,77,1194,6.6,copd_crudeprev,0.1256,0,3,3,0,6.44891122278,sum_annual_numerators_divided_by_sum_annual_denominators,-0.151088777219,0.151088777219,intermediate,tertile,4.28240740741,5.50351562789,6.59574468085,5.1,6.4,7.9
17031500100,hypertension,hypertension,733,1194,43.7,bphigh_crudeprev,0.1256,0,3,3,0,61.3902847571,sum_annual_numerators_divided_by_sum_annual_denominators,17.6902847571,17.6902847571,concordant_high,tertile,41.6381847783,46.0855528652,51.2837372821,26.1,28.9,35.6666666667
17031500200,hypertension,hypertension,213,424,43.1,bphigh_crudeprev,0.0753,0,3,3,0,50.2358490566,sum_annual_numerators_divided_by_sum_annual_denominators,7.1358490566,7.1358490566,intermediate,tertile,41.6381847783,46.0855528652,51.2837372821,26.1,28.9,35.6666666667
17031500300,hypertension,hypertension,166,308,38,bphigh_crudeprev,0.0303,0,3,3,0,53.8961038961,sum_annual_numerators_divided_by_sum_annual_denominators,15.8961038961,15.8961038961,concordant_high,tertile,41.6381847783,46.0855528652,51.2837372821,26.1,28.9,35.6666666667
17031510100,hypertension,hypertension,365,695,29.6,bphigh_crudeprev,0.0339,0,3,3,0,52.5179856115,sum_annual_numerators_divided_by_sum_annual_denominators,22.9179856115,22.9179856115,intermediate,tertile,41.6381847783,46.0855528652,51.2837372821,26.1,28.9,35.6666666667
17031510200,copd,COPD,53,1086,8.7,copd_crudeprev,0.0881,0,3,3,0,4.8802946593,sum_annual_numerators_divided_by_sum_annual_denominators,-3.8197053407,3.8197053407,public_high_ehr_not_high,tertile,4.28240740741,5.50351562789,6.59574468085,5.1,6.4,7.9
17031510200,hypertension,hypertension,621,1086,43.9,bphigh_crudeprev,0.0881,0,3,3,0,57.182320442,sum_annual_numerators_divided_by_sum_annual_denominators,13.282320442,13.282320442,concordant_high,tertile,41.6381847783,46.0855528652,51.2837372821,26.1,28.9,35.6666666667
17031510300,copd,COPD,123,1846,11.6,copd_crudeprev,0.1299,0,3,3,0,6.6630552546,sum_annual_numerators_divided_by_sum_annual_denominators,-4.9369447454,4.9369447454,concordant_high,tertile,4.28240740741,5.50351562789,6.59574468085,5.1,6.4,7.9
17031510300,hypertension,hypertension,1111,1846,50.4,bphigh_crudeprev,0.1299,0,3,3,0,60.1841820152,sum_annual_numerators_divided_by_sum_annual_denominators,9.78418201517,9.78418201517,concordant_high,tertile,41.6381847783,46.0855528652,51.2837372821,26.1,28.9,35.6666666667
17031520100,hypertension,hypertension,169,395,31.3,bphigh_crudeprev,0.0315,0,3,3,0,42.7848101266,sum_annual_numerators_divided_by_sum_annual_denominators,11.4848101266,11.4848101266,intermediate,tertile,41.6381847783,46.0855528652,51.2837372821,26.1,28.9,35.6666666667
17031520200,hypertension,hypertension,315,657,29.7,bphigh_crudeprev,0.0314,0,3,3,0,47.9452054795,sum_annual_numerators_divided_by_sum_annual_denominators,18.2452054795,18.2452054795,intermediate,tertile,41.6381847783,46.0855528652,51.2837372821,26.1,28.9,35.6666666667
17031520300,copd,COPD,39,1067,5.7,copd_crudeprev,0.0317,0,3,3,0,3.65510777882,sum_annual_numerators_divided_by_sum_annual_denominators,-2.04489222118,2.04489222118,intermediate,tertile,4.28240740741,5.50351562789,6.59574468085,5.1,6.4,7.9
17031520300,hypertension,hypertension,500,1067,29.1,bphigh_crudeprev,0.0317,0,3,3,0,46.8603561387,sum_annual_numerators_divided_by_sum_annual_denominators,17.7603561387,17.7603561387,intermediate,tertile,41.6381847783,46.0855528652,51.2837372821,26.1,28.9,35.6666666667
17031520400,hypertension,hypertension,397,821,29.8,bphigh_crudeprev,0.0391,0,3,3,0,48.3556638246,sum_annual_numerators_divided_by_sum_annual_denominators,18.5556638246,18.5556638246,intermediate,tertile,41.6381847783,46.0855528652,51.2837372821,26.1,28.9,35.6666666667
17031520500,copd,COPD,41,1122,5.9,copd_crudeprev,0.0377,0,3,3,0,3.65418894831,sum_annual_numerators_divided_by_sum_annual_denominators,-2.24581105169,2.24581105169,intermediate,tertile,4.28240740741,5.50351562789,6.59574468085,5.1,6.4,7.9
17031520500,hypertension,hypertension,531,1122,29.8,bphigh_crudeprev,0.0377,0,3,3,0,47.3262032086,sum_annual_numerators_divided_by_sum_annual_denominators,17.5262032086,17.5262032086,intermediate,tertile,41.6381847783,46.0855528652,51.2837372821,26.1,28.9,35.6666666667
17031520600,hypertension,hypertension,235,472,30.5,bphigh_crudeprev,0.0289,0,3,3,0,49.7881355932,sum_annual_numerators_divided_by_sum_annual_denominators,19.2881355932,19.2881355932,intermediate,tertile,41.6381847783,46.0855528652,51.2837372821,26.1,28.9,35.6666666667
17031530100,hypertension,hypertension,261,465,43.9,bphigh_crudeprev,0.0529,0,3,3,0,56.1290322581,sum_annual_numerators_divided_by_sum_annual_denominators,12.2290322581,12.2290322581,concordant_high,tertile,41.6381847783,46.0855528652,51.2837372821,26.1,28.9,35.6666666667
17031530200,copd,COPD,88,1022,8.4,copd_crudeprev,0.0719,0,3,3,0,8.61056751468,sum_annual_numerators_divided_by_sum_annual_denominators,0.210567514677,0.210567514677,concordant_high,tertile,4.28240740741,5.50351562789,6.59574468085,5.1,6.4,7.9
17031530200,hypertension,hypertension,585,1022,44.3,bphigh_crudeprev,0.0719,0,3,3,0,57.240704501,sum_annual_numerators_divided_by_sum_annual_denominators,12.940704501,12.940704501,concordant_high,tertile,41.6381847783,46.0855528652,51.2837372821,26.1,28.9,35.6666666667
17031530300,copd,COPD,83,1111,8.6,copd_crudeprev,0.1022,0,3,3,0,7.47074707471,sum_annual_numerators_divided_by_sum_annual_denominators,-1.12925292529,1.12925292529,concordant_high,tertile,4.28240740741,5.50351562789,6.59574468085,5.1,6.4,7.9
17031530300,hypertension,hypertension,633,1111,46.6,bphigh_crudeprev,0.1022,0,3,3,0,56.9756975698,sum_annual_numerators_divided_by_sum_annual_denominators,10.3756975698,10.3756975698,concordant_high,tertile,41.6381847783,46.0855528652,51.2837372821,26.1,28.9,35.6666666667
17031530400,hypertension,hypertension,345,588,42.6,bphigh_crudeprev,0.0813,0,3,3,0,58.6734693878,sum_annual_numerators_divided_by_sum_annual_denominators,16.0734693878,16.0734693878,concordant_high,tertile,41.6381847783,46.0855528652,51.2837372821,26.1,28.9,35.6666666667
17031530501,copd,COPD,79,1165,12.2,copd_crudeprev,0.0747,0,3,3,0,6.78111587983,sum_annual_numerators_divided_by_sum_annual_denominators,-5.41888412017,5.41888412017,concordant_high,tertile,4.28240740741,5.50351562789,6.59574468085,5.1,6.4,7.9
17031530501,hypertension,hypertension,675,1165,49.8,bphigh_crudeprev,0.0747,0,3,3,0,57.9399141631,sum_annual_numerators_divided_by_sum_annual_denominators,8.13991416309,8.13991416309,concordant_high,tertile,41.6381847783,46.0855528652,51.2837372821,26.1,28.9,35.6666666667
17031530502,copd,COPD,38,393,6.7,copd_crudeprev,0.0844,0,3,3,0,9.66921119593,sum_annual_numerators_divided_by_sum_annual_denominators,2.96921119593,2.96921119593,intermediate,tertile,4.28240740741,5.50351562789,6.59574468085,5.1,6.4,7.9
17031530502,hypertension,hypertension,238,393,44.1,bphigh_crudeprev,0.0844,0,3,3,0,60.5597964377,sum_annual_numerators_divided_by_sum_annual_denominators,16.4597964377,16.4597964377,concordant_high,tertile,41.6381847783,46.0855528652,51.2837372821,26.1,28.9,35.6666666667
17031530503,copd,COPD,76,1332,7.3,copd_crudeprev,0.1056,0,3,3,0,5.70570570571,sum_annual_numerators_divided_by_sum_annual_denominators,-1.59429429429,1.59429429429,intermediate,tertile,4.28240740741,5.50351562789,6.59574468085,5.1,6.4,7.9
17031530503,hypertension,hypertension,753,1332,45.3,bphigh_crudeprev,0.1056,0,3,3,0,56.5315315315,sum_annual_numerators_divided_by_sum_annual_denominators,11.2315315315,11.2315315315,concordant_high,tertile,41.6381847783,46.0855528652,51.2837372821,26.1,28.9,35.6666666667
17031530600,copd,COPD,61,738,7.2,copd_crudeprev,0.1112,0,3,3,0,8.26558265583,sum_annual_numerators_divided_by_sum_annual_denominators,1.06558265583,1.06558265583,intermediate,tertile,4.28240740741,5.50351562789,6.59574468085,5.1,6.4,7.9
17031530600,hypertension,hypertension,437,738,42.6,bphigh_crudeprev,0.1112,0,3,3,0,59.2140921409,sum_annual_numerators_divided_by_sum_annual_denominators,16.6140921409,16.6140921409,concordant_high,tertile,41.6381847783,46.0855528652,51.2837372821,26.1,28.9,35.6666666667
17031540101,copd,COPD,91,1166,11.5,copd_crudeprev,0.0951,0,3,3,0,7.80445969125,sum_annual_numerators_divided_by_sum_annual_denominators,-3.69554030875,3.69554030875,concordant_high,tertile,4.28240740741,5.50351562789,6.59574468085,5.1,6.4,7.9
17031540101,hypertension,hypertension,621,1166,42.2,bphigh_crudeprev,0.0951,0,3,3,0,53.2590051458,sum_annual_numerators_divided_by_sum_annual_denominators,11.0590051458,11.0590051458,concordant_high,tertile,41.6381847783,46.0855528652,51.2837372821,26.1,28.9,35.6666666667
17031540102,copd,COPD,41,448,11.7,copd_crudeprev,0.0405,0,3,3,0,9.15178571429,sum_annual_numerators_divided_by_sum_annual_denominators,-2.54821428571,2.54821428571,concordant_high,tertile,4.28240740741,5.50351562789,6.59574468085,5.1,6.4,7.9
17031540102,hypertension,hypertension,256,448,44.6,bphigh_crudeprev,0.0405,0,3,3,0,57.1428571429,sum_annual_numerators_divided_by_sum_annual_denominators,12.5428571429,12.5428571429,concordant_high,tertile,41.6381847783,46.0855528652,51.2837372821,26.1,28.9,35.6666666667
17031550100,copd,COPD,69,1282,7.7,copd_crudeprev,0.0388,0,3,3,0,5.38221528861,sum_annual_numerators_divided_by_sum_annual_denominators,-2.31778471139,2.31778471139,intermediate,tertile,4.28240740741,5.50351562789,6.59574468085,5.1,6.4,7.9
17031550100,hypertension,hypertension,619,1282,33.1,bphigh_crudeprev,0.0388,0,3,3,0,48.2839313573,sum_annual_numerators_divided_by_sum_annual_denominators,15.1839313573,15.1839313573,intermediate,tertile,41.6381847783,46.0855528652,51.2837372821,26.1,28.9,35.6666666667
17031550200,hypertension,hypertension,270,604,29.6,bphigh_crudeprev,0.0379,0,3,3,0,44.701986755,sum_annual_numerators_divided_by_sum_annual_denominators,15.101986755,15.101986755,intermediate,tertile,41.6381847783,46.0855528652,51.2837372821,26.1,28.9,35.6666666667
17031560100,hypertension,hypertension,288,727,33.8,bphigh_crudeprev,0.1099,0,3,3,0,39.6148555708,sum_annual_numerators_divided_by_sum_annual_denominators,5.81485557084,5.81485557084,intermediate,tertile,41.6381847783,46.0855528652,51.2837372821,26.1,28.9,35.6666666667
17031560200,copd,COPD,34,660,7.3,copd_crudeprev,0.0854,0,3,3,0,5.15151515152,sum_annual_numerators_divided_by_sum_annual_denominators,-2.14848484848,2.14848484848,intermediate,tertile,4.28240740741,5.50351562789,6.59574468085,5.1,6.4,7.9
17031560200,hypertension,hypertension,370,660,40.2,bphigh_crudeprev,0.0854,0,3,3,0,56.0606060606,sum_annual_numerators_divided_by_sum_annual_denominators,15.8606060606,15.8606060606,concordant_high,tertile,41.6381847783,46.0855528652,51.2837372821,26.1,28.9,35.6666666667
17031560300,copd,COPD,49,1074,5.7,copd_crudeprev,0.0572,0,3,3,0,4.56238361266,sum_annual_numerators_divided_by_sum_annual_denominators,-1.13761638734,1.13761638734,intermediate,tertile,4.28240740741,5.50351562789,6.59574468085,5.1,6.4,7.9
17031560300,hypertension,hypertension,486,1074,30.1,bphigh_crudeprev,0.0572,0,3,3,0,45.251396648,sum_annual_numerators_divided_by_sum_annual_denominators,15.151396648,15.151396648,intermediate,tertile,41.6381847783,46.0855528652,51.2837372821,26.1,28.9,35.6666666667
17031560400,hypertension,hypertension,221,525,30.9,bphigh_crudeprev,0.0557,0,3,3,0,42.0952380952,sum_annual_numerators_divided_by_sum_annual_denominators,11.1952380952,11.1952380952,intermediate,tertile,41.6381847783,46.0855528652,51.2837372821,26.1,28.9,35.6666666667
17031560700,copd,COPD,50,1037,5.6,copd_crudeprev,0.0463,0,3,3,0,4.82160077146,sum_annual_numerators_divided_by_sum_annual_denominators,-0.778399228544,0.778399228544,intermediate,tertile,4.28240740741,5.50351562789,6.59574468085,5.1,6.4,7.9
17031560700,hypertension,hypertension,437,1037,27.5,bphigh_crudeprev,0.0463,0,3,3,0,42.1407907425,sum_annual_numerators_divided_by_sum_annual_denominators,14.6407907425,14.6407907425,intermediate,tertile,41.6381847783,46.0855528652,51.2837372821,26.1,28.9,35.6666666667
17031560800,copd,COPD,70,1750,4.9,copd_crudeprev,0.0525,0,3,3,0,4,sum_annual_numerators_divided_by_sum_annual_denominators,-0.9,0.9,concordant_low,tertile,4.28240740741,5.50351562789,6.59574468085,5.1,6.4,7.9
17031560800,hypertension,hypertension,742,1750,26.8,bphigh_crudeprev,0.0525,0,3,3,0,42.4,sum_annual_numerators_divided_by_sum_annual_denominators,15.6,15.6,intermediate,tertile,41.6381847783,46.0855528652,51.2837372821,26.1,28.9,35.6666666667
17031560900,hypertension,hypertension,698,1663,29,bphigh_crudeprev,0.0605,0,3,3,0,41.9723391461,sum_annual_numerators_divided_by_sum_annual_denominators,12.9723391461,12.9723391461,intermediate,tertile,41.6381847783,46.0855528652,51.2837372821,26.1,28.9,35.6666666667
17031561000,copd,COPD,78,1802,5.9,copd_crudeprev,0.054,0,3,3,0,4.32852386238,sum_annual_numerators_divided_by_sum_annual_denominators,-1.57147613762,1.57147613762,intermediate,tertile,4.28240740741,5.50351562789,6.59574468085,5.1,6.4,7.9
17031561000,hypertension,hypertension,795,1802,29.6,bphigh_crudeprev,0.054,0,3,3,0,44.1176470588,sum_annual_numerators_divided_by_sum_annual_denominators,14.5176470588,14.5176470588,intermediate,tertile,41.6381847783,46.0855528652,51.2837372821,26.1,28.9,35.6666666667
17031561100,copd,COPD,58,1788,4.8,copd_crudeprev,0.0538,0,3,3,0,3.24384787472,sum_annual_numerators_divided_by_sum_annual_denominators,-1.55615212528,1.55615212528,concordant_low,tertile,4.28240740741,5.50351562789,6.59574468085,5.1,6.4,7.9
17031561100,hypertension,hypertension,802,1788,26.8,bphigh_crudeprev,0.0538,0,3,3,0,44.8545861298,sum_annual_numerators_divided_by_sum_annual_denominators,18.0545861298,18.0545861298,intermediate,tertile,41.6381847783,46.0855528652,51.2837372821,26.1,28.9,35.6666666667
17031570100,hypertension,hypertension,164,393,28.7,bphigh_crudeprev,0.0552,0,3,3,0,41.7302798982,sum_annual_numerators_divided_by_sum_annual_denominators,13.0302798982,13.0302798982,intermediate,tertile,41.6381847783,46.0855528652,51.2837372821,26.1,28.9,35.6666666667
17031570200,hypertension,hypertension,269,648,25.1,bphigh_crudeprev,0.0517,0,3,3,0,41.512345679,sum_annual_numerators_divided_by_sum_annual_denominators,16.412345679,16.412345679,concordant_low,tertile,41.6381847783,46.0855528652,51.2837372821,26.1,28.9,35.6666666667
17031570300,copd,COPD,36,1897,4.4,copd_crudeprev,0.0543,0,3,3,0,1.89773326305,sum_annual_numerators_divided_by_sum_annual_denominators,-2.50226673695,2.50226673695,concordant_low,tertile,4.28240740741,5.50351562789,6.59574468085,5.1,6.4,7.9
17031570300,hypertension,hypertension,822,1897,25.2,bphigh_crudeprev,0.0543,0,3,3,0,43.3315761729,sum_annual_numerators_divided_by_sum_annual_denominators,18.1315761729,18.1315761729,intermediate,tertile,41.6381847783,46.0855528652,51.2837372821,26.1,28.9,35.6666666667
17031570400,hypertension,hypertension,225,475,26.4,bphigh_crudeprev,0.0448,0,3,3,0,47.3684210526,sum_annual_numerators_divided_by_sum_annual_denominators,20.9684210526,20.9684210526,intermediate,tertile,41.6381847783,46.0855528652,51.2837372821,26.1,28.9,35.6666666667
17031570500,hypertension,hypertension,359,783,25,bphigh_crudeprev,0.0495,0,3,3,0,45.8492975734,sum_annual_numerators_divided_by_sum_annual_denominators,20.8492975734,20.8492975734,intermediate,tertile,41.6381847783,46.0855528652,51.2837372821,26.1,28.9,35.6666666667
17031580100,copd,COPD,48,1020,4.2,copd_crudeprev,0.0939,0,3,3,0,4.70588235294,sum_annual_numerators_divided_by_sum_annual_denominators,0.505882352941,0.505882352941,intermediate,tertile,4.28240740741,5.50351562789,6.59574468085,5.1,6.4,7.9
17031580100,hypertension,hypertension,469,1020,26.7,bphigh_crudeprev,0.0939,0,3,3,0,45.9803921569,sum_annual_numerators_divided_by_sum_annual_denominators,19.2803921569,19.2803921569,intermediate,tertile,41.6381847783,46.0855528652,51.2837372821,26.1,28.9,35.6666666667
17031580200,hypertension,hypertension,426,939,31.8,bphigh_crudeprev,0.0544,0,3,3,0,45.3674121406,sum_annual_numerators_divided_by_sum_annual_denominators,13.5674121406,13.5674121406,intermediate,tertile,41.6381847783,46.0855528652,51.2837372821,26.1,28.9,35.6666666667
17031580300,hypertension,hypertension,336,764,24.8,bphigh_crudeprev,0.0565,0,3,3,0,43.9790575916,sum_annual_numerators_divided_by_sum_annual_denominators,19.1790575916,19.1790575916,intermediate,tertile,41.6381847783,46.0855528652,51.2837372821,26.1,28.9,35.6666666667
17031580400,copd,COPD,58,1313,5.8,copd_crudeprev,0.0521,0,3,3,0,4.4173648134,sum_annual_numerators_divided_by_sum_annual_denominators,-1.3826351866,1.3826351866,intermediate,tertile,4.28240740741,5.50351562789,6.59574468085,5.1,6.4,7.9
17031580400,hypertension,hypertension,610,1313,29.8,bphigh_crudeprev,0.0521,0,3,3,0,46.458492003,sum_annual_numerators_divided_by_sum_annual_denominators,16.658492003,16.658492003,intermediate,tertile,41.6381847783,46.0855528652,51.2837372821,26.1,28.9,35.6666666667
17031580501,hypertension,hypertension,731,1566,26,bphigh_crudeprev,0.0578,0,3,3,0,46.6794380587,sum_annual_numerators_divided_by_sum_annual_denominators,20.6794380587,20.6794380587,intermediate,tertile,41.6381847783,46.0855528652,51.2837372821,26.1,28.9,35.6666666667
17031580502,copd,COPD,51,1452,5.6,copd_crudeprev,0.0481,0,3,3,0,3.51239669421,sum_annual_numerators_divided_by_sum_annual_denominators,-2.08760330579,2.08760330579,intermediate,tertile,4.28240740741,5.50351562789,6.59574468085,5.1,6.4,7.9
17031580502,hypertension,hypertension,652,1452,28.6,bphigh_crudeprev,0.0481,0,3,3,0,44.9035812672,sum_annual_numerators_divided_by_sum_annual_denominators,16.3035812672,16.3035812672,intermediate,tertile,41.6381847783,46.0855528652,51.2837372821,26.1,28.9,35.6666666667
17031580600,copd,COPD,52,1618,4.9,copd_crudeprev,0.0572,0,3,3,0,3.21384425216,sum_annual_numerators_divided_by_sum_annual_denominators,-1.68615574784,1.68615574784,concordant_low,tertile,4.28240740741,5.50351562789,6.59574468085,5.1,6.4,7.9
17031580600,hypertension,hypertension,658,1618,26.3,bphigh_crudeprev,0.0572,0,3,3,0,40.6674907293,sum_annual_numerators_divided_by_sum_annual_denominators,14.3674907293,14.3674907293,intermediate,tertile,41.6381847783,46.0855528652,51.2837372821,26.1,28.9,35.6666666667
17031580700,copd,COPD,62,1851,6.5,copd_crudeprev,0.0611,0,3,3,0,3.34954078876,sum_annual_numerators_divided_by_sum_annual_denominators,-3.15045921124,3.15045921124,intermediate,tertile,4.28240740741,5.50351562789,6.59574468085,5.1,6.4,7.9
17031580700,hypertension,hypertension,830,1851,30,bphigh_crudeprev,0.0611,0,3,3,0,44.8406266883,sum_annual_numerators_divided_by_sum_annual_denominators,14.8406266883,14.8406266883,intermediate,tertile,41.6381847783,46.0855528652,51.2837372821,26.1,28.9,35.6666666667
17031580800,hypertension,hypertension,245,539,24.1,bphigh_crudeprev,0.0437,0,3,3,0,45.4545454545,sum_annual_numerators_divided_by_sum_annual_denominators,21.3545454545,21.3545454545,intermediate,tertile,41.6381847783,46.0855528652,51.2837372821,26.1,28.9,35.6666666667
17031590500,hypertension,hypertension,394,853,25.8,bphigh_crudeprev,0.0994,0,3,3,0,46.1899179367,sum_annual_numerators_divided_by_sum_annual_denominators,20.3899179367,20.3899179367,intermediate,tertile,41.6381847783,46.0855528652,51.2837372821,26.1,28.9,35.6666666667
17031590600,copd,COPD,50,1333,4.5,copd_crudeprev,0.0645,0,3,3,0,3.75093773443,sum_annual_numerators_divided_by_sum_annual_denominators,-0.749062265566,0.749062265566,concordant_low,tertile,4.28240740741,5.50351562789,6.59574468085,5.1,6.4,7.9
17031590600,hypertension,hypertension,601,1333,26,bphigh_crudeprev,0.0645,0,3,3,0,45.0862715679,sum_annual_numerators_divided_by_sum_annual_denominators,19.0862715679,19.0862715679,intermediate,tertile,41.6381847783,46.0855528652,51.2837372821,26.1,28.9,35.6666666667
17031590700,copd,COPD,43,1148,4.2,copd_crudeprev,0.0786,0,3,3,0,3.7456445993,sum_annual_numerators_divided_by_sum_annual_denominators,-0.454355400697,0.454355400697,concordant_low,tertile,4.28240740741,5.50351562789,6.59574468085,5.1,6.4,7.9
17031590700,hypertension,hypertension,518,1148,24.1,bphigh_crudeprev,0.0786,0,3,3,0,45.1219512195,sum_annual_numerators_divided_by_sum_annual_denominators,21.0219512195,21.0219512195,intermediate,tertile,41.6381847783,46.0855528652,51.2837372821,26.1,28.9,35.6666666667
17031600400,copd,COPD,89,1507,6.7,copd_crudeprev,0.0882,0,3,3,0,5.90577305906,sum_annual_numerators_divided_by_sum_annual_denominators,-0.794226940942,0.794226940942,intermediate,tertile,4.28240740741,5.50351562789,6.59574468085,5.1,6.4,7.9
17031600400,hypertension,hypertension,749,1507,31.5,bphigh_crudeprev,0.0882,0,3,3,0,49.701393497,sum_annual_numerators_divided_by_sum_annual_denominators,18.201393497,18.201393497,intermediate,tertile,41.6381847783,46.0855528652,51.2837372821,26.1,28.9,35.6666666667
17031600600,copd,COPD,61,1167,5.8,copd_crudeprev,0.0985,0,3,3,0,5.22707797772,sum_annual_numerators_divided_by_sum_annual_denominators,-0.572922022279,0.572922022279,intermediate,tertile,4.28240740741,5.50351562789,6.59574468085,5.1,6.4,7.9
17031600600,hypertension,hypertension,524,1167,29,bphigh_crudeprev,0.0985,0,3,3,0,44.9014567266,sum_annual_numerators_divided_by_sum_annual_denominators,15.9014567266,15.9014567266,intermediate,tertile,41.6381847783,46.0855528652,51.2837372821,26.1,28.9,35.6666666667
17031600700,copd,COPD,67,1242,5.8,copd_crudeprev,0.0955,0,3,3,0,5.39452495974,sum_annual_numerators_divided_by_sum_annual_denominators,-0.405475040258,0.405475040258,intermediate,tertile,4.28240740741,5.50351562789,6.59574468085,5.1,6.4,7.9
17031600700,hypertension,hypertension,539,1242,28.6,bphigh_crudeprev,0.0955,0,3,3,0,43.3977455717,sum_annual_numerators_divided_by_sum_annual_denominators,14.7977455717,14.7977455717,intermediate,tertile,41.6381847783,46.0855528652,51.2837372821,26.1,28.9,35.6666666667
17031600900,copd,COPD,103,1548,5.9,copd_crudeprev,0.091,0,3,3,0,6.65374677003,sum_annual_numerators_divided_by_sum_annual_denominators,0.753746770026,0.753746770026,ehr_high_public_not_high,tertile,4.28240740741,5.50351562789,6.59574468085,5.1,6.4,7.9
17031600900,hypertension,hypertension,718,1548,27.9,bphigh_crudeprev,0.091,0,3,3,0,46.3824289406,sum_annual_numerators_divided_by_sum_annual_denominators,18.4824289406,18.4824289406,intermediate,tertile,41.6381847783,46.0855528652,51.2837372821,26.1,28.9,35.6666666667
17031610300,copd,COPD,50,1481,6.3,copd_crudeprev,0.0466,0,3,3,0,3.3760972316,sum_annual_numerators_divided_by_sum_annual_denominators,-2.9239027684,2.9239027684,intermediate,tertile,4.28240740741,5.50351562789,6.59574468085,5.1,6.4,7.9
17031610300,hypertension,hypertension,662,1481,29.8,bphigh_crudeprev,0.0466,0,3,3,0,44.6995273464,sum_annual_numerators_divided_by_sum_annual_denominators,14.8995273464,14.8995273464,intermediate,tertile,41.6381847783,46.0855528652,51.2837372821,26.1,28.9,35.6666666667
17031610400,copd,COPD,34,698,4.9,copd_crudeprev,0.0615,0,3,3,0,4.87106017192,sum_annual_numerators_divided_by_sum_annual_denominators,-0.0289398280802,0.0289398280802,intermediate,tertile,4.28240740741,5.50351562789,6.59574468085,5.1,6.4,7.9
17031610400,hypertension,hypertension,357,698,26.6,bphigh_crudeprev,0.0615,0,3,3,0,51.1461318052,sum_annual_numerators_divided_by_sum_annual_denominators,24.5461318052,24.5461318052,intermediate,tertile,41.6381847783,46.0855528652,51.2837372821,26.1,28.9,35.6666666667
17031610800,copd,COPD,60,742,5.7,copd_crudeprev,0.084,0,3,3,0,8.08625336927,sum_annual_numerators_divided_by_sum_annual_denominators,2.38625336927,2.38625336927,ehr_high_public_not_high,tertile,4.28240740741,5.50351562789,6.59574468085,5.1,6.4,7.9
17031610800,hypertension,hypertension,353,742,26.6,bphigh_crudeprev,0.084,0,3,3,0,47.5741239892,sum_annual_numerators_divided_by_sum_annual_denominators,20.9741239892,20.9741239892,intermediate,tertile,41.6381847783,46.0855528652,51.2837372821,26.1,28.9,35.6666666667
17031611200,hypertension,hypertension,453,957,29.5,bphigh_crudeprev,0.0819,0,3,3,0,47.3354231975,sum_annual_numerators_divided_by_sum_annual_denominators,17.8354231975,17.8354231975,intermediate,tertile,41.6381847783,46.0855528652,51.2837372821,26.1,28.9,35.6666666667
17031611300,copd,COPD,50,1231,6,copd_crudeprev,0.0617,0,3,3,0,4.06173842405,sum_annual_numerators_divided_by_sum_annual_denominators,-1.93826157595,1.93826157595,intermediate,tertile,4.28240740741,5.50351562789,6.59574468085,5.1,6.4,7.9
17031611300,hypertension,hypertension,545,1231,30.2,bphigh_crudeprev,0.0617,0,3,3,0,44.2729488221,sum_annual_numerators_divided_by_sum_annual_denominators,14.0729488221,14.0729488221,intermediate,tertile,41.6381847783,46.0855528652,51.2837372821,26.1,28.9,35.6666666667
17031611400,hypertension,hypertension,580,1207,35.6,bphigh_crudeprev,0.0493,0,3,3,0,48.0530240265,sum_annual_numerators_divided_by_sum_annual_denominators,12.4530240265,12.4530240265,intermediate,tertile,41.6381847783,46.0855528652,51.2837372821,26.1,28.9,35.6666666667
17031611500,copd,COPD,48,1059,8.6,copd_crudeprev,0.0515,0,3,3,0,4.53257790368,sum_annual_numerators_divided_by_sum_annual_denominators,-4.06742209632,4.06742209632,public_high_ehr_not_high,tertile,4.28240740741,5.50351562789,6.59574468085,5.1,6.4,7.9
17031611500,hypertension,hypertension,493,1059,35.3,bphigh_crudeprev,0.0515,0,3,3,0,46.5533522191,sum_annual_numerators_divided_by_sum_annual_denominators,11.2533522191,11.2533522191,intermediate,tertile,41.6381847783,46.0855528652,51.2837372821,26.1,28.9,35.6666666667
17031611600,hypertension,hypertension,308,614,33.5,bphigh_crudeprev,0.0699,0,3,3,0,50.1628664495,sum_annual_numerators_divided_by_sum_annual_denominators,16.6628664495,16.6628664495,intermediate,tertile,41.6381847783,46.0855528652,51.2837372821,26.1,28.9,35.6666666667
17031611700,hypertension,hypertension,315,653,31.8,bphigh_crudeprev,0.0582,0,3,3,0,48.2388973966,sum_annual_numerators_divided_by_sum_annual_denominators,16.4388973966,16.4388973966,intermediate,tertile,41.6381847783,46.0855528652,51.2837372821,26.1,28.9,35.6666666667
17031611800,copd,COPD,40,772,6.1,copd_crudeprev,0.1065,0,3,3,0,5.18134715026,sum_annual_numerators_divided_by_sum_annual_denominators,-0.918652849741,0.918652849741,intermediate,tertile,4.28240740741,5.50351562789,6.59574468085,5.1,6.4,7.9
17031611800,hypertension,hypertension,340,772,32.3,bphigh_crudeprev,0.1065,0,3,3,0,44.0414507772,sum_annual_numerators_divided_by_sum_annual_denominators,11.7414507772,11.7414507772,intermediate,tertile,41.6381847783,46.0855528652,51.2837372821,26.1,28.9,35.6666666667
17031611900,copd,COPD,44,647,9.9,copd_crudeprev,0.0943,0,3,3,0,6.80061823802,sum_annual_numerators_divided_by_sum_annual_denominators,-3.09938176198,3.09938176198,concordant_high,tertile,4.28240740741,5.50351562789,6.59574468085,5.1,6.4,7.9
17031611900,hypertension,hypertension,314,647,39.1,bphigh_crudeprev,0.0943,0,3,3,0,48.5316846986,sum_annual_numerators_divided_by_sum_annual_denominators,9.43168469861,9.43168469861,intermediate,tertile,41.6381847783,46.0855528652,51.2837372821,26.1,28.9,35.6666666667
17031612000,copd,COPD,36,581,6.4,copd_crudeprev,0.1407,0,3,3,0,6.19621342513,sum_annual_numerators_divided_by_sum_annual_denominators,-0.203786574871,0.203786574871,intermediate,tertile,4.28240740741,5.50351562789,6.59574468085,5.1,6.4,7.9
17031612000,hypertension,hypertension,307,581,36.5,bphigh_crudeprev,0.1407,0,3,3,0,52.8399311532,sum_annual_numerators_divided_by_sum_annual_denominators,16.3399311532,16.3399311532,concordant_high,tertile,41.6381847783,46.0855528652,51.2837372821,26.1,28.9,35.6666666667
17031612100,copd,COPD,42,502,9,copd_crudeprev,0.1423,0,3,3,0,8.36653386454,sum_annual_numerators_divided_by_sum_annual_denominators,-0.633466135458,0.633466135458,concordant_high,tertile,4.28240740741,5.50351562789,6.59574468085,5.1,6.4,7.9
17031612100,hypertension,hypertension,304,502,42.3,bphigh_crudeprev,0.1423,0,3,3,0,60.5577689243,sum_annual_numerators_divided_by_sum_annual_denominators,18.2577689243,18.2577689243,concordant_high,tertile,41.6381847783,46.0855528652,51.2837372821,26.1,28.9,35.6666666667
17031612200,copd,COPD,37,870,7.8,copd_crudeprev,0.0432,0,3,3,0,4.25287356322,sum_annual_numerators_divided_by_sum_annual_denominators,-3.54712643678,3.54712643678,intermediate,tertile,4.28240740741,5.50351562789,6.59574468085,5.1,6.4,7.9
17031612200,hypertension,hypertension,377,870,33.1,bphigh_crudeprev,0.0432,0,3,3,0,43.3333333333,sum_annual_numerators_divided_by_sum_annual_denominators,10.2333333333,10.2333333333,intermediate,tertile,41.6381847783,46.0855528652,51.2837372821,26.1,28.9,35.6666666667
17031620100,copd,COPD,39,1489,4.8,copd_crudeprev,0.0506,0,3,3,0,2.61920752183,sum_annual_numerators_divided_by_sum_annual_denominators,-2.18079247817,2.18079247817,concordant_low,tertile,4.28240740741,5.50351562789,6.59574468085,5.1,6.4,7.9
17031620100,hypertension,hypertension,674,1489,27.1,bphigh_crudeprev,0.0506,0,3,3,0,45.2652787105,sum_annual_numerators_divided_by_sum_annual_denominators,18.1652787105,18.1652787105,intermediate,tertile,41.6381847783,46.0855528652,51.2837372821,26.1,28.9,35.6666666667
17031620200,hypertension,hypertension,299,739,26.8,bphigh_crudeprev,0.0665,0,3,3,0,40.4600811908,sum_annual_numerators_divided_by_sum_annual_denominators,13.6600811908,13.6600811908,intermediate,tertile,41.6381847783,46.0855528652,51.2837372821,26.1,28.9,35.6666666667
17031620300,copd,COPD,36,2042,4.6,copd_crudeprev,0.0508,0,3,3,0,1.76297747307,sum_annual_numerators_divided_by_sum_annual_denominators,-2.83702252693,2.83702252693,concordant_low,tertile,4.28240740741,5.50351562789,6.59574468085,5.1,6.4,7.9
17031620300,hypertension,hypertension,896,2042,25.9,bphigh_crudeprev,0.0508,0,3,3,0,43.8785504407,sum_annual_numerators_divided_by_sum_annual_denominators,17.9785504407,17.9785504407,intermediate,tertile,41.6381847783,46.0855528652,51.2837372821,26.1,28.9,35.6666666667
17031620400,hypertension,hypertension,635,1527,26.7,bphigh_crudeprev,0.0603,0,3,3,0,41.5848068107,sum_annual_numerators_divided_by_sum_annual_denominators,14.8848068107,14.8848068107,intermediate,tertile,41.6381847783,46.0855528652,51.2837372821,26.1,28.9,35.6666666667
17031630300,hypertension,hypertension,582,1384,26.3,bphigh_crudeprev,0.0443,0,3,3,0,42.0520231214,sum_annual_numerators_divided_by_sum_annual_denominators,15.7520231214,15.7520231214,intermediate,tertile,41.6381847783,46.0855528652,51.2837372821,26.1,28.9,35.6666666667
17031630400,copd,COPD,43,1730,5,copd_crudeprev,0.0475,0,3,3,0,2.48554913295,sum_annual_numerators_divided_by_sum_annual_denominators,-2.51445086705,2.51445086705,concordant_low,tertile,4.28240740741,5.50351562789,6.59574468085,5.1,6.4,7.9
17031630400,hypertension,hypertension,801,1730,26.6,bphigh_crudeprev,0.0475,0,3,3,0,46.3005780347,sum_annual_numerators_divided_by_sum_annual_denominators,19.7005780347,19.7005780347,intermediate,tertile,41.6381847783,46.0855528652,51.2837372821,26.1,28.9,35.6666666667
17031630500,copd,COPD,40,1807,5.1,copd_crudeprev,0.0522,0,3,3,0,2.21361372441,sum_annual_numerators_divided_by_sum_annual_denominators,-2.88638627559,2.88638627559,concordant_low,tertile,4.28240740741,5.50351562789,6.59574468085,5.1,6.4,7.9
17031630500,hypertension,hypertension,776,1807,27.5,bphigh_crudeprev,0.0522,0,3,3,0,42.9441062535,sum_annual_numerators_divided_by_sum_annual_denominators,15.4441062535,15.4441062535,intermediate,tertile,41.6381847783,46.0855528652,51.2837372821,26.1,28.9,35.6666666667
17031630600,hypertension,hypertension,326,790,29.8,bphigh_crudeprev,0.0475,0,3,3,0,41.2658227848,sum_annual_numerators_divided_by_sum_annual_denominators,11.4658227848,11.4658227848,intermediate,tertile,41.6381847783,46.0855528652,51.2837372821,26.1,28.9,35.6666666667
17031630800,copd,COPD,36,1761,4.9,copd_crudeprev,0.0488,0,3,3,0,2.04429301533,sum_annual_numerators_divided_by_sum_annual_denominators,-2.85570698467,2.85570698467,concordant_low,tertile,4.28240740741,5.50351562789,6.59574468085,5.1,6.4,7.9
17031630800,hypertension,hypertension,817,1761,27,bphigh_crudeprev,0.0488,0,3,3,0,46.3940942646,sum_annual_numerators_divided_by_sum_annual_denominators,19.3940942646,19.3940942646,intermediate,tertile,41.6381847783,46.0855528652,51.2837372821,26.1,28.9,35.6666666667
17031630900,hypertension,hypertension,616,1419,25.6,bphigh_crudeprev,0.0542,0,3,3,0,43.4108527132,sum_annual_numerators_divided_by_sum_annual_denominators,17.8108527132,17.8108527132,intermediate,tertile,41.6381847783,46.0855528652,51.2837372821,26.1,28.9,35.6666666667
17031640100,hypertension,hypertension,164,395,27.7,bphigh_crudeprev,0.0433,0,3,3,0,41.5189873418,sum_annual_numerators_divided_by_sum_annual_denominators,13.8189873418,13.8189873418,intermediate,tertile,41.6381847783,46.0855528652,51.2837372821,26.1,28.9,35.6666666667
17031640300,copd,COPD,77,1883,6.2,copd_crudeprev,0.0497,0,3,3,0,4.08921933086,sum_annual_numerators_divided_by_sum_annual_denominators,-2.11078066914,2.11078066914,intermediate,tertile,4.28240740741,5.50351562789,6.59574468085,5.1,6.4,7.9
17031640300,hypertension,hypertension,879,1883,29.1,bphigh_crudeprev,0.0497,0,3,3,0,46.6808284652,sum_annual_numerators_divided_by_sum_annual_denominators,17.5808284652,17.5808284652,intermediate,tertile,41.6381847783,46.0855528652,51.2837372821,26.1,28.9,35.6666666667
17031640400,hypertension,hypertension,410,936,28,bphigh_crudeprev,0.0484,0,3,3,0,43.8034188034,sum_annual_numerators_divided_by_sum_annual_denominators,15.8034188034,15.8034188034,intermediate,tertile,41.6381847783,46.0855528652,51.2837372821,26.1,28.9,35.6666666667
17031640500,copd,COPD,45,1103,5.7,copd_crudeprev,0.0498,0,3,3,0,4.0797824116,sum_annual_numerators_divided_by_sum_annual_denominators,-1.6202175884,1.6202175884,intermediate,tertile,4.28240740741,5.50351562789,6.59574468085,5.1,6.4,7.9
17031640500,hypertension,hypertension,506,1103,28.6,bphigh_crudeprev,0.0498,0,3,3,0,45.8748866727,sum_annual_numerators_divided_by_sum_annual_denominators,17.2748866727,17.2748866727,intermediate,tertile,41.6381847783,46.0855528652,51.2837372821,26.1,28.9,35.6666666667
17031640600,copd,COPD,55,1086,5,copd_crudeprev,0.0446,0,3,3,0,5.06445672192,sum_annual_numerators_divided_by_sum_annual_denominators,0.0644567219153,0.0644567219153,intermediate,tertile,4.28240740741,5.50351562789,6.59574468085,5.1,6.4,7.9
17031640600,hypertension,hypertension,480,1086,27.3,bphigh_crudeprev,0.0446,0,3,3,0,44.1988950276,sum_annual_numerators_divided_by_sum_annual_denominators,16.8988950276,16.8988950276,intermediate,tertile,41.6381847783,46.0855528652,51.2837372821,26.1,28.9,35.6666666667
17031640700,copd,COPD,41,831,5,copd_crudeprev,0.0438,0,3,3,0,4.93381468111,sum_annual_numerators_divided_by_sum_annual_denominators,-0.0661853188929,0.0661853188929,intermediate,tertile,4.28240740741,5.50351562789,6.59574468085,5.1,6.4,7.9
17031640700,hypertension,hypertension,394,831,26.9,bphigh_crudeprev,0.0438,0,3,3,0,47.412755716,sum_annual_numerators_divided_by_sum_annual_denominators,20.512755716,20.512755716,intermediate,tertile,41.6381847783,46.0855528652,51.2837372821,26.1,28.9,35.6666666667
17031640800,hypertension,hypertension,229,524,28.3,bphigh_crudeprev,0.0604,0,3,3,0,43.7022900763,sum_annual_numerators_divided_by_sum_annual_denominators,15.4022900763,15.4022900763,intermediate,tertile,41.6381847783,46.0855528652,51.2837372821,26.1,28.9,35.6666666667
17031650100,copd,COPD,46,1351,4.3,copd_crudeprev,0.0547,0,3,3,0,3.40488527017,sum_annual_numerators_divided_by_sum_annual_denominators,-0.89511472983,0.89511472983,concordant_low,tertile,4.28240740741,5.50351562789,6.59574468085,5.1,6.4,7.9
17031650100,hypertension,hypertension,628,1351,26.2,bphigh_crudeprev,0.0547,0,3,3,0,46.4840858623,sum_annual_numerators_divided_by_sum_annual_denominators,20.2840858623,20.2840858623,intermediate,tertile,41.6381847783,46.0855528652,51.2837372821,26.1,28.9,35.6666666667
17031650200,copd,COPD,42,1960,4.3,copd_crudeprev,0.0525,0,3,3,0,2.14285714286,sum_annual_numerators_divided_by_sum_annual_denominators,-2.15714285714,2.15714285714,concordant_low,tertile,4.28240740741,5.50351562789,6.59574468085,5.1,6.4,7.9
17031650200,hypertension,hypertension,822,1960,25.7,bphigh_crudeprev,0.0525,0,3,3,0,41.9387755102,sum_annual_numerators_divided_by_sum_annual_denominators,16.2387755102,16.2387755102,intermediate,tertile,41.6381847783,46.0855528652,51.2837372821,26.1,28.9,35.6666666667
17031650301,hypertension,hypertension,760,1672,28.7,bphigh_crudeprev,0.0581,0,3,3,0,45.4545454545,sum_annual_numerators_divided_by_sum_annual_denominators,16.7545454545,16.7545454545,intermediate,tertile,41.6381847783,46.0855528652,51.2837372821,26.1,28.9,35.6666666667
17031650302,copd,COPD,48,1488,6.1,copd_crudeprev,0.0468,0,3,3,0,3.22580645161,sum_annual_numerators_divided_by_sum_annual_denominators,-2.87419354839,2.87419354839,intermediate,tertile,4.28240740741,5.50351562789,6.59574468085,5.1,6.4,7.9
17031650302,hypertension,hypertension,668,1488,30,bphigh_crudeprev,0.0468,0,3,3,0,44.8924731183,sum_annual_numerators_divided_by_sum_annual_denominators,14.8924731183,14.8924731183,intermediate,tertile,41.6381847783,46.0855528652,51.2837372821,26.1,28.9,35.6666666667
17031650400,copd,COPD,46,2006,4.8,copd_crudeprev,0.0505,0,3,3,0,2.29312063809,sum_annual_numerators_divided_by_sum_annual_denominators,-2.50687936191,2.50687936191,concordant_low,tertile,4.28240740741,5.50351562789,6.59574468085,5.1,6.4,7.9
17031650400,hypertension,hypertension,881,2006,26.5,bphigh_crudeprev,0.0505,0,3,3,0,43.9182452642,sum_annual_numerators_divided_by_sum_annual_denominators,17.4182452642,17.4182452642,intermediate,tertile,41.6381847783,46.0855528652,51.2837372821,26.1,28.9,35.6666666667
17031650500,copd,COPD,48,1374,5.6,copd_crudeprev,0.0641,0,3,3,0,3.49344978166,sum_annual_numerators_divided_by_sum_annual_denominators,-2.10655021834,2.10655021834,intermediate,tertile,4.28240740741,5.50351562789,6.59574468085,5.1,6.4,7.9
17031650500,hypertension,hypertension,659,1374,29.7,bphigh_crudeprev,0.0641,0,3,3,0,47.962154294,sum_annual_numerators_divided_by_sum_annual_denominators,18.262154294,18.262154294,intermediate,tertile,41.6381847783,46.0855528652,51.2837372821,26.1,28.9,35.6666666667
17031660301,hypertension,hypertension,216,453,32.3,bphigh_crudeprev,0.0441,0,3,3,0,47.6821192053,sum_annual_numerators_divided_by_sum_annual_denominators,15.3821192053,15.3821192053,intermediate,tertile,41.6381847783,46.0855528652,51.2837372821,26.1,28.9,35.6666666667
17031660302,hypertension,hypertension,588,1407,27,bphigh_crudeprev,0.0633,0,3,3,0,41.7910447761,sum_annual_numerators_divided_by_sum_annual_denominators,14.7910447761,14.7910447761,intermediate,tertile,41.6381847783,46.0855528652,51.2837372821,26.1,28.9,35.6666666667
17031660400,hypertension,hypertension,655,1504,27.7,bphigh_crudeprev,0.0485,0,3,3,0,43.5505319149,sum_annual_numerators_divided_by_sum_annual_denominators,15.8505319149,15.8505319149,intermediate,tertile,41.6381847783,46.0855528652,51.2837372821,26.1,28.9,35.6666666667
17031660500,hypertension,hypertension,616,1317,28,bphigh_crudeprev,0.044,0,3,3,0,46.7729688686,sum_annual_numerators_divided_by_sum_annual_denominators,18.7729688686,18.7729688686,intermediate,tertile,41.6381847783,46.0855528652,51.2837372821,26.1,28.9,35.6666666667
17031660600,copd,COPD,81,1671,5.7,copd_crudeprev,0.0635,0,3,3,0,4.8473967684,sum_annual_numerators_divided_by_sum_annual_denominators,-0.852603231598,0.852603231598,intermediate,tertile,4.28240740741,5.50351562789,6.59574468085,5.1,6.4,7.9
17031660600,hypertension,hypertension,838,1671,31.7,bphigh_crudeprev,0.0635,0,3,3,0,50.1496110114,sum_annual_numerators_divided_by_sum_annual_denominators,18.4496110114,18.4496110114,intermediate,tertile,41.6381847783,46.0855528652,51.2837372821,26.1,28.9,35.6666666667
17031660700,copd,COPD,69,961,9.3,copd_crudeprev,0.1477,0,3,3,0,7.18002081165,sum_annual_numerators_divided_by_sum_annual_denominators,-2.11997918835,2.11997918835,concordant_high,tertile,4.28240740741,5.50351562789,6.59574468085,5.1,6.4,7.9
17031660700,hypertension,hypertension,497,961,42.6,bphigh_crudeprev,0.1477,0,3,3,0,51.7169614984,sum_annual_numerators_divided_by_sum_annual_denominators,9.11696149844,9.11696149844,concordant_high,tertile,41.6381847783,46.0855528652,51.2837372821,26.1,28.9,35.6666666667
17031660800,copd,COPD,64,1649,7.8,copd_crudeprev,0.062,0,3,3,0,3.8811400849,sum_annual_numerators_divided_by_sum_annual_denominators,-3.9188599151,3.9188599151,intermediate,tertile,4.28240740741,5.50351562789,6.59574468085,5.1,6.4,7.9
17031660800,hypertension,hypertension,859,1649,36.1,bphigh_crudeprev,0.062,0,3,3,0,52.092177077,sum_annual_numerators_divided_by_sum_annual_denominators,15.992177077,15.992177077,concordant_high,tertile,41.6381847783,46.0855528652,51.2837372821,26.1,28.9,35.6666666667
17031660900,copd,COPD,78,1131,8.6,copd_crudeprev,0.0528,0,3,3,0,6.89655172414,sum_annual_numerators_divided_by_sum_annual_denominators,-1.70344827586,1.70344827586,concordant_high,tertile,4.28240740741,5.50351562789,6.59574468085,5.1,6.4,7.9
17031660900,hypertension,hypertension,576,1131,38.8,bphigh_crudeprev,0.0528,0,3,3,0,50.9283819629,sum_annual_numerators_divided_by_sum_annual_denominators,12.1283819629,12.1283819629,intermediate,tertile,41.6381847783,46.0855528652,51.2837372821,26.1,28.9,35.6666666667
17031661000,copd,COPD,85,1732,8.4,copd_crudeprev,0.0863,0,3,3,0,4.90762124711,sum_annual_numerators_divided_by_sum_annual_denominators,-3.49237875289,3.49237875289,public_high_ehr_not_high,tertile,4.28240740741,5.50351562789,6.59574468085,5.1,6.4,7.9
17031661000,hypertension,hypertension,911,1732,41,bphigh_crudeprev,0.0863,0,3,3,0,52.5981524249,sum_annual_numerators_divided_by_sum_annual_denominators,11.5981524249,11.5981524249,concordant_high,tertile,41.6381847783,46.0855528652,51.2837372821,26.1,28.9,35.6666666667
17031661100,copd,COPD,63,1520,5.4,copd_crudeprev,0.0402,0,3,3,0,4.14473684211,sum_annual_numerators_divided_by_sum_annual_denominators,-1.25526315789,1.25526315789,intermediate,tertile,4.28240740741,5.50351562789,6.59574468085,5.1,6.4,7.9
17031661100,hypertension,hypertension,803,1520,31.2,bphigh_crudeprev,0.0402,0,3,3,0,52.8289473684,sum_annual_numerators_divided_by_sum_annual_denominators,21.6289473684,21.6289473684,intermediate,tertile,41.6381847783,46.0855528652,51.2837372821,26.1,28.9,35.6666666667
17031670100,hypertension,hypertension,273,525,45.8,bphigh_crudeprev,0.0872,0,3,3,0,52,sum_annual_numerators_divided_by_sum_annual_denominators,6.2,6.2,concordant_high,tertile,41.6381847783,46.0855528652,51.2837372821,26.1,28.9,35.6666666667
17031670200,hypertension,hypertension,264,518,37.7,bphigh_crudeprev,0.1162,0,3,3,0,50.9652509653,sum_annual_numerators_divided_by_sum_annual_denominators,13.2652509653,13.2652509653,intermediate,tertile,41.6381847783,46.0855528652,51.2837372821,26.1,28.9,35.6666666667
17031670300,copd,COPD,30,493,11.7,copd_crudeprev,0.0958,0,3,3,0,6.08519269777,sum_annual_numerators_divided_by_sum_annual_denominators,-5.61480730223,5.61480730223,intermediate,tertile,4.28240740741,5.50351562789,6.59574468085,5.1,6.4,7.9
17031670300,hypertension,hypertension,290,493,47.1,bphigh_crudeprev,0.0958,0,3,3,0,58.8235294118,sum_annual_numerators_divided_by_sum_annual_denominators,11.7235294118,11.7235294118,concordant_high,tertile,41.6381847783,46.0855528652,51.2837372821,26.1,28.9,35.6666666667
17031670400,copd,COPD,66,712,9.6,copd_crudeprev,0.1367,0,3,3,0,9.26966292135,sum_annual_numerators_divided_by_sum_annual_denominators,-0.330337078652,0.330337078652,concordant_high,tertile,4.28240740741,5.50351562789,6.59574468085,5.1,6.4,7.9
17031670400,hypertension,hypertension,419,712,43.4,bphigh_crudeprev,0.1367,0,3,3,0,58.8483146067,sum_annual_numerators_divided_by_sum_annual_denominators,15.4483146067,15.4483146067,concordant_high,tertile,41.6381847783,46.0855528652,51.2837372821,26.1,28.9,35.6666666667
17031670500,hypertension,hypertension,214,367,43.9,bphigh_crudeprev,0.0702,0,3,3,0,58.310626703,sum_annual_numerators_divided_by_sum_annual_denominators,14.410626703,14.410626703,concordant_high,tertile,41.6381847783,46.0855528652,51.2837372821,26.1,28.9,35.6666666667
17031670600,hypertension,hypertension,266,464,44.8,bphigh_crudeprev,0.0718,0,3,3,0,57.3275862069,sum_annual_numerators_divided_by_sum_annual_denominators,12.5275862069,12.5275862069,concordant_high,tertile,41.6381847783,46.0855528652,51.2837372821,26.1,28.9,35.6666666667
17031670700,copd,COPD,37,496,16.8,copd_crudeprev,0.1275,0,3,3,0,7.45967741935,sum_annual_numerators_divided_by_sum_annual_denominators,-9.34032258065,9.34032258065,concordant_high,tertile,4.28240740741,5.50351562789,6.59574468085,5.1,6.4,7.9
17031670700,hypertension,hypertension,283,496,50.5,bphigh_crudeprev,0.1275,0,3,3,0,57.0564516129,sum_annual_numerators_divided_by_sum_annual_denominators,6.5564516129,6.5564516129,concordant_high,tertile,41.6381847783,46.0855528652,51.2837372821,26.1,28.9,35.6666666667
17031670800,copd,COPD,42,556,10.1,copd_crudeprev,0.1349,0,3,3,0,7.55395683453,sum_annual_numerators_divided_by_sum_annual_denominators,-2.54604316547,2.54604316547,concordant_high,tertile,4.28240740741,5.50351562789,6.59574468085,5.1,6.4,7.9
17031670800,hypertension,hypertension,311,556,43.8,bphigh_crudeprev,0.1349,0,3,3,0,55.9352517986,sum_annual_numerators_divided_by_sum_annual_denominators,12.1352517986,12.1352517986,concordant_high,tertile,41.6381847783,46.0855528652,51.2837372821,26.1,28.9,35.6666666667
17031670900,hypertension,hypertension,204,405,41.4,bphigh_crudeprev,0.0882,0,3,3,0,50.3703703704,sum_annual_numerators_divided_by_sum_annual_denominators,8.97037037037,8.97037037037,intermediate,tertile,41.6381847783,46.0855528652,51.2837372821,26.1,28.9,35.6666666667
17031671100,hypertension,hypertension,197,353,50.2,bphigh_crudeprev,0.1211,0,3,3,0,55.8073654391,sum_annual_numerators_divided_by_sum_annual_denominators,5.60736543909,5.60736543909,concordant_high,tertile,41.6381847783,46.0855528652,51.2837372821,26.1,28.9,35.6666666667
17031671200,hypertension,hypertension,199,364,43.8,bphigh_crudeprev,0.1119,0,3,3,0,54.6703296703,sum_annual_numerators_divided_by_sum_annual_denominators,10.8703296703,10.8703296703,concordant_high,tertile,41.6381847783,46.0855528652,51.2837372821,26.1,28.9,35.6666666667
17031671300,copd,COPD,61,813,11.9,copd_crudeprev,0.1417,0,3,3,0,7.50307503075,sum_annual_numerators_divided_by_sum_annual_denominators,-4.39692496925,4.39692496925,concordant_high,tertile,4.28240740741,5.50351562789,6.59574468085,5.1,6.4,7.9
17031671300,hypertension,hypertension,469,813,47.4,bphigh_crudeprev,0.1417,0,3,3,0,57.6875768758,sum_annual_numerators_divided_by_sum_annual_denominators,10.2875768758,10.2875768758,concordant_high,tertile,41.6381847783,46.0855528652,51.2837372821,26.1,28.9,35.6666666667
17031671400,copd,COPD,40,523,11.9,copd_crudeprev,0.0979,0,3,3,0,7.64818355641,sum_annual_numerators_divided_by_sum_annual_denominators,-4.25181644359,4.25181644359,concordant_high,tertile,4.28240740741,5.50351562789,6.59574468085,5.1,6.4,7.9
17031671400,hypertension,hypertension,300,523,46.9,bphigh_crudeprev,0.0979,0,3,3,0,57.361376673,sum_annual_numerators_divided_by_sum_annual_denominators,10.461376673,10.461376673,concordant_high,tertile,41.6381847783,46.0855528652,51.2837372821,26.1,28.9,35.6666666667
17031671500,copd,COPD,54,928,9,copd_crudeprev,0.111,0,3,3,0,5.81896551724,sum_annual_numerators_divided_by_sum_annual_denominators,-3.18103448276,3.18103448276,intermediate,tertile,4.28240740741,5.50351562789,6.59574468085,5.1,6.4,7.9
17031671500,hypertension,hypertension,514,928,42.3,bphigh_crudeprev,0.111,0,3,3,0,55.3879310345,sum_annual_numerators_divided_by_sum_annual_denominators,13.0879310345,13.0879310345,concordant_high,tertile,41.6381847783,46.0855528652,51.2837372821,26.1,28.9,35.6666666667
17031671600,hypertension,hypertension,384,670,46.9,bphigh_crudeprev,0.1327,0,3,3,0,57.3134328358,sum_annual_numerators_divided_by_sum_annual_denominators,10.4134328358,10.4134328358,concordant_high,tertile,41.6381847783,46.0855528652,51.2837372821,26.1,28.9,35.6666666667
17031671800,hypertension,hypertension,237,409,43.6,bphigh_crudeprev,0.0918,0,3,3,0,57.9462102689,sum_annual_numerators_divided_by_sum_annual_denominators,14.3462102689,14.3462102689,concordant_high,tertile,41.6381847783,46.0855528652,51.2837372821,26.1,28.9,35.6666666667
17031671900,copd,COPD,40,462,7.8,copd_crudeprev,0.1028,0,3,3,0,8.65800865801,sum_annual_numerators_divided_by_sum_annual_denominators,0.858008658009,0.858008658009,intermediate,tertile,4.28240740741,5.50351562789,6.59574468085,5.1,6.4,7.9
17031671900,hypertension,hypertension,264,462,42.3,bphigh_crudeprev,0.1028,0,3,3,0,57.1428571429,sum_annual_numerators_divided_by_sum_annual_denominators,14.8428571429,14.8428571429,concordant_high,tertile,41.6381847783,46.0855528652,51.2837372821,26.1,28.9,35.6666666667
17031672000,copd,COPD,96,1297,9.7,copd_crudeprev,0.1166,0,3,3,0,7.40169622205,sum_annual_numerators_divided_by_sum_annual_denominators,-2.29830377795,2.29830377795,concordant_high,tertile,4.28240740741,5.50351562789,6.59574468085,5.1,6.4,7.9
17031672000,hypertension,hypertension,703,1297,44.1,bphigh_crudeprev,0.1166,0,3,3,0,54.2020046261,sum_annual_numerators_divided_by_sum_annual_denominators,10.1020046261,10.1020046261,concordant_high,tertile,41.6381847783,46.0855528652,51.2837372821,26.1,28.9,35.6666666667
17031680500,copd,COPD,33,437,10.4,copd_crudeprev,0.0765,0,3,3,0,7.55148741419,sum_annual_numerators_divided_by_sum_annual_denominators,-2.84851258581,2.84851258581,concordant_high,tertile,4.28240740741,5.50351562789,6.59574468085,5.1,6.4,7.9
17031680500,hypertension,hypertension,250,437,45.1,bphigh_crudeprev,0.0765,0,3,3,0,57.2082379863,sum_annual_numerators_divided_by_sum_annual_denominators,12.1082379863,12.1082379863,concordant_high,tertile,41.6381847783,46.0855528652,51.2837372821,26.1,28.9,35.6666666667
17031680600,hypertension,hypertension,156,313,38.1,bphigh_crudeprev,0.1064,0,3,3,0,49.8402555911,sum_annual_numerators_divided_by_sum_annual_denominators,11.7402555911,11.7402555911,intermediate,tertile,41.6381847783,46.0855528652,51.2837372821,26.1,28.9,35.6666666667
17031680900,copd,COPD,119,1523,14.7,copd_crudeprev,0.1469,0,3,3,0,7.81352593565,sum_annual_numerators_divided_by_sum_annual_denominators,-6.88647406435,6.88647406435,concordant_high,tertile,4.28240740741,5.50351562789,6.59574468085,5.1,6.4,7.9
17031680900,hypertension,hypertension,862,1523,51,bphigh_crudeprev,0.1469,0,3,3,0,56.5988181221,sum_annual_numerators_divided_by_sum_annual_denominators,5.59881812213,5.59881812213,concordant_high,tertile,41.6381847783,46.0855528652,51.2837372821,26.1,28.9,35.6666666667
17031681000,copd,COPD,64,1006,11.9,copd_crudeprev,0.118,0,3,3,0,6.36182902584,sum_annual_numerators_divided_by_sum_annual_denominators,-5.53817097416,5.53817097416,intermediate,tertile,4.28240740741,5.50351562789,6.59574468085,5.1,6.4,7.9
17031681000,hypertension,hypertension,585,1006,48.1,bphigh_crudeprev,0.118,0,3,3,0,58.1510934394,sum_annual_numerators_divided_by_sum_annual_denominators,10.0510934394,10.0510934394,concordant_high,tertile,41.6381847783,46.0855528652,51.2837372821,26.1,28.9,35.6666666667
17031681100,copd,COPD,81,966,10.6,copd_crudeprev,0.1324,0,3,3,0,8.3850931677,sum_annual_numerators_divided_by_sum_annual_denominators,-2.2149068323,2.2149068323,concordant_high,tertile,4.28240740741,5.50351562789,6.59574468085,5.1,6.4,7.9
17031681100,hypertension,hypertension,571,966,45.7,bphigh_crudeprev,0.1324,0,3,3,0,59.1097308489,sum_annual_numerators_divided_by_sum_annual_denominators,13.4097308489,13.4097308489,concordant_high,tertile,41.6381847783,46.0855528652,51.2837372821,26.1,28.9,35.6666666667
17031681200,copd,COPD,53,775,11.9,copd_crudeprev,0.114,0,3,3,0,6.83870967742,sum_annual_numerators_divided_by_sum_annual_denominators,-5.06129032258,5.06129032258,concordant_high,tertile,4.28240740741,5.50351562789,6.59574468085,5.1,6.4,7.9
17031681200,hypertension,hypertension,415,775,46.2,bphigh_crudeprev,0.114,0,3,3,0,53.5483870968,sum_annual_numerators_divided_by_sum_annual_denominators,7.34838709677,7.34838709677,concordant_high,tertile,41.6381847783,46.0855528652,51.2837372821,26.1,28.9,35.6666666667
17031681300,copd,COPD,65,727,14.4,copd_crudeprev,0.1166,0,3,3,0,8.94085281981,sum_annual_numerators_divided_by_sum_annual_denominators,-5.45914718019,5.45914718019,concordant_high,tertile,4.28240740741,5.50351562789,6.59574468085,5.1,6.4,7.9
17031681300,hypertension,hypertension,402,727,50.3,bphigh_crudeprev,0.1166,0,3,3,0,55.295735901,sum_annual_numerators_divided_by_sum_annual_denominators,4.99573590096,4.99573590096,concordant_high,tertile,41.6381847783,46.0855528652,51.2837372821,26.1,28.9,35.6666666667
17031681400,copd,COPD,81,903,9.7,copd_crudeprev,0.1657,0,3,3,0,8.97009966777,sum_annual_numerators_divided_by_sum_annual_denominators,-0.729900332226,0.729900332226,concordant_high,tertile,4.28240740741,5.50351562789,6.59574468085,5.1,6.4,7.9
17031681400,hypertension,hypertension,536,903,45.9,bphigh_crudeprev,0.1657,0,3,3,0,59.357696567,sum_annual_numerators_divided_by_sum_annual_denominators,13.457696567,13.457696567,concordant_high,tertile,41.6381847783,46.0855528652,51.2837372821,26.1,28.9,35.6666666667
17031690300,copd,COPD,58,648,8.3,copd_crudeprev,0.0998,0,3,3,0,8.95061728395,sum_annual_numerators_divided_by_sum_annual_denominators,0.650617283951,0.650617283951,concordant_high,tertile,4.28240740741,5.50351562789,6.59574468085,5.1,6.4,7.9
17031690300,hypertension,hypertension,387,648,45.5,bphigh_crudeprev,0.0998,0,3,3,0,59.7222222222,sum_annual_numerators_divided_by_sum_annual_denominators,14.2222222222,14.2222222222,concordant_high,tertile,41.6381847783,46.0855528652,51.2837372821,26.1,28.9,35.6666666667
17031690400,copd,COPD,77,1191,7.3,copd_crudeprev,0.1194,0,3,3,0,6.46515533165,sum_annual_numerators_divided_by_sum_annual_denominators,-0.834844668346,0.834844668346,intermediate,tertile,4.28240740741,5.50351562789,6.59574468085,5.1,6.4,7.9
17031690400,hypertension,hypertension,670,1191,40.6,bphigh_crudeprev,0.1194,0,3,3,0,56.255247691,sum_annual_numerators_divided_by_sum_annual_denominators,15.655247691,15.655247691,concordant_high,tertile,41.6381847783,46.0855528652,51.2837372821,26.1,28.9,35.6666666667
17031690500,hypertension,hypertension,134,247,41.9,bphigh_crudeprev,0.1029,0,3,3,0,54.2510121457,sum_annual_numerators_divided_by_sum_annual_denominators,12.3510121457,12.3510121457,concordant_high,tertile,41.6381847783,46.0855528652,51.2837372821,26.1,28.9,35.6666666667
17031690900,copd,COPD,110,1482,8.4,copd_crudeprev,0.1263,0,3,3,0,7.42240215924,sum_annual_numerators_divided_by_sum_annual_denominators,-0.977597840756,0.977597840756,concordant_high,tertile,4.28240740741,5.50351562789,6.59574468085,5.1,6.4,7.9
17031690900,hypertension,hypertension,847,1482,44,bphigh_crudeprev,0.1263,0,3,3,0,57.1524966262,sum_annual_numerators_divided_by_sum_annual_denominators,13.1524966262,13.1524966262,concordant_high,tertile,41.6381847783,46.0855528652,51.2837372821,26.1,28.9,35.6666666667
17031691000,copd,COPD,64,1052,7.9,copd_crudeprev,0.1407,0,3,3,0,6.08365019011,sum_annual_numerators_divided_by_sum_annual_denominators,-1.81634980989,1.81634980989,intermediate,tertile,4.28240740741,5.50351562789,6.59574468085,5.1,6.4,7.9
17031691000,hypertension,hypertension,650,1052,46.2,bphigh_crudeprev,0.1407,0,3,3,0,61.7870722433,sum_annual_numerators_divided_by_sum_annual_denominators,15.5870722433,15.5870722433,concordant_high,tertile,41.6381847783,46.0855528652,51.2837372821,26.1,28.9,35.6666666667
17031691100,copd,COPD,65,1071,7.7,copd_crudeprev,0.1132,0,3,3,0,6.06909430439,sum_annual_numerators_divided_by_sum_annual_denominators,-1.63090569561,1.63090569561,intermediate,tertile,4.28240740741,5.50351562789,6.59574468085,5.1,6.4,7.9
17031691100,hypertension,hypertension,549,1071,42,bphigh_crudeprev,0.1132,0,3,3,0,51.2605042017,sum_annual_numerators_divided_by_sum_annual_denominators,9.26050420168,9.26050420168,intermediate,tertile,41.6381847783,46.0855528652,51.2837372821,26.1,28.9,35.6666666667
17031691200,copd,COPD,77,837,9.5,copd_crudeprev,0.138,0,3,3,0,9.19952210275,sum_annual_numerators_divided_by_sum_annual_denominators,-0.300477897252,0.300477897252,concordant_high,tertile,4.28240740741,5.50351562789,6.59574468085,5.1,6.4,7.9
17031691200,hypertension,hypertension,441,837,45.8,bphigh_crudeprev,0.138,0,3,3,0,52.688172043,sum_annual_numerators_divided_by_sum_annual_denominators,6.88817204301,6.88817204301,concordant_high,tertile,41.6381847783,46.0855528652,51.2837372821,26.1,28.9,35.6666666667
17031691300,copd,COPD,75,906,8.2,copd_crudeprev,0.1241,0,3,3,0,8.27814569536,sum_annual_numerators_divided_by_sum_annual_denominators,0.0781456953642,0.0781456953642,concordant_high,tertile,4.28240740741,5.50351562789,6.59574468085,5.1,6.4,7.9
17031691300,hypertension,hypertension,548,906,46.9,bphigh_crudeprev,0.1241,0,3,3,0,60.4856512141,sum_annual_numerators_divided_by_sum_annual_denominators,13.5856512141,13.5856512141,concordant_high,tertile,41.6381847783,46.0855528652,51.2837372821,26.1,28.9,35.6666666667
17031691400,copd,COPD,91,1185,10.8,copd_crudeprev,0.1316,0,3,3,0,7.67932489451,sum_annual_numerators_divided_by_sum_annual_denominators,-3.12067510549,3.12067510549,concordant_high,tertile,4.28240740741,5.50351562789,6.59574468085,5.1,6.4,7.9
17031691400,hypertension,hypertension,675,1185,48.4,bphigh_crudeprev,0.1316,0,3,3,0,56.9620253165,sum_annual_numerators_divided_by_sum_annual_denominators,8.56202531646,8.56202531646,concordant_high,tertile,41.6381847783,46.0855528652,51.2837372821,26.1,28.9,35.6666666667
17031691500,copd,COPD,44,597,11.8,copd_crudeprev,0.089,0,3,3,0,7.37018425461,sum_annual_numerators_divided_by_sum_annual_denominators,-4.42981574539,4.42981574539,concordant_high,tertile,4.28240740741,5.50351562789,6.59574468085,5.1,6.4,7.9
17031691500,hypertension,hypertension,314,597,48.9,bphigh_crudeprev,0.089,0,3,3,0,52.5963149079,sum_annual_numerators_divided_by_sum_annual_denominators,3.69631490787,3.69631490787,concordant_high,tertile,41.6381847783,46.0855528652,51.2837372821,26.1,28.9,35.6666666667
17031700100,copd,COPD,36,908,6.3,copd_crudeprev,0.0557,0,3,3,0,3.96475770925,sum_annual_numerators_divided_by_sum_annual_denominators,-2.33524229075,2.33524229075,intermediate,tertile,4.28240740741,5.50351562789,6.59574468085,5.1,6.4,7.9
17031700100,hypertension,hypertension,496,908,35.5,bphigh_crudeprev,0.0557,0,3,3,0,54.6255506608,sum_annual_numerators_divided_by_sum_annual_denominators,19.1255506608,19.1255506608,intermediate,tertile,41.6381847783,46.0855528652,51.2837372821,26.1,28.9,35.6666666667
17031700200,hypertension,hypertension,713,1614,29.3,bphigh_crudeprev,0.0439,0,3,3,0,44.175960347,sum_annual_numerators_divided_by_sum_annual_denominators,14.875960347,14.875960347,intermediate,tertile,41.6381847783,46.0855528652,51.2837372821,26.1,28.9,35.6666666667
17031700301,copd,COPD,40,1369,5,copd_crudeprev,0.0398,0,3,3,0,2.92184075968,sum_annual_numerators_divided_by_sum_annual_denominators,-2.07815924032,2.07815924032,concordant_low,tertile,4.28240740741,5.50351562789,6.59574468085,5.1,6.4,7.9
17031700301,hypertension,hypertension,607,1369,26.7,bphigh_crudeprev,0.0398,0,3,3,0,44.3389335281,sum_annual_numerators_divided_by_sum_annual_denominators,17.6389335281,17.6389335281,intermediate,tertile,41.6381847783,46.0855528652,51.2837372821,26.1,28.9,35.6666666667
17031700302,copd,COPD,52,1442,6.1,copd_crudeprev,0.0488,0,3,3,0,3.60610263523,sum_annual_numerators_divided_by_sum_annual_denominators,-2.49389736477,2.49389736477,intermediate,tertile,4.28240740741,5.50351562789,6.59574468085,5.1,6.4,7.9
17031700302,hypertension,hypertension,730,1442,30.6,bphigh_crudeprev,0.0488,0,3,3,0,50.6241331484,sum_annual_numerators_divided_by_sum_annual_denominators,20.0241331484,20.0241331484,intermediate,tertile,41.6381847783,46.0855528652,51.2837372821,26.1,28.9,35.6666666667
17031700401,copd,COPD,59,1430,5.4,copd_crudeprev,0.0545,0,3,3,0,4.12587412587,sum_annual_numerators_divided_by_sum_annual_denominators,-1.27412587413,1.27412587413,intermediate,tertile,4.28240740741,5.50351562789,6.59574468085,5.1,6.4,7.9
17031700401,hypertension,hypertension,766,1430,33.4,bphigh_crudeprev,0.0545,0,3,3,0,53.5664335664,sum_annual_numerators_divided_by_sum_annual_denominators,20.1664335664,20.1664335664,intermediate,tertile,41.6381847783,46.0855528652,51.2837372821,26.1,28.9,35.6666666667
17031700402,hypertension,hypertension,533,1045,34.1,bphigh_crudeprev,0.0737,0,3,3,0,51.004784689,sum_annual_numerators_divided_by_sum_annual_denominators,16.904784689,16.904784689,intermediate,tertile,41.6381847783,46.0855528652,51.2837372821,26.1,28.9,35.6666666667
17031700501,copd,COPD,116,2049,9.3,copd_crudeprev,0.1051,0,3,3,0,5.66129819424,sum_annual_numerators_divided_by_sum_annual_denominators,-3.63870180576,3.63870180576,intermediate,tertile,4.28240740741,5.50351562789,6.59574468085,5.1,6.4,7.9
17031700501,hypertension,hypertension,1181,2049,47.1,bphigh_crudeprev,0.1051,0,3,3,0,57.6378721327,sum_annual_numerators_divided_by_sum_annual_denominators,10.5378721327,10.5378721327,concordant_high,tertile,41.6381847783,46.0855528652,51.2837372821,26.1,28.9,35.6666666667
17031700502,copd,COPD,35,906,5.9,copd_crudeprev,0.0749,0,3,3,0,3.86313465784,sum_annual_numerators_divided_by_sum_annual_denominators,-2.03686534216,2.03686534216,intermediate,tertile,4.28240740741,5.50351562789,6.59574468085,5.1,6.4,7.9
17031700502,hypertension,hypertension,554,906,42.7,bphigh_crudeprev,0.0749,0,3,3,0,61.1479028698,sum_annual_numerators_divided_by_sum_annual_denominators,18.4479028698,18.4479028698,concordant_high,tertile,41.6381847783,46.0855528652,51.2837372821,26.1,28.9,35.6666666667
17031710100,hypertension,hypertension,186,306,47.2,bphigh_crudeprev,0.1095,0,3,3,0,60.7843137255,sum_annual_numerators_divided_by_sum_annual_denominators,13.5843137255,13.5843137255,concordant_high,tertile,41.6381847783,46.0855528652,51.2837372821,26.1,28.9,35.6666666667
17031710200,copd,COPD,97,1410,11.8,copd_crudeprev,0.1151,0,3,3,0,6.87943262411,sum_annual_numerators_divided_by_sum_annual_denominators,-4.92056737589,4.92056737589,concordant_high,tertile,4.28240740741,5.50351562789,6.59574468085,5.1,6.4,7.9
17031710200,hypertension,hypertension,767,1410,47.2,bphigh_crudeprev,0.1151,0,3,3,0,54.3971631206,sum_annual_numerators_divided_by_sum_annual_denominators,7.19716312057,7.19716312057,concordant_high,tertile,41.6381847783,46.0855528652,51.2837372821,26.1,28.9,35.6666666667
17031710300,hypertension,hypertension,248,436,41.7,bphigh_crudeprev,0.1181,0,3,3,0,56.880733945,sum_annual_numerators_divided_by_sum_annual_denominators,15.180733945,15.180733945,concordant_high,tertile,41.6381847783,46.0855528652,51.2837372821,26.1,28.9,35.6666666667
17031710400,copd,COPD,115,1757,9.9,copd_crudeprev,0.1046,0,3,3,0,6.5452475811,sum_annual_numerators_divided_by_sum_annual_denominators,-3.3547524189,3.3547524189,intermediate,tertile,4.28240740741,5.50351562789,6.59574468085,5.1,6.4,7.9
17031710400,hypertension,hypertension,966,1757,47.6,bphigh_crudeprev,0.1046,0,3,3,0,54.9800796813,sum_annual_numerators_divided_by_sum_annual_denominators,7.38007968127,7.38007968127,concordant_high,tertile,41.6381847783,46.0855528652,51.2837372821,26.1,28.9,35.6666666667
17031710500,copd,COPD,93,1223,9.8,copd_crudeprev,0.1055,0,3,3,0,7.60425183974,sum_annual_numerators_divided_by_sum_annual_denominators,-2.19574816026,2.19574816026,concordant_high,tertile,4.28240740741,5.50351562789,6.59574468085,5.1,6.4,7.9
17031710500,hypertension,hypertension,708,1223,46.3,bphigh_crudeprev,0.1055,0,3,3,0,57.8904333606,sum_annual_numerators_divided_by_sum_annual_denominators,11.5904333606,11.5904333606,concordant_high,tertile,41.6381847783,46.0855528652,51.2837372821,26.1,28.9,35.6666666667
17031710600,copd,COPD,41,548,9.1,copd_crudeprev,0.0897,0,3,3,0,7.48175182482,sum_annual_numerators_divided_by_sum_annual_denominators,-1.61824817518,1.61824817518,concordant_high,tertile,4.28240740741,5.50351562789,6.59574468085,5.1,6.4,7.9
17031710600,hypertension,hypertension,316,548,43.7,bphigh_crudeprev,0.0897,0,3,3,0,57.6642335766,sum_annual_numerators_divided_by_sum_annual_denominators,13.9642335766,13.9642335766,concordant_high,tertile,41.6381847783,46.0855528652,51.2837372821,26.1,28.9,35.6666666667
17031710700,copd,COPD,75,1111,9.4,copd_crudeprev,0.1061,0,3,3,0,6.75067506751,sum_annual_numerators_divided_by_sum_annual_denominators,-2.64932493249,2.64932493249,concordant_high,tertile,4.28240740741,5.50351562789,6.59574468085,5.1,6.4,7.9
17031710700,hypertension,hypertension,662,1111,47.6,bphigh_crudeprev,0.1061,0,3,3,0,59.5859585959,sum_annual_numerators_divided_by_sum_annual_denominators,11.9859585959,11.9859585959,concordant_high,tertile,41.6381847783,46.0855528652,51.2837372821,26.1,28.9,35.6666666667
17031710800,copd,COPD,115,1518,9.6,copd_crudeprev,0.1046,0,3,3,0,7.57575757576,sum_annual_numerators_divided_by_sum_annual_denominators,-2.02424242424,2.02424242424,concordant_high,tertile,4.28240740741,5.50351562789,6.59574468085,5.1,6.4,7.9
17031710800,hypertension,hypertension,878,1518,47.4,bphigh_crudeprev,0.1046,0,3,3,0,57.8392621871,sum_annual_numerators_divided_by_sum_annual_denominators,10.4392621871,10.4392621871,concordant_high,tertile,41.6381847783,46.0855528652,51.2837372821,26.1,28.9,35.6666666667
17031710900,copd,COPD,41,649,7.8,copd_crudeprev,0.0957,0,3,3,0,6.31741140216,sum_annual_numerators_divided_by_sum_annual_denominators,-1.48258859784,1.48258859784,intermediate,tertile,4.28240740741,5.50351562789,6.59574468085,5.1,6.4,7.9
17031710900,hypertension,hypertension,379,649,42.7,bphigh_crudeprev,0.0957,0,3,3,0,58.3975346687,sum_annual_numerators_divided_by_sum_annual_denominators,15.6975346687,15.6975346687,concordant_high,tertile,41.6381847783,46.0855528652,51.2837372821,26.1,28.9,35.6666666667
17031711000,copd,COPD,76,973,9.5,copd_crudeprev,0.0881,0,3,3,0,7.81089414183,sum_annual_numerators_divided_by_sum_annual_denominators,-1.68910585817,1.68910585817,concordant_high,tertile,4.28240740741,5.50351562789,6.59574468085,5.1,6.4,7.9
17031711000,hypertension,hypertension,591,973,46.2,bphigh_crudeprev,0.0881,0,3,3,0,60.739979445,sum_annual_numerators_divided_by_sum_annual_denominators,14.539979445,14.539979445,concordant_high,tertile,41.6381847783,46.0855528652,51.2837372821,26.1,28.9,35.6666666667
17031711100,copd,COPD,48,931,7,copd_crudeprev,0.1127,0,3,3,0,5.15574650913,sum_annual_numerators_divided_by_sum_annual_denominators,-1.84425349087,1.84425349087,intermediate,tertile,4.28240740741,5.50351562789,6.59574468085,5.1,6.4,7.9
17031711100,hypertension,hypertension,532,931,44.4,bphigh_crudeprev,0.1127,0,3,3,0,57.1428571429,sum_annual_numerators_divided_by_sum_annual_denominators,12.7428571429,12.7428571429,concordant_high,tertile,41.6381847783,46.0855528652,51.2837372821,26.1,28.9,35.6666666667
17031711200,copd,COPD,124,1495,9,copd_crudeprev,0.0929,0,3,3,0,8.29431438127,sum_annual_numerators_divided_by_sum_annual_denominators,-0.705685618729,0.705685618729,concordant_high,tertile,4.28240740741,5.50351562789,6.59574468085,5.1,6.4,7.9
17031711200,hypertension,hypertension,901,1495,48.7,bphigh_crudeprev,0.0929,0,3,3,0,60.2675585284,sum_annual_numerators_divided_by_sum_annual_denominators,11.5675585284,11.5675585284,concordant_high,tertile,41.6381847783,46.0855528652,51.2837372821,26.1,28.9,35.6666666667
17031711300,hypertension,hypertension,197,370,46.8,bphigh_crudeprev,0.076,0,3,3,0,53.2432432432,sum_annual_numerators_divided_by_sum_annual_denominators,6.44324324324,6.44324324324,concordant_high,tertile,41.6381847783,46.0855528652,51.2837372821,26.1,28.9,35.6666666667
17031711400,copd,COPD,46,802,6.9,copd_crudeprev,0.0885,0,3,3,0,5.73566084788,sum_annual_numerators_divided_by_sum_annual_denominators,-1.16433915212,1.16433915212,intermediate,tertile,4.28240740741,5.50351562789,6.59574468085,5.1,6.4,7.9
17031711400,hypertension,hypertension,473,802,43.1,bphigh_crudeprev,0.0885,0,3,3,0,58.9775561097,sum_annual_numerators_divided_by_sum_annual_denominators,15.8775561097,15.8775561097,concordant_high,tertile,41.6381847783,46.0855528652,51.2837372821,26.1,28.9,35.6666666667
17031711500,hypertension,hypertension,465,796,46.1,bphigh_crudeprev,0.1033,0,3,3,0,58.4170854271,sum_annual_numerators_divided_by_sum_annual_denominators,12.3170854271,12.3170854271,concordant_high,tertile,41.6381847783,46.0855528652,51.2837372821,26.1,28.9,35.6666666667
17031720100,copd,COPD,52,1393,5.2,copd_crudeprev,0.086,0,3,3,0,3.73295046662,sum_annual_numerators_divided_by_sum_annual_denominators,-1.46704953338,1.46704953338,intermediate,tertile,4.28240740741,5.50351562789,6.59574468085,5.1,6.4,7.9
17031720100,hypertension,hypertension,671,1393,34.2,bphigh_crudeprev,0.086,0,3,3,0,48.1694185212,sum_annual_numerators_divided_by_sum_annual_denominators,13.9694185212,13.9694185212,intermediate,tertile,41.6381847783,46.0855528652,51.2837372821,26.1,28.9,35.6666666667
17031720200,copd,COPD,63,1348,4.8,copd_crudeprev,0.0755,0,3,3,0,4.67359050445,sum_annual_numerators_divided_by_sum_annual_denominators,-0.126409495549,0.126409495549,intermediate,tertile,4.28240740741,5.50351562789,6.59574468085,5.1,6.4,7.9
17031720200,hypertension,hypertension,719,1348,34.9,bphigh_crudeprev,0.0755,0,3,3,0,53.3382789318,sum_annual_numerators_divided_by_sum_annual_denominators,18.4382789318,18.4382789318,intermediate,tertile,41.6381847783,46.0855528652,51.2837372821,26.1,28.9,35.6666666667
17031720300,hypertension,hypertension,751,1458,31.4,bphigh_crudeprev,0.0898,0,3,3,0,51.5089163237,sum_annual_numerators_divided_by_sum_annual_denominators,20.1089163237,20.1089163237,intermediate,tertile,41.6381847783,46.0855528652,51.2837372821,26.1,28.9,35.6666666667
17031720400,hypertension,hypertension,222,499,29,bphigh_crudeprev,0.0474,0,3,3,0,44.4889779559,sum_annual_numerators_divided_by_sum_annual_denominators,15.4889779559,15.4889779559,intermediate,tertile,41.6381847783,46.0855528652,51.2837372821,26.1,28.9,35.6666666667
17031720500,hypertension,hypertension,320,662,26.3,bphigh_crudeprev,0.0609,0,3,3,0,48.3383685801,sum_annual_numerators_divided_by_sum_annual_denominators,22.0383685801,22.0383685801,intermediate,tertile,41.6381847783,46.0855528652,51.2837372821,26.1,28.9,35.6666666667
17031720600,hypertension,hypertension,337,703,30.4,bphigh_crudeprev,0.074,0,3,3,0,47.9374110953,sum_annual_numerators_divided_by_sum_annual_denominators,17.5374110953,17.5374110953,intermediate,tertile,41.6381847783,46.0855528652,51.2837372821,26.1,28.9,35.6666666667
17031720700,copd,COPD,53,985,4.9,copd_crudeprev,0.0881,0,3,3,0,5.3807106599,sum_annual_numerators_divided_by_sum_annual_denominators,0.480710659898,0.480710659898,intermediate,tertile,4.28240740741,5.50351562789,6.59574468085,5.1,6.4,7.9
17031720700,hypertension,hypertension,530,985,34.6,bphigh_crudeprev,0.0881,0,3,3,0,53.807106599,sum_annual_numerators_divided_by_sum_annual_denominators,19.207106599,19.207106599,intermediate,tertile,41.6381847783,46.0855528652,51.2837372821,26.1,28.9,35.6666666667
17031730100,copd,COPD,43,830,7.7,copd_crudeprev,0.114,0,3,3,0,5.18072289157,sum_annual_numerators_divided_by_sum_annual_denominators,-2.51927710843,2.51927710843,intermediate,tertile,4.28240740741,5.50351562789,6.59574468085,5.1,6.4,7.9
17031730100,hypertension,hypertension,470,830,45,bphigh_crudeprev,0.114,0,3,3,0,56.6265060241,sum_annual_numerators_divided_by_sum_annual_denominators,11.6265060241,11.6265060241,concordant_high,tertile,41.6381847783,46.0855528652,51.2837372821,26.1,28.9,35.6666666667
17031730201,copd,COPD,99,1600,7,copd_crudeprev,0.0987,0,3,3,0,6.1875,sum_annual_numerators_divided_by_sum_annual_denominators,-0.8125,0.8125,intermediate,tertile,4.28240740741,5.50351562789,6.59574468085,5.1,6.4,7.9
17031730201,hypertension,hypertension,907,1600,43.1,bphigh_crudeprev,0.0987,0,3,3,0,56.6875,sum_annual_numerators_divided_by_sum_annual_denominators,13.5875,13.5875,concordant_high,tertile,41.6381847783,46.0855528652,51.2837372821,26.1,28.9,35.6666666667
17031730202,copd,COPD,45,934,6.4,copd_crudeprev,0.0999,0,3,3,0,4.81798715203,sum_annual_numerators_divided_by_sum_annual_denominators,-1.58201284797,1.58201284797,intermediate,tertile,4.28240740741,5.50351562789,6.59574468085,5.1,6.4,7.9
17031730202,hypertension,hypertension,521,934,43.9,bphigh_crudeprev,0.0999,0,3,3,0,55.7815845824,sum_annual_numerators_divided_by_sum_annual_denominators,11.8815845824,11.8815845824,concordant_high,tertile,41.6381847783,46.0855528652,51.2837372821,26.1,28.9,35.6666666667
17031730300,hypertension,hypertension,143,273,46.9,bphigh_crudeprev,0.0951,0,3,3,0,52.380952381,sum_annual_numerators_divided_by_sum_annual_denominators,5.48095238095,5.48095238095,concordant_high,tertile,41.6381847783,46.0855528652,51.2837372821,26.1,28.9,35.6666666667
17031730400,copd,COPD,65,1072,7.3,copd_crudeprev,0.0879,0,3,3,0,6.06343283582,sum_annual_numerators_divided_by_sum_annual_denominators,-1.23656716418,1.23656716418,intermediate,tertile,4.28240740741,5.50351562789,6.59574468085,5.1,6.4,7.9
17031730400,hypertension,hypertension,631,1072,45.2,bphigh_crudeprev,0.0879,0,3,3,0,58.8619402985,sum_annual_numerators_divided_by_sum_annual_denominators,13.6619402985,13.6619402985,concordant_high,tertile,41.6381847783,46.0855528652,51.2837372821,26.1,28.9,35.6666666667
17031730500,hypertension,hypertension,632,1118,44.2,bphigh_crudeprev,0.0901,0,3,3,0,56.5295169946,sum_annual_numerators_divided_by_sum_annual_denominators,12.3295169946,12.3295169946,concordant_high,tertile,41.6381847783,46.0855528652,51.2837372821,26.1,28.9,35.6666666667
17031730600,copd,COPD,57,865,5.9,copd_crudeprev,0.0803,0,3,3,0,6.58959537572,sum_annual_numerators_divided_by_sum_annual_denominators,0.689595375723,0.689595375723,intermediate,tertile,4.28240740741,5.50351562789,6.59574468085,5.1,6.4,7.9
17031730600,hypertension,hypertension,493,865,43.1,bphigh_crudeprev,0.0803,0,3,3,0,56.9942196532,sum_annual_numerators_divided_by_sum_annual_denominators,13.8942196532,13.8942196532,concordant_high,tertile,41.6381847783,46.0855528652,51.2837372821,26.1,28.9,35.6666666667
17031730700,copd,COPD,37,607,6.7,copd_crudeprev,0.0868,0,3,3,0,6.09555189456,sum_annual_numerators_divided_by_sum_annual_denominators,-0.604448105437,0.604448105437,intermediate,tertile,4.28240740741,5.50351562789,6.59574468085,5.1,6.4,7.9
17031730700,hypertension,hypertension,345,607,41.6,bphigh_crudeprev,0.0868,0,3,3,0,56.8369028007,sum_annual_numerators_divided_by_sum_annual_denominators,15.2369028007,15.2369028007,concordant_high,tertile,41.6381847783,46.0855528652,51.2837372821,26.1,28.9,35.6666666667
17031740100,hypertension,hypertension,373,747,27.3,bphigh_crudeprev,0.0487,0,3,3,0,49.9330655957,sum_annual_numerators_divided_by_sum_annual_denominators,22.6330655957,22.6330655957,intermediate,tertile,41.6381847783,46.0855528652,51.2837372821,26.1,28.9,35.6666666667
17031740200,copd,COPD,76,1329,5.4,copd_crudeprev,0.0416,0,3,3,0,5.71858540256,sum_annual_numerators_divided_by_sum_annual_denominators,0.318585402558,0.318585402558,intermediate,tertile,4.28240740741,5.50351562789,6.59574468085,5.1,6.4,7.9
17031740200,hypertension,hypertension,644,1329,27.6,bphigh_crudeprev,0.0416,0,3,3,0,48.4574868322,sum_annual_numerators_divided_by_sum_annual_denominators,20.8574868322,20.8574868322,intermediate,tertile,41.6381847783,46.0855528652,51.2837372821,26.1,28.9,35.6666666667
17031740300,copd,COPD,55,1038,4.5,copd_crudeprev,0.0374,0,3,3,0,5.29865125241,sum_annual_numerators_divided_by_sum_annual_denominators,0.798651252408,0.798651252408,intermediate,tertile,4.28240740741,5.50351562789,6.59574468085,5.1,6.4,7.9
17031740300,hypertension,hypertension,522,1038,25.5,bphigh_crudeprev,0.0374,0,3,3,0,50.289017341,sum_annual_numerators_divided_by_sum_annual_denominators,24.789017341,24.789017341,intermediate,tertile,41.6381847783,46.0855528652,51.2837372821,26.1,28.9,35.6666666667
17031740400,copd,COPD,80,1102,5.3,copd_crudeprev,0.0476,0,3,3,0,7.25952813067,sum_annual_numerators_divided_by_sum_annual_denominators,1.95952813067,1.95952813067,ehr_high_public_not_high,tertile,4.28240740741,5.50351562789,6.59574468085,5.1,6.4,7.9
17031740400,hypertension,hypertension,532,1102,27.5,bphigh_crudeprev,0.0476,0,3,3,0,48.275862069,sum_annual_numerators_divided_by_sum_annual_denominators,20.775862069,20.775862069,intermediate,tertile,41.6381847783,46.0855528652,51.2837372821,26.1,28.9,35.6666666667
17031750100,copd,COPD,78,1107,6.2,copd_crudeprev,0.1019,0,3,3,0,7.0460704607,sum_annual_numerators_divided_by_sum_annual_denominators,0.846070460705,0.846070460705,ehr_high_public_not_high,tertile,4.28240740741,5.50351562789,6.59574468085,5.1,6.4,7.9
17031750100,hypertension,hypertension,663,1107,43.2,bphigh_crudeprev,0.1019,0,3,3,0,59.891598916,sum_annual_numerators_divided_by_sum_annual_denominators,16.691598916,16.691598916,concordant_high,tertile,41.6381847783,46.0855528652,51.2837372821,26.1,28.9,35.6666666667
17031750200,copd,COPD,37,984,6.2,copd_crudeprev,0.0758,0,3,3,0,3.76016260163,sum_annual_numerators_divided_by_sum_annual_denominators,-2.43983739837,2.43983739837,intermediate,tertile,4.28240740741,5.50351562789,6.59574468085,5.1,6.4,7.9
17031750200,hypertension,hypertension,566,984,38.6,bphigh_crudeprev,0.0758,0,3,3,0,57.5203252033,sum_annual_numerators_divided_by_sum_annual_denominators,18.9203252033,18.9203252033,concordant_high,tertile,41.6381847783,46.0855528652,51.2837372821,26.1,28.9,35.6666666667
17031750300,hypertension,hypertension,359,735,26.3,bphigh_crudeprev,0.0574,0,3,3,0,48.843537415,sum_annual_numerators_divided_by_sum_annual_denominators,22.543537415,22.543537415,intermediate,tertile,41.6381847783,46.0855528652,51.2837372821,26.1,28.9,35.6666666667
17031750400,copd,COPD,37,789,4.8,copd_crudeprev,0.0548,0,3,3,0,4.68948035488,sum_annual_numerators_divided_by_sum_annual_denominators,-0.11051964512,0.11051964512,intermediate,tertile,4.28240740741,5.50351562789,6.59574468085,5.1,6.4,7.9
17031750400,hypertension,hypertension,430,789,30.8,bphigh_crudeprev,0.0548,0,3,3,0,54.4993662864,sum_annual_numerators_divided_by_sum_annual_denominators,23.6993662864,23.6993662864,intermediate,tertile,41.6381847783,46.0855528652,51.2837372821,26.1,28.9,35.6666666667
17031750500,copd,COPD,112,1785,6.8,copd_crudeprev,0.0932,0,3,3,0,6.27450980392,sum_annual_numerators_divided_by_sum_annual_denominators,-0.525490196078,0.525490196078,intermediate,tertile,4.28240740741,5.50351562789,6.59574468085,5.1,6.4,7.9
17031750500,hypertension,hypertension,997,1785,42.2,bphigh_crudeprev,0.0932,0,3,3,0,55.8543417367,sum_annual_numerators_divided_by_sum_annual_denominators,13.6543417367,13.6543417367,concordant_high,tertile,41.6381847783,46.0855528652,51.2837372821,26.1,28.9,35.6666666667
17031750600,copd,COPD,64,939,8.7,copd_crudeprev,0.0842,0,3,3,0,6.81576144835,sum_annual_numerators_divided_by_sum_annual_denominators,-1.88423855165,1.88423855165,concordant_high,tertile,4.28240740741,5.50351562789,6.59574468085,5.1,6.4,7.9
17031750600,hypertension,hypertension,538,939,46.7,bphigh_crudeprev,0.0842,0,3,3,0,57.2949946752,sum_annual_numerators_divided_by_sum_annual_denominators,10.5949946752,10.5949946752,concordant_high,tertile,41.6381847783,46.0855528652,51.2837372821,26.1,28.9,35.6666666667
17031760801,hypertension,hypertension,188,419,23.4,bphigh_crudeprev,0.0171,0,3,3,0,44.8687350835,sum_annual_numerators_divided_by_sum_annual_denominators,21.4687350835,21.4687350835,intermediate,tertile,41.6381847783,46.0855528652,51.2837372821,26.1,28.9,35.6666666667
17031760802,hypertension,hypertension,327,608,32.9,bphigh_crudeprev,0.0477,0,3,3,0,53.7828947368,sum_annual_numerators_divided_by_sum_annual_denominators,20.8828947368,20.8828947368,intermediate,tertile,41.6381847783,46.0855528652,51.2837372821,26.1,28.9,35.6666666667
17031760803,hypertension,hypertension,306,596,25.8,bphigh_crudeprev,0.0176,0,3,3,0,51.3422818792,sum_annual_numerators_divided_by_sum_annual_denominators,25.5422818792,25.5422818792,ehr_high_public_not_high,tertile,41.6381847783,46.0855528652,51.2837372821,26.1,28.9,35.6666666667
17031830500,hypertension,hypertension,651,1298,27.2,bphigh_crudeprev,0.0591,0,3,3,0,50.1540832049,sum_annual_numerators_divided_by_sum_annual_denominators,22.9540832049,22.9540832049,intermediate,tertile,41.6381847783,46.0855528652,51.2837372821,26.1,28.9,35.6666666667
17031830600,copd,COPD,33,1302,4.3,copd_crudeprev,0.0513,0,3,3,0,2.53456221198,sum_annual_numerators_divided_by_sum_annual_denominators,-1.76543778802,1.76543778802,concordant_low,tertile,4.28240740741,5.50351562789,6.59574468085,5.1,6.4,7.9
17031830600,hypertension,hypertension,472,1302,24.5,bphigh_crudeprev,0.0513,0,3,3,0,36.2519201229,sum_annual_numerators_divided_by_sum_annual_denominators,11.7519201229,11.7519201229,concordant_low,tertile,41.6381847783,46.0855528652,51.2837372821,26.1,28.9,35.6666666667
17031830700,copd,COPD,57,1925,5.6,copd_crudeprev,0.111,0,3,3,0,2.96103896104,sum_annual_numerators_divided_by_sum_annual_denominators,-2.63896103896,2.63896103896,intermediate,tertile,4.28240740741,5.50351562789,6.59574468085,5.1,6.4,7.9
17031830700,hypertension,hypertension,681,1925,29.7,bphigh_crudeprev,0.111,0,3,3,0,35.3766233766,sum_annual_numerators_divided_by_sum_annual_denominators,5.67662337662,5.67662337662,intermediate,tertile,41.6381847783,46.0855528652,51.2837372821,26.1,28.9,35.6666666667
17031830800,hypertension,hypertension,368,994,16,bphigh_crudeprev,0.0687,0,3,3,0,37.0221327968,sum_annual_numerators_divided_by_sum_annual_denominators,21.0221327968,21.0221327968,concordant_low,tertile,41.6381847783,46.0855528652,51.2837372821,26.1,28.9,35.6666666667
17031830900,hypertension,hypertension,425,1228,18.5,bphigh_crudeprev,0.0749,0,3,3,0,34.6091205212,sum_annual_numerators_divided_by_sum_annual_denominators,16.1091205212,16.1091205212,concordant_low,tertile,41.6381847783,46.0855528652,51.2837372821,26.1,28.9,35.6666666667
17031831000,hypertension,hypertension,239,973,15.8,bphigh_crudeprev,0.0768,0,3,3,0,24.5632065776,sum_annual_numerators_divided_by_sum_annual_denominators,8.7632065776,8.7632065776,concordant_low,tertile,41.6381847783,46.0855528652,51.2837372821,26.1,28.9,35.6666666667
17031831100,hypertension,hypertension,592,1834,22.5,bphigh_crudeprev,0.0456,0,3,3,0,32.2791712105,sum_annual_numerators_divided_by_sum_annual_denominators,9.77917121047,9.77917121047,concordant_low,tertile,41.6381847783,46.0855528652,51.2837372821,26.1,28.9,35.6666666667
17031831200,copd,COPD,34,1219,5,copd_crudeprev,0.0434,0,3,3,0,2.78917145201,sum_annual_numerators_divided_by_sum_annual_denominators,-2.21082854799,2.21082854799,concordant_low,tertile,4.28240740741,5.50351562789,6.59574468085,5.1,6.4,7.9
17031831200,hypertension,hypertension,512,1219,27.2,bphigh_crudeprev,0.0434,0,3,3,0,42.0016406891,sum_annual_numerators_divided_by_sum_annual_denominators,14.8016406891,14.8016406891,intermediate,tertile,41.6381847783,46.0855528652,51.2837372821,26.1,28.9,35.6666666667
17031831300,hypertension,hypertension,236,437,40,bphigh_crudeprev,0.0635,0,3,3,0,54.004576659,sum_annual_numerators_divided_by_sum_annual_denominators,14.004576659,14.004576659,concordant_high,tertile,41.6381847783,46.0855528652,51.2837372821,26.1,28.9,35.6666666667
17031831400,copd,COPD,116,1345,11.3,copd_crudeprev,0.1045,0,3,3,0,8.62453531599,sum_annual_numerators_divided_by_sum_annual_denominators,-2.67546468401,2.67546468401,concordant_high,tertile,4.28240740741,5.50351562789,6.59574468085,5.1,6.4,7.9
17031831400,hypertension,hypertension,786,1345,47,bphigh_crudeprev,0.1045,0,3,3,0,58.43866171,sum_annual_numerators_divided_by_sum_annual_denominators,11.43866171,11.43866171,concordant_high,tertile,41.6381847783,46.0855528652,51.2837372821,26.1,28.9,35.6666666667
17031831500,copd,COPD,44,1062,5.3,copd_crudeprev,0.0577,0,3,3,0,4.14312617702,sum_annual_numerators_divided_by_sum_annual_denominators,-1.15687382298,1.15687382298,intermediate,tertile,4.28240740741,5.50351562789,6.59574468085,5.1,6.4,7.9
17031831500,hypertension,hypertension,495,1062,27.2,bphigh_crudeprev,0.0577,0,3,3,0,46.6101694915,sum_annual_numerators_divided_by_sum_annual_denominators,19.4101694915,19.4101694915,intermediate,tertile,41.6381847783,46.0855528652,51.2837372821,26.1,28.9,35.6666666667
17031831600,copd,COPD,100,2021,5.8,copd_crudeprev,0.0498,0,3,3,0,4.94804552202,sum_annual_numerators_divided_by_sum_annual_denominators,-0.851954477981,0.851954477981,intermediate,tertile,4.28240740741,5.50351562789,6.59574468085,5.1,6.4,7.9
17031831600,hypertension,hypertension,1008,2021,30.1,bphigh_crudeprev,0.0498,0,3,3,0,49.8762988619,sum_annual_numerators_divided_by_sum_annual_denominators,19.7762988619,19.7762988619,intermediate,tertile,41.6381847783,46.0855528652,51.2837372821,26.1,28.9,35.6666666667
17031831700,hypertension,hypertension,336,756,29.4,bphigh_crudeprev,0.0587,0,3,3,0,44.4444444444,sum_annual_numerators_divided_by_sum_annual_denominators,15.0444444444,15.0444444444,intermediate,tertile,41.6381847783,46.0855528652,51.2837372821,26.1,28.9,35.6666666667
17031831800,copd,COPD,38,1270,5,copd_crudeprev,0.0354,0,3,3,0,2.99212598425,sum_annual_numerators_divided_by_sum_annual_denominators,-2.00787401575,2.00787401575,concordant_low,tertile,4.28240740741,5.50351562789,6.59574468085,5.1,6.4,7.9
17031831800,hypertension,hypertension,476,1270,27.3,bphigh_crudeprev,0.0354,0,3,3,0,37.4803149606,sum_annual_numerators_divided_by_sum_annual_denominators,10.1803149606,10.1803149606,intermediate,tertile,41.6381847783,46.0855528652,51.2837372821,26.1,28.9,35.6666666667
17031831900,hypertension,hypertension,356,1147,14.9,bphigh_crudeprev,0.0697,0,3,3,0,31.037489102,sum_annual_numerators_divided_by_sum_annual_denominators,16.137489102,16.137489102,concordant_low,tertile,41.6381847783,46.0855528652,51.2837372821,26.1,28.9,35.6666666667
17031832000,hypertension,hypertension,144,582,12.3,bphigh_crudeprev,0.0611,0,3,3,0,24.7422680412,sum_annual_numerators_divided_by_sum_annual_denominators,12.4422680412,12.4422680412,concordant_low,tertile,41.6381847783,46.0855528652,51.2837372821,26.1,28.9,35.6666666667
17031832100,hypertension,hypertension,455,1274,17.8,bphigh_crudeprev,0.067,0,3,3,0,35.7142857143,sum_annual_numerators_divided_by_sum_annual_denominators,17.9142857143,17.9142857143,concordant_low,tertile,41.6381847783,46.0855528652,51.2837372821,26.1,28.9,35.6666666667
17031832200,hypertension,hypertension,298,1122,15.1,bphigh_crudeprev,0.0623,0,3,3,0,26.559714795,sum_annual_numerators_divided_by_sum_annual_denominators,11.459714795,11.459714795,concordant_low,tertile,41.6381847783,46.0855528652,51.2837372821,26.1,28.9,35.6666666667
17031832300,hypertension,hypertension,276,905,16.4,bphigh_crudeprev,0.0783,0,3,3,0,30.4972375691,sum_annual_numerators_divided_by_sum_annual_denominators,14.0972375691,14.0972375691,concordant_low,tertile,41.6381847783,46.0855528652,51.2837372821,26.1,28.9,35.6666666667
17031832400,hypertension,hypertension,355,1310,15.7,bphigh_crudeprev,0.0634,0,3,3,0,27.0992366412,sum_annual_numerators_divided_by_sum_annual_denominators,11.3992366412,11.3992366412,concordant_low,tertile,41.6381847783,46.0855528652,51.2837372821,26.1,28.9,35.6666666667
17031832500,copd,COPD,54,1662,3.7,copd_crudeprev,0.0901,0,3,3,0,3.24909747292,sum_annual_numerators_divided_by_sum_annual_denominators,-0.450902527076,0.450902527076,concordant_low,tertile,4.28240740741,5.50351562789,6.59574468085,5.1,6.4,7.9
17031832500,hypertension,hypertension,582,1662,22.7,bphigh_crudeprev,0.0901,0,3,3,0,35.0180505415,sum_annual_numerators_divided_by_sum_annual_denominators,12.3180505415,12.3180505415,concordant_low,tertile,41.6381847783,46.0855528652,51.2837372821,26.1,28.9,35.6666666667
17031832600,hypertension,hypertension,559,1911,16.5,bphigh_crudeprev,0.0773,0,3,3,0,29.2517006803,sum_annual_numerators_divided_by_sum_annual_denominators,12.7517006803,12.7517006803,concordant_low,tertile,41.6381847783,46.0855528652,51.2837372821,26.1,28.9,35.6666666667
17031832900,copd,COPD,47,1119,4,copd_crudeprev,0.111,0,3,3,0,4.20017873101,sum_annual_numerators_divided_by_sum_annual_denominators,0.20017873101,0.20017873101,concordant_low,tertile,4.28240740741,5.50351562789,6.59574468085,5.1,6.4,7.9
17031832900,hypertension,hypertension,481,1119,21.2,bphigh_crudeprev,0.111,0,3,3,0,42.9848078642,sum_annual_numerators_divided_by_sum_annual_denominators,21.7848078642,21.7848078642,intermediate,tertile,41.6381847783,46.0855528652,51.2837372821,26.1,28.9,35.6666666667
17031833000,copd,COPD,202,5642,2.1,copd_crudeprev,0.2165,0,3,3,0,3.58029067706,sum_annual_numerators_divided_by_sum_annual_denominators,1.48029067706,1.48029067706,concordant_low,tertile,4.28240740741,5.50351562789,6.59574468085,5.1,6.4,7.9
17031833000,hypertension,hypertension,1505,5642,16,bphigh_crudeprev,0.2165,0,3,3,0,26.6749379653,sum_annual_numerators_divided_by_sum_annual_denominators,10.6749379653,10.6749379653,concordant_low,tertile,41.6381847783,46.0855528652,51.2837372821,26.1,28.9,35.6666666667
17031833100,copd,COPD,200,5409,2,copd_crudeprev,0.1217,0,3,3,0,3.69754113515,sum_annual_numerators_divided_by_sum_annual_denominators,1.69754113515,1.69754113515,concordant_low,tertile,4.28240740741,5.50351562789,6.59574468085,5.1,6.4,7.9
17031833100,hypertension,hypertension,1919,5409,16.6,bphigh_crudeprev,0.1217,0,3,3,0,35.4779071917,sum_annual_numerators_divided_by_sum_annual_denominators,18.8779071917,18.8779071917,concordant_low,tertile,41.6381847783,46.0855528652,51.2837372821,26.1,28.9,35.6666666667
17031833300,copd,COPD,60,1580,2.7,copd_crudeprev,0.1281,0,3,3,0,3.79746835443,sum_annual_numerators_divided_by_sum_annual_denominators,1.09746835443,1.09746835443,concordant_low,tertile,4.28240740741,5.50351562789,6.59574468085,5.1,6.4,7.9
17031833300,hypertension,hypertension,689,1580,17.4,bphigh_crudeprev,0.1281,0,3,3,0,43.6075949367,sum_annual_numerators_divided_by_sum_annual_denominators,26.2075949367,26.2075949367,intermediate,tertile,41.6381847783,46.0855528652,51.2837372821,26.1,28.9,35.6666666667
17031833900,hypertension,hypertension,292,555,39.9,bphigh_crudeprev,0.0507,0,3,3,0,52.6126126126,sum_annual_numerators_divided_by_sum_annual_denominators,12.7126126126,12.7126126126,concordant_high,tertile,41.6381847783,46.0855528652,51.2837372821,26.1,28.9,35.6666666667
17031834000,copd,COPD,37,864,9.7,copd_crudeprev,0.0817,0,3,3,0,4.28240740741,sum_annual_numerators_divided_by_sum_annual_denominators,-5.41759259259,5.41759259259,public_high_ehr_not_high,tertile,4.28240740741,5.50351562789,6.59574468085,5.1,6.4,7.9
17031834000,hypertension,hypertension,458,864,44.3,bphigh_crudeprev,0.0817,0,3,3,0,53.0092592593,sum_annual_numerators_divided_by_sum_annual_denominators,8.70925925926,8.70925925926,concordant_high,tertile,41.6381847783,46.0855528652,51.2837372821,26.1,28.9,35.6666666667
17031834200,copd,COPD,81,1587,6.2,copd_crudeprev,0.1033,0,3,3,0,5.10396975425,sum_annual_numerators_divided_by_sum_annual_denominators,-1.09603024575,1.09603024575,intermediate,tertile,4.28240740741,5.50351562789,6.59574468085,5.1,6.4,7.9
17031834200,hypertension,hypertension,897,1587,41.3,bphigh_crudeprev,0.1033,0,3,3,0,56.5217391304,sum_annual_numerators_divided_by_sum_annual_denominators,15.2217391304,15.2217391304,concordant_high,tertile,41.6381847783,46.0855528652,51.2837372821,26.1,28.9,35.6666666667
17031834300,copd,COPD,164,2632,7,copd_crudeprev,0.1419,0,3,3,0,6.23100303951,sum_annual_numerators_divided_by_sum_annual_denominators,-0.768996960486,0.768996960486,intermediate,tertile,4.28240740741,5.50351562789,6.59574468085,5.1,6.4,7.9
17031834300,hypertension,hypertension,1595,2632,45,bphigh_crudeprev,0.1419,0,3,3,0,60.6003039514,sum_annual_numerators_divided_by_sum_annual_denominators,15.6003039514,15.6003039514,concordant_high,tertile,41.6381847783,46.0855528652,51.2837372821,26.1,28.9,35.6666666667
17031834400,copd,COPD,72,1727,5.6,copd_crudeprev,0.1283,0,3,3,0,4.16907932831,sum_annual_numerators_divided_by_sum_annual_denominators,-1.43092067169,1.43092067169,intermediate,tertile,4.28240740741,5.50351562789,6.59574468085,5.1,6.4,7.9
17031834400,hypertension,hypertension,860,1727,38.2,bphigh_crudeprev,0.1283,0,3,3,0,49.7973364215,sum_annual_numerators_divided_by_sum_annual_denominators,11.5973364215,11.5973364215,intermediate,tertile,41.6381847783,46.0855528652,51.2837372821,26.1,28.9,35.6666666667
17031834500,copd,COPD,46,645,9.6,copd_crudeprev,0.1268,0,3,3,0,7.13178294574,sum_annual_numerators_divided_by_sum_annual_denominators,-2.46821705426,2.46821705426,concordant_high,tertile,4.28240740741,5.50351562789,6.59574468085,5.1,6.4,7.9
17031834500,hypertension,hypertension,335,645,42,bphigh_crudeprev,0.1268,0,3,3,0,51.9379844961,sum_annual_numerators_divided_by_sum_annual_denominators,9.93798449612,9.93798449612,concordant_high,tertile,41.6381847783,46.0855528652,51.2837372821,26.1,28.9,35.6666666667
17031834600,copd,COPD,76,858,11.6,copd_crudeprev,0.1362,0,3,3,0,8.85780885781,sum_annual_numerators_divided_by_sum_annual_denominators,-2.74219114219,2.74219114219,concordant_high,tertile,4.28240740741,5.50351562789,6.59574468085,5.1,6.4,7.9
17031834600,hypertension,hypertension,486,858,47.1,bphigh_crudeprev,0.1362,0,3,3,0,56.6433566434,sum_annual_numerators_divided_by_sum_annual_denominators,9.54335664336,9.54335664336,concordant_high,tertile,41.6381847783,46.0855528652,51.2837372821,26.1,28.9,35.6666666667
17031834700,copd,COPD,54,801,9.3,copd_crudeprev,0.1476,0,3,3,0,6.74157303371,sum_annual_numerators_divided_by_sum_annual_denominators,-2.55842696629,2.55842696629,concordant_high,tertile,4.28240740741,5.50351562789,6.59574468085,5.1,6.4,7.9
17031834700,hypertension,hypertension,406,801,43.4,bphigh_crudeprev,0.1476,0,3,3,0,50.6866416979,sum_annual_numerators_divided_by_sum_annual_denominators,7.28664169788,7.28664169788,intermediate,tertile,41.6381847783,46.0855528652,51.2837372821,26.1,28.9,35.6666666667
17031834800,copd,COPD,90,806,10.6,copd_crudeprev,0.1391,0,3,3,0,11.1662531017,sum_annual_numerators_divided_by_sum_annual_denominators,0.566253101737,0.566253101737,concordant_high,tertile,4.28240740741,5.50351562789,6.59574468085,5.1,6.4,7.9
17031834800,hypertension,hypertension,457,806,47,bphigh_crudeprev,0.1391,0,3,3,0,56.699751861,sum_annual_numerators_divided_by_sum_annual_denominators,9.69975186104,9.69975186104,concordant_high,tertile,41.6381847783,46.0855528652,51.2837372821,26.1,28.9,35.6666666667
17031834900,copd,COPD,55,753,10.9,copd_crudeprev,0.2133,0,3,3,0,7.30411686587,sum_annual_numerators_divided_by_sum_annual_denominators,-3.59588313413,3.59588313413,concordant_high,tertile,4.28240740741,5.50351562789,6.59574468085,5.1,6.4,7.9
17031834900,hypertension,hypertension,441,753,45.7,bphigh_crudeprev,0.2133,0,3,3,0,58.5657370518,sum_annual_numerators_divided_by_sum_annual_denominators,12.8657370518,12.8657370518,concordant_high,tertile,41.6381847783,46.0855528652,51.2837372821,26.1,28.9,35.6666666667
17031835000,copd,COPD,53,1662,7.3,copd_crudeprev,0.0596,0,3,3,0,3.1889290012,sum_annual_numerators_divided_by_sum_annual_denominators,-4.1110709988,4.1110709988,intermediate,tertile,4.28240740741,5.50351562789,6.59574468085,5.1,6.4,7.9
17031835000,hypertension,hypertension,803,1662,35,bphigh_crudeprev,0.0596,0,3,3,0,48.3152827918,sum_annual_numerators_divided_by_sum_annual_denominators,13.3152827918,13.3152827918,intermediate,tertile,41.6381847783,46.0855528652,51.2837372821,26.1,28.9,35.6666666667
17031835100,copd,COPD,44,1661,4.9,copd_crudeprev,0.0736,0,3,3,0,2.64900662252,sum_annual_numerators_divided_by_sum_annual_denominators,-2.25099337748,2.25099337748,concordant_low,tertile,4.28240740741,5.50351562789,6.59574468085,5.1,6.4,7.9
17031835100,hypertension,hypertension,740,1661,28.1,bphigh_crudeprev,0.0736,0,3,3,0,44.5514750151,sum_annual_numerators_divided_by_sum_annual_denominators,16.4514750151,16.4514750151,intermediate,tertile,41.6381847783,46.0855528652,51.2837372821,26.1,28.9,35.6666666667
17031835200,copd,COPD,44,721,4.9,copd_crudeprev,0.0539,0,3,3,0,6.10263522885,sum_annual_numerators_divided_by_sum_annual_denominators,1.20263522885,1.20263522885,intermediate,tertile,4.28240740741,5.50351562789,6.59574468085,5.1,6.4,7.9
17031835200,hypertension,hypertension,341,721,27.6,bphigh_crudeprev,0.0539,0,3,3,0,47.2954230236,sum_annual_numerators_divided_by_sum_annual_denominators,19.6954230236,19.6954230236,intermediate,tertile,41.6381847783,46.0855528652,51.2837372821,26.1,28.9,35.6666666667
17031835500,copd,COPD,91,794,15.5,copd_crudeprev,0.1391,0,3,3,0,11.4609571788,sum_annual_numerators_divided_by_sum_annual_denominators,-4.03904282116,4.03904282116,concordant_high,tertile,4.28240740741,5.50351562789,6.59574468085,5.1,6.4,7.9
17031835500,hypertension,hypertension,432,794,54.9,bphigh_crudeprev,0.1391,0,3,3,0,54.4080604534,sum_annual_numerators_divided_by_sum_annual_denominators,-0.491939546599,0.491939546599,concordant_high,tertile,41.6381847783,46.0855528652,51.2837372821,26.1,28.9,35.6666666667
17031835600,copd,COPD,52,425,18,copd_crudeprev,0.2427,0,3,3,0,12.2352941176,sum_annual_numerators_divided_by_sum_annual_denominators,-5.76470588235,5.76470588235,concordant_high,tertile,4.28240740741,5.50351562789,6.59574468085,5.1,6.4,7.9
17031835600,hypertension,hypertension,272,425,53.3,bphigh_crudeprev,0.2427,0,3,3,0,64,sum_annual_numerators_divided_by_sum_annual_denominators,10.7,10.7,concordant_high,tertile,41.6381847783,46.0855528652,51.2837372821,26.1,28.9,35.6666666667
17031835800,hypertension,hypertension,361,708,32.8,bphigh_crudeprev,0.0939,0,3,3,0,50.988700565,sum_annual_numerators_divided_by_sum_annual_denominators,18.188700565,18.188700565,intermediate,tertile,41.6381847783,46.0855528652,51.2837372821,26.1,28.9,35.6666666667
17031836000,copd,COPD,70,1177,5.8,copd_crudeprev,0.1322,0,3,3,0,5.94732370433,sum_annual_numerators_divided_by_sum_annual_denominators,0.147323704333,0.147323704333,intermediate,tertile,4.28240740741,5.50351562789,6.59574468085,5.1,6.4,7.9
17031836000,hypertension,hypertension,642,1177,37.8,bphigh_crudeprev,0.1322,0,3,3,0,54.5454545455,sum_annual_numerators_divided_by_sum_annual_denominators,16.7454545455,16.7454545455,concordant_high,tertile,41.6381847783,46.0855528652,51.2837372821,26.1,28.9,35.6666666667
17031836100,copd,COPD,84,1447,9,copd_crudeprev,0.2448,0,3,3,0,5.80511402903,sum_annual_numerators_divided_by_sum_annual_denominators,-3.19488597097,3.19488597097,intermediate,tertile,4.28240740741,5.50351562789,6.59574468085,5.1,6.4,7.9
17031836100,hypertension,hypertension,751,1447,42.1,bphigh_crudeprev,0.2448,0,3,3,0,51.9004837595,sum_annual_numerators_divided_by_sum_annual_denominators,9.8004837595,9.8004837595,concordant_high,tertile,41.6381847783,46.0855528652,51.2837372821,26.1,28.9,35.6666666667
17031836300,copd,COPD,40,673,4.8,copd_crudeprev,0.1052,0,3,3,0,5.94353640416,sum_annual_numerators_divided_by_sum_annual_denominators,1.14353640416,1.14353640416,intermediate,tertile,4.28240740741,5.50351562789,6.59574468085,5.1,6.4,7.9
17031836300,hypertension,hypertension,323,673,29.5,bphigh_crudeprev,0.1052,0,3,3,0,47.9940564636,sum_annual_numerators_divided_by_sum_annual_denominators,18.4940564636,18.4940564636,intermediate,tertile,41.6381847783,46.0855528652,51.2837372821,26.1,28.9,35.6666666667
17031836500,copd,COPD,33,681,8.9,copd_crudeprev,0.1275,0,3,3,0,4.84581497797,sum_annual_numerators_divided_by_sum_annual_denominators,-4.05418502203,4.05418502203,public_high_ehr_not_high,tertile,4.28240740741,5.50351562789,6.59574468085,5.1,6.4,7.9
17031836500,hypertension,hypertension,350,681,42,bphigh_crudeprev,0.1275,0,3,3,0,51.3950073421,sum_annual_numerators_divided_by_sum_annual_denominators,9.39500734214,9.39500734214,concordant_high,tertile,41.6381847783,46.0855528652,51.2837372821,26.1,28.9,35.6666666667
17031836600,copd,COPD,76,1381,3.7,copd_crudeprev,0.1064,0,3,3,0,5.50325850833,sum_annual_numerators_divided_by_sum_annual_denominators,1.80325850833,1.80325850833,intermediate,tertile,4.28240740741,5.50351562789,6.59574468085,5.1,6.4,7.9
17031836600,hypertension,hypertension,669,1381,25.1,bphigh_crudeprev,0.1064,0,3,3,0,48.4431571325,sum_annual_numerators_divided_by_sum_annual_denominators,23.3431571325,23.3431571325,intermediate,tertile,41.6381847783,46.0855528652,51.2837372821,26.1,28.9,35.6666666667
17031836700,copd,COPD,63,1014,8.3,copd_crudeprev,0.0946,0,3,3,0,6.21301775148,sum_annual_numerators_divided_by_sum_annual_denominators,-2.08698224852,2.08698224852,intermediate,tertile,4.28240740741,5.50351562789,6.59574468085,5.1,6.4,7.9
17031836700,hypertension,hypertension,521,1014,38,bphigh_crudeprev,0.0946,0,3,3,0,51.3806706114,sum_annual_numerators_divided_by_sum_annual_denominators,13.3806706114,13.3806706114,concordant_high,tertile,41.6381847783,46.0855528652,51.2837372821,26.1,28.9,35.6666666667
17031836800,copd,COPD,119,1274,14.6,copd_crudeprev,0.159,0,3,3,0,9.34065934066,sum_annual_numerators_divided_by_sum_annual_denominators,-5.25934065934,5.25934065934,concordant_high,tertile,4.28240740741,5.50351562789,6.59574468085,5.1,6.4,7.9
17031836800,hypertension,hypertension,710,1274,47.1,bphigh_crudeprev,0.159,0,3,3,0,55.7299843014,sum_annual_numerators_divided_by_sum_annual_denominators,8.62998430141,8.62998430141,concordant_high,tertile,41.6381847783,46.0855528652,51.2837372821,26.1,28.9,35.6666666667
17031836900,copd,COPD,39,639,10.4,copd_crudeprev,0.0821,0,3,3,0,6.10328638498,sum_annual_numerators_divided_by_sum_annual_denominators,-4.29671361502,4.29671361502,intermediate,tertile,4.28240740741,5.50351562789,6.59574468085,5.1,6.4,7.9
17031836900,hypertension,hypertension,328,639,42.5,bphigh_crudeprev,0.0821,0,3,3,0,51.3302034429,sum_annual_numerators_divided_by_sum_annual_denominators,8.83020344288,8.83020344288,concordant_high,tertile,41.6381847783,46.0855528652,51.2837372821,26.1,28.9,35.6666666667
17031837000,copd,COPD,76,1133,6.7,copd_crudeprev,0.1439,0,3,3,0,6.70785525154,sum_annual_numerators_divided_by_sum_annual_denominators,0.00785525154457,0.00785525154457,intermediate,tertile,4.28240740741,5.50351562789,6.59574468085,5.1,6.4,7.9
17031837000,hypertension,hypertension,604,1133,38.8,bphigh_crudeprev,0.1439,0,3,3,0,53.3097969991,sum_annual_numerators_divided_by_sum_annual_denominators,14.5097969991,14.5097969991,concordant_high,tertile,41.6381847783,46.0855528652,51.2837372821,26.1,28.9,35.6666666667
17031837100,copd,COPD,114,1322,7.2,copd_crudeprev,0.2002,0,3,3,0,8.62329803328,sum_annual_numerators_divided_by_sum_annual_denominators,1.42329803328,1.42329803328,intermediate,tertile,4.28240740741,5.50351562789,6.59574468085,5.1,6.4,7.9
17031837100,hypertension,hypertension,717,1322,39.5,bphigh_crudeprev,0.2002,0,3,3,0,54.2360060514,sum_annual_numerators_divided_by_sum_annual_denominators,14.7360060514,14.7360060514,concordant_high,tertile,41.6381847783,46.0855528652,51.2837372821,26.1,28.9,35.6666666667
17031837300,copd,COPD,93,1397,10.5,copd_crudeprev,0.176,0,3,3,0,6.65712240515,sum_annual_numerators_divided_by_sum_annual_denominators,-3.84287759485,3.84287759485,concordant_high,tertile,4.28240740741,5.50351562789,6.59574468085,5.1,6.4,7.9
17031837300,hypertension,hypertension,833,1397,43.9,bphigh_crudeprev,0.176,0,3,3,0,59.627773801,sum_annual_numerators_divided_by_sum_annual_denominators,15.727773801,15.727773801,concordant_high,tertile,41.6381847783,46.0855528652,51.2837372821,26.1,28.9,35.6666666667
17031837400,copd,COPD,110,1382,7.2,copd_crudeprev,0.1762,0,3,3,0,7.95947901592,sum_annual_numerators_divided_by_sum_annual_denominators,0.759479015919,0.759479015919,intermediate,tertile,4.28240740741,5.50351562789,6.59574468085,5.1,6.4,7.9
17031837400,hypertension,hypertension,725,1382,38.6,bphigh_crudeprev,0.1762,0,3,3,0,52.4602026049,sum_annual_numerators_divided_by_sum_annual_denominators,13.8602026049,13.8602026049,concordant_high,tertile,41.6381847783,46.0855528652,51.2837372821,26.1,28.9,35.6666666667
17031837800,copd,COPD,138,1884,5.2,copd_crudeprev,0.196,0,3,3,0,7.32484076433,sum_annual_numerators_divided_by_sum_annual_denominators,2.12484076433,2.12484076433,ehr_high_public_not_high,tertile,4.28240740741,5.50351562789,6.59574468085,5.1,6.4,7.9
17031837800,hypertension,hypertension,996,1884,32.3,bphigh_crudeprev,0.196,0,3,3,0,52.8662420382,sum_annual_numerators_divided_by_sum_annual_denominators,20.5662420382,20.5662420382,intermediate,tertile,41.6381847783,46.0855528652,51.2837372821,26.1,28.9,35.6666666667
17031838000,copd,COPD,187,1834,7.6,copd_crudeprev,0.1777,0,3,3,0,10.1962922574,sum_annual_numerators_divided_by_sum_annual_denominators,2.59629225736,2.59629225736,intermediate,tertile,4.28240740741,5.50351562789,6.59574468085,5.1,6.4,7.9
17031838000,hypertension,hypertension,1089,1834,37.7,bphigh_crudeprev,0.1777,0,3,3,0,59.3784078517,sum_annual_numerators_divided_by_sum_annual_denominators,21.6784078517,21.6784078517,concordant_high,tertile,41.6381847783,46.0855528652,51.2837372821,26.1,28.9,35.6666666667
17031838100,copd,COPD,356,2170,8.2,copd_crudeprev,0.3115,0,3,3,0,16.4055299539,sum_annual_numerators_divided_by_sum_annual_denominators,8.20552995392,8.20552995392,concordant_high,tertile,4.28240740741,5.50351562789,6.59574468085,5.1,6.4,7.9
17031838100,hypertension,hypertension,1376,2170,41.2,bphigh_crudeprev,0.3115,0,3,3,0,63.4101382488,sum_annual_numerators_divided_by_sum_annual_denominators,22.2101382488,22.2101382488,concordant_high,tertile,41.6381847783,46.0855528652,51.2837372821,26.1,28.9,35.6666666667
17031838200,copd,COPD,90,1614,2.3,copd_crudeprev,0.1977,0,3,3,0,5.57620817844,sum_annual_numerators_divided_by_sum_annual_denominators,3.27620817844,3.27620817844,intermediate,tertile,4.28240740741,5.50351562789,6.59574468085,5.1,6.4,7.9
17031838200,hypertension,hypertension,761,1614,16.4,bphigh_crudeprev,0.1977,0,3,3,0,47.1499380421,sum_annual_numerators_divided_by_sum_annual_denominators,30.7499380421,30.7499380421,intermediate,tertile,41.6381847783,46.0855528652,51.2837372821,26.1,28.9,35.6666666667
17031838300,copd,COPD,90,1679,2.8,copd_crudeprev,0.1194,0,3,3,0,5.36033353186,sum_annual_numerators_divided_by_sum_annual_denominators,2.56033353186,2.56033353186,intermediate,tertile,4.28240740741,5.50351562789,6.59574468085,5.1,6.4,7.9
17031838300,hypertension,hypertension,667,1679,20.3,bphigh_crudeprev,0.1194,0,3,3,0,39.7260273973,sum_annual_numerators_divided_by_sum_annual_denominators,19.4260273973,19.4260273973,concordant_low,tertile,41.6381847783,46.0855528652,51.2837372821,26.1,28.9,35.6666666667
17031838600,copd,COPD,88,745,9.7,copd_crudeprev,0.1204,0,3,3,0,11.8120805369,sum_annual_numerators_divided_by_sum_annual_denominators,2.11208053691,2.11208053691,concordant_high,tertile,4.28240740741,5.50351562789,6.59574468085,5.1,6.4,7.9
17031838600,hypertension,hypertension,413,745,41.7,bphigh_crudeprev,0.1204,0,3,3,0,55.4362416107,sum_annual_numerators_divided_by_sum_annual_denominators,13.7362416107,13.7362416107,concordant_high,tertile,41.6381847783,46.0855528652,51.2837372821,26.1,28.9,35.6666666667
17031838700,copd,COPD,167,1679,13.6,copd_crudeprev,0.1193,0,3,3,0,9.94639666468,sum_annual_numerators_divided_by_sum_annual_denominators,-3.65360333532,3.65360333532,concordant_high,tertile,4.28240740741,5.50351562789,6.59574468085,5.1,6.4,7.9
17031838700,hypertension,hypertension,942,1679,47,bphigh_crudeprev,0.1193,0,3,3,0,56.1048243002,sum_annual_numerators_divided_by_sum_annual_denominators,9.10482430018,9.10482430018,concordant_high,tertile,41.6381847783,46.0855528652,51.2837372821,26.1,28.9,35.6666666667
17031838800,hypertension,hypertension,352,653,42.2,bphigh_crudeprev,0.0504,0,3,3,0,53.9050535988,sum_annual_numerators_divided_by_sum_annual_denominators,11.7050535988,11.7050535988,concordant_high,tertile,41.6381847783,46.0855528652,51.2837372821,26.1,28.9,35.6666666667
17031839000,copd,COPD,154,5519,2.7,copd_crudeprev,0.1096,0,3,3,0,2.79036057257,sum_annual_numerators_divided_by_sum_annual_denominators,0.0903605725675,0.0903605725675,concordant_low,tertile,4.28240740741,5.50351562789,6.59574468085,5.1,6.4,7.9
17031839000,hypertension,hypertension,2188,5519,18.6,bphigh_crudeprev,0.1096,0,3,3,0,39.6448631999,sum_annual_numerators_divided_by_sum_annual_denominators,21.0448631999,21.0448631999,concordant_low,tertile,41.6381847783,46.0855528652,51.2837372821,26.1,28.9,35.6666666667
17031839100,copd,COPD,112,3178,2,copd_crudeprev,0.0877,0,3,3,0,3.52422907489,sum_annual_numerators_divided_by_sum_annual_denominators,1.52422907489,1.52422907489,concordant_low,tertile,4.28240740741,5.50351562789,6.59574468085,5.1,6.4,7.9
17031839100,hypertension,hypertension,1103,3178,15.3,bphigh_crudeprev,0.0877,0,3,3,0,34.7073631215,sum_annual_numerators_divided_by_sum_annual_denominators,19.4073631215,19.4073631215,concordant_low,tertile,41.6381847783,46.0855528652,51.2837372821,26.1,28.9,35.6666666667
17031839200,copd,COPD,151,1799,7.4,copd_crudeprev,0.2184,0,3,3,0,8.39355197332,sum_annual_numerators_divided_by_sum_annual_denominators,0.993551973319,0.993551973319,intermediate,tertile,4.28240740741,5.50351562789,6.59574468085,5.1,6.4,7.9
17031839200,hypertension,hypertension,1170,1799,42.2,bphigh_crudeprev,0.2184,0,3,3,0,65.036131184,sum_annual_numerators_divided_by_sum_annual_denominators,22.836131184,22.836131184,concordant_high,tertile,41.6381847783,46.0855528652,51.2837372821,26.1,28.9,35.6666666667
17031839500,copd,COPD,74,755,6.2,copd_crudeprev,0.106,0,3,3,0,9.80132450331,sum_annual_numerators_divided_by_sum_annual_denominators,3.60132450331,3.60132450331,ehr_high_public_not_high,tertile,4.28240740741,5.50351562789,6.59574468085,5.1,6.4,7.9
17031839500,hypertension,hypertension,462,755,41.3,bphigh_crudeprev,0.106,0,3,3,0,61.1920529801,sum_annual_numerators_divided_by_sum_annual_denominators,19.8920529801,19.8920529801,concordant_high,tertile,41.6381847783,46.0855528652,51.2837372821,26.1,28.9,35.6666666667
17031839600,copd,COPD,54,656,8.6,copd_crudeprev,0.09,0,3,3,0,8.23170731707,sum_annual_numerators_divided_by_sum_annual_denominators,-0.368292682927,0.368292682927,concordant_high,tertile,4.28240740741,5.50351562789,6.59574468085,5.1,6.4,7.9
17031839600,hypertension,hypertension,395,656,46.2,bphigh_crudeprev,0.09,0,3,3,0,60.2134146341,sum_annual_numerators_divided_by_sum_annual_denominators,14.0134146341,14.0134146341,concordant_high,tertile,41.6381847783,46.0855528652,51.2837372821,26.1,28.9,35.6666666667
17031839700,copd,COPD,103,2050,3.5,copd_crudeprev,0.0814,0,3,3,0,5.0243902439,sum_annual_numerators_divided_by_sum_annual_denominators,1.5243902439,1.5243902439,intermediate,tertile,4.28240740741,5.50351562789,6.59574468085,5.1,6.4,7.9
17031839700,hypertension,hypertension,977,2050,22.6,bphigh_crudeprev,0.0814,0,3,3,0,47.6585365854,sum_annual_numerators_divided_by_sum_annual_denominators,25.0585365854,25.0585365854,intermediate,tertile,41.6381847783,46.0855528652,51.2837372821,26.1,28.9,35.6666666667
17031839800,copd,COPD,53,1241,4.7,copd_crudeprev,0.0996,0,3,3,0,4.27074939565,sum_annual_numerators_divided_by_sum_annual_denominators,-0.429250604351,0.429250604351,concordant_low,tertile,4.28240740741,5.50351562789,6.59574468085,5.1,6.4,7.9
17031839800,hypertension,hypertension,616,1241,25.3,bphigh_crudeprev,0.0996,0,3,3,0,49.6373892023,sum_annual_numerators_divided_by_sum_annual_denominators,24.3373892023,24.3373892023,intermediate,tertile,41.6381847783,46.0855528652,51.2837372821,26.1,28.9,35.6666666667
17031839900,copd,COPD,124,2253,4.6,copd_crudeprev,0.0899,0,3,3,0,5.50377274745,sum_annual_numerators_divided_by_sum_annual_denominators,0.903772747448,0.903772747448,intermediate,tertile,4.28240740741,5.50351562789,6.59574468085,5.1,6.4,7.9
17031839900,hypertension,hypertension,1082,2253,25.4,bphigh_crudeprev,0.0899,0,3,3,0,48.0248557479,sum_annual_numerators_divided_by_sum_annual_denominators,22.6248557479,22.6248557479,intermediate,tertile,41.6381847783,46.0855528652,51.2837372821,26.1,28.9,35.6666666667
17031840000,copd,COPD,91,1648,5.4,copd_crudeprev,0.1428,0,3,3,0,5.52184466019,sum_annual_numerators_divided_by_sum_annual_denominators,0.121844660194,0.121844660194,intermediate,tertile,4.28240740741,5.50351562789,6.59574468085,5.1,6.4,7.9
17031840000,hypertension,hypertension,787,1648,28.1,bphigh_crudeprev,0.1428,0,3,3,0,47.7548543689,sum_annual_numerators_divided_by_sum_annual_denominators,19.6548543689,19.6548543689,intermediate,tertile,41.6381847783,46.0855528652,51.2837372821,26.1,28.9,35.6666666667
17031840100,copd,COPD,55,989,5.5,copd_crudeprev,0.0864,0,3,3,0,5.56117290192,sum_annual_numerators_divided_by_sum_annual_denominators,0.0611729019211,0.0611729019211,intermediate,tertile,4.28240740741,5.50351562789,6.59574468085,5.1,6.4,7.9
17031840100,hypertension,hypertension,494,989,28.6,bphigh_crudeprev,0.0864,0,3,3,0,49.9494438827,sum_annual_numerators_divided_by_sum_annual_denominators,21.3494438827,21.3494438827,intermediate,tertile,41.6381847783,46.0855528652,51.2837372821,26.1,28.9,35.6666666667
17031840200,copd,COPD,57,894,7.8,copd_crudeprev,0.0986,0,3,3,0,6.37583892617,sum_annual_numerators_divided_by_sum_annual_denominators,-1.42416107383,1.42416107383,intermediate,tertile,4.28240740741,5.50351562789,6.59574468085,5.1,6.4,7.9
17031840200,hypertension,hypertension,432,894,32.9,bphigh_crudeprev,0.0986,0,3,3,0,48.322147651,sum_annual_numerators_divided_by_sum_annual_denominators,15.422147651,15.422147651,intermediate,tertile,41.6381847783,46.0855528652,51.2837372821,26.1,28.9,35.6666666667
17031840300,copd,COPD,71,1498,5.5,copd_crudeprev,0.0815,0,3,3,0,4.73965287049,sum_annual_numerators_divided_by_sum_annual_denominators,-0.760347129506,0.760347129506,intermediate,tertile,4.28240740741,5.50351562789,6.59574468085,5.1,6.4,7.9
17031840300,hypertension,hypertension,703,1498,28.7,bphigh_crudeprev,0.0815,0,3,3,0,46.9292389853,sum_annual_numerators_divided_by_sum_annual_denominators,18.2292389853,18.2292389853,intermediate,tertile,41.6381847783,46.0855528652,51.2837372821,26.1,28.9,35.6666666667
17031840400,copd,COPD,72,1290,5.1,copd_crudeprev,0.0811,0,3,3,0,5.58139534884,sum_annual_numerators_divided_by_sum_annual_denominators,0.481395348837,0.481395348837,intermediate,tertile,4.28240740741,5.50351562789,6.59574468085,5.1,6.4,7.9
17031840400,hypertension,hypertension,597,1290,28.8,bphigh_crudeprev,0.0811,0,3,3,0,46.2790697674,sum_annual_numerators_divided_by_sum_annual_denominators,17.4790697674,17.4790697674,intermediate,tertile,41.6381847783,46.0855528652,51.2837372821,26.1,28.9,35.6666666667
17031840700,hypertension,hypertension,480,1086,21.3,bphigh_crudeprev,0.0496,0,3,3,0,44.1988950276,sum_annual_numerators_divided_by_sum_annual_denominators,22.8988950276,22.8988950276,intermediate,tertile,41.6381847783,46.0855528652,51.2837372821,26.1,28.9,35.6666666667
17031840800,hypertension,hypertension,390,839,29,bphigh_crudeprev,0.0447,0,3,3,0,46.483909416,sum_annual_numerators_divided_by_sum_annual_denominators,17.483909416,17.483909416,intermediate,tertile,41.6381847783,46.0855528652,51.2837372821,26.1,28.9,35.6666666667
17031841000,hypertension,hypertension,273,582,32.1,bphigh_crudeprev,0.1148,0,3,3,0,46.9072164948,sum_annual_numerators_divided_by_sum_annual_denominators,14.8072164948,14.8072164948,intermediate,tertile,41.6381847783,46.0855528652,51.2837372821,26.1,28.9,35.6666666667
17031841100,copd,COPD,125,2317,7.5,copd_crudeprev,0.0937,0,3,3,0,5.3949072076,sum_annual_numerators_divided_by_sum_annual_denominators,-2.1050927924,2.1050927924,intermediate,tertile,4.28240740741,5.50351562789,6.59574468085,5.1,6.4,7.9
17031841100,hypertension,hypertension,1270,2317,35.2,bphigh_crudeprev,0.0937,0,3,3,0,54.8122572292,sum_annual_numerators_divided_by_sum_annual_denominators,19.6122572292,19.6122572292,intermediate,tertile,41.6381847783,46.0855528652,51.2837372821,26.1,28.9,35.6666666667
17031841200,copd,COPD,79,1993,4.4,copd_crudeprev,0.0769,0,3,3,0,3.96387355745,sum_annual_numerators_divided_by_sum_annual_denominators,-0.436126442549,0.436126442549,concordant_low,tertile,4.28240740741,5.50351562789,6.59574468085,5.1,6.4,7.9
17031841200,hypertension,hypertension,849,1993,23.8,bphigh_crudeprev,0.0769,0,3,3,0,42.5990968389,sum_annual_numerators_divided_by_sum_annual_denominators,18.7990968389,18.7990968389,intermediate,tertile,41.6381847783,46.0855528652,51.2837372821,26.1,28.9,35.6666666667
17031841300,copd,COPD,78,2019,3.9,copd_crudeprev,0.0877,0,3,3,0,3.8632986627,sum_annual_numerators_divided_by_sum_annual_denominators,-0.0367013372957,0.0367013372957,concordant_low,tertile,4.28240740741,5.50351562789,6.59574468085,5.1,6.4,7.9
17031841300,hypertension,hypertension,946,2019,24.5,bphigh_crudeprev,0.0877,0,3,3,0,46.8548786528,sum_annual_numerators_divided_by_sum_annual_denominators,22.3548786528,22.3548786528,intermediate,tertile,41.6381847783,46.0855528652,51.2837372821,26.1,28.9,35.6666666667
17031841500,copd,COPD,73,1057,9.9,copd_crudeprev,0.1469,0,3,3,0,6.90633869442,sum_annual_numerators_divided_by_sum_annual_denominators,-2.99366130558,2.99366130558,concordant_high,tertile,4.28240740741,5.50351562789,6.59574468085,5.1,6.4,7.9
17031841500,hypertension,hypertension,517,1057,41.1,bphigh_crudeprev,0.1469,0,3,3,0,48.9120151372,sum_annual_numerators_divided_by_sum_annual_denominators,7.81201513718,7.81201513718,intermediate,tertile,41.6381847783,46.0855528652,51.2837372821,26.1,28.9,35.6666666667
17031841700,copd,COPD,56,578,7.9,copd_crudeprev,0.0899,0,3,3,0,9.68858131488,sum_annual_numerators_divided_by_sum_annual_denominators,1.78858131488,1.78858131488,concordant_high,tertile,4.28240740741,5.50351562789,6.59574468085,5.1,6.4,7.9
17031841700,hypertension,hypertension,356,578,39.3,bphigh_crudeprev,0.0899,0,3,3,0,61.5916955017,sum_annual_numerators_divided_by_sum_annual_denominators,22.2916955017,22.2916955017,concordant_high,tertile,41.6381847783,46.0855528652,51.2837372821,26.1,28.9,35.6666666667
17031841800,copd,COPD,76,944,9,copd_crudeprev,0.1175,0,3,3,0,8.05084745763,sum_annual_numerators_divided_by_sum_annual_denominators,-0.949152542373,0.949152542373,concordant_high,tertile,4.28240740741,5.50351562789,6.59574468085,5.1,6.4,7.9
17031841800,hypertension,hypertension,493,944,44.5,bphigh_crudeprev,0.1175,0,3,3,0,52.2245762712,sum_annual_numerators_divided_by_sum_annual_denominators,7.72457627119,7.72457627119,concordant_high,tertile,41.6381847783,46.0855528652,51.2837372821,26.1,28.9,35.6666666667
17031841900,copd,COPD,141,3044,2.3,copd_crudeprev,0.1063,0,3,3,0,4.6320630749,sum_annual_numerators_divided_by_sum_annual_denominators,2.3320630749,2.3320630749,intermediate,tertile,4.28240740741,5.50351562789,6.59574468085,5.1,6.4,7.9
17031841900,hypertension,hypertension,1263,3044,14.6,bphigh_crudeprev,0.1063,0,3,3,0,41.4914586071,sum_annual_numerators_divided_by_sum_annual_denominators,26.8914586071,26.8914586071,concordant_low,tertile,41.6381847783,46.0855528652,51.2837372821,26.1,28.9,35.6666666667
17031842000,copd,COPD,39,594,4.5,copd_crudeprev,0.0535,0,3,3,0,6.56565656566,sum_annual_numerators_divided_by_sum_annual_denominators,2.06565656566,2.06565656566,intermediate,tertile,4.28240740741,5.50351562789,6.59574468085,5.1,6.4,7.9
17031842000,hypertension,hypertension,306,594,27.8,bphigh_crudeprev,0.0535,0,3,3,0,51.5151515152,sum_annual_numerators_divided_by_sum_annual_denominators,23.7151515152,23.7151515152,ehr_high_public_not_high,tertile,41.6381847783,46.0855528652,51.2837372821,26.1,28.9,35.6666666667
17031842100,copd,COPD,176,2582,7.3,copd_crudeprev,0.0806,0,3,3,0,6.81642137878,sum_annual_numerators_divided_by_sum_annual_denominators,-0.483578621224,0.483578621224,intermediate,tertile,4.28240740741,5.50351562789,6.59574468085,5.1,6.4,7.9
17031842100,hypertension,hypertension,1354,2582,35.6,bphigh_crudeprev,0.0806,0,3,3,0,52.4399690163,sum_annual_numerators_divided_by_sum_annual_denominators,16.8399690163,16.8399690163,intermediate,tertile,41.6381847783,46.0855528652,51.2837372821,26.1,28.9,35.6666666667
17031842200,copd,COPD,115,2277,2.7,copd_crudeprev,0.1252,0,3,3,0,5.05050505051,sum_annual_numerators_divided_by_sum_annual_denominators,2.35050505051,2.35050505051,intermediate,tertile,4.28240740741,5.50351562789,6.59574468085,5.1,6.4,7.9
17031842200,hypertension,hypertension,943,2277,20.8,bphigh_crudeprev,0.1252,0,3,3,0,41.4141414141,sum_annual_numerators_divided_by_sum_annual_denominators,20.6141414141,20.6141414141,concordant_low,tertile,41.6381847783,46.0855528652,51.2837372821,26.1,28.9,35.6666666667
17031842300,copd,COPD,81,2158,2.7,copd_crudeprev,0.1264,0,3,3,0,3.75347544022,sum_annual_numerators_divided_by_sum_annual_denominators,1.05347544022,1.05347544022,concordant_low,tertile,4.28240740741,5.50351562789,6.59574468085,5.1,6.4,7.9
17031842300,hypertension,hypertension,851,2158,20.1,bphigh_crudeprev,0.1264,0,3,3,0,39.4346617238,sum_annual_numerators_divided_by_sum_annual_denominators,19.3346617238,19.3346617238,concordant_low,tertile,41.6381847783,46.0855528652,51.2837372821,26.1,28.9,35.6666666667
17031842400,copd,COPD,74,1176,4.6,copd_crudeprev,0.1139,0,3,3,0,6.2925170068,sum_annual_numerators_divided_by_sum_annual_denominators,1.6925170068,1.6925170068,intermediate,tertile,4.28240740741,5.50351562789,6.59574468085,5.1,6.4,7.9
17031842400,hypertension,hypertension,747,1176,39.5,bphigh_crudeprev,0.1139,0,3,3,0,63.5204081633,sum_annual_numerators_divided_by_sum_annual_denominators,24.0204081633,24.0204081633,concordant_high,tertile,41.6381847783,46.0855528652,51.2837372821,26.1,28.9,35.6666666667
17031842500,copd,COPD,45,711,7.4,copd_crudeprev,0.0753,0,3,3,0,6.32911392405,sum_annual_numerators_divided_by_sum_annual_denominators,-1.07088607595,1.07088607595,intermediate,tertile,4.28240740741,5.50351562789,6.59574468085,5.1,6.4,7.9
17031842500,hypertension,hypertension,332,711,34.4,bphigh_crudeprev,0.0753,0,3,3,0,46.6947960619,sum_annual_numerators_divided_by_sum_annual_denominators,12.2947960619,12.2947960619,intermediate,tertile,41.6381847783,46.0855528652,51.2837372821,26.1,28.9,35.6666666667
17031842600,copd,COPD,178,2194,5.7,copd_crudeprev,0.0918,0,3,3,0,8.1130355515,sum_annual_numerators_divided_by_sum_annual_denominators,2.4130355515,2.4130355515,ehr_high_public_not_high,tertile,4.28240740741,5.50351562789,6.59574468085,5.1,6.4,7.9
17031842600,hypertension,hypertension,1077,2194,28.1,bphigh_crudeprev,0.0918,0,3,3,0,49.0884229717,sum_annual_numerators_divided_by_sum_annual_denominators,20.9884229717,20.9884229717,intermediate,tertile,41.6381847783,46.0855528652,51.2837372821,26.1,28.9,35.6666666667
17031842800,copd,COPD,43,2006,4.9,copd_crudeprev,0.0515,0,3,3,0,2.14356929212,sum_annual_numerators_divided_by_sum_annual_denominators,-2.75643070788,2.75643070788,concordant_low,tertile,4.28240740741,5.50351562789,6.59574468085,5.1,6.4,7.9
17031842800,hypertension,hypertension,849,2006,26.1,bphigh_crudeprev,0.0515,0,3,3,0,42.3230309073,sum_annual_numerators_divided_by_sum_annual_denominators,16.2230309073,16.2230309073,intermediate,tertile,41.6381847783,46.0855528652,51.2837372821,26.1,28.9,35.6666666667
17031842900,copd,COPD,145,1693,11,copd_crudeprev,0.1726,0,3,3,0,8.56467808624,sum_annual_numerators_divided_by_sum_annual_denominators,-2.43532191376,2.43532191376,concordant_high,tertile,4.28240740741,5.50351562789,6.59574468085,5.1,6.4,7.9
17031842900,hypertension,hypertension,965,1693,43.4,bphigh_crudeprev,0.1726,0,3,3,0,56.9994093325,sum_annual_numerators_divided_by_sum_annual_denominators,13.5994093325,13.5994093325,concordant_high,tertile,41.6381847783,46.0855528652,51.2837372821,26.1,28.9,35.6666666667
17031843000,copd,COPD,118,1246,10.4,copd_crudeprev,0.1436,0,3,3,0,9.47030497592,sum_annual_numerators_divided_by_sum_annual_denominators,-0.929695024077,0.929695024077,concordant_high,tertile,4.28240740741,5.50351562789,6.59574468085,5.1,6.4,7.9
17031843000,hypertension,hypertension,731,1246,44.6,bphigh_crudeprev,0.1436,0,3,3,0,58.6677367576,sum_annual_numerators_divided_by_sum_annual_denominators,14.0677367576,14.0677367576,concordant_high,tertile,41.6381847783,46.0855528652,51.2837372821,26.1,28.9,35.6666666667
17031843100,hypertension,hypertension,415,764,38.9,bphigh_crudeprev,0.1385,0,3,3,0,54.3193717277,sum_annual_numerators_divided_by_sum_annual_denominators,15.4193717277,15.4193717277,concordant_high,tertile,41.6381847783,46.0855528652,51.2837372821,26.1,28.9,35.6666666667
17031843200,copd,COPD,65,1401,4.1,copd_crudeprev,0.1115,0,3,3,0,4.63954318344,sum_annual_numerators_divided_by_sum_annual_denominators,0.53954318344,0.53954318344,intermediate,tertile,4.28240740741,5.50351562789,6.59574468085,5.1,6.4,7.9
17031843200,hypertension,hypertension,619,1401,25.4,bphigh_crudeprev,0.1115,0,3,3,0,44.1827266238,sum_annual_numerators_divided_by_sum_annual_denominators,18.7827266238,18.7827266238,intermediate,tertile,41.6381847783,46.0855528652,51.2837372821,26.1,28.9,35.6666666667
17031843300,copd,COPD,48,820,7.7,copd_crudeprev,0.1137,0,3,3,0,5.85365853659,sum_annual_numerators_divided_by_sum_annual_denominators,-1.84634146341,1.84634146341,intermediate,tertile,4.28240740741,5.50351562789,6.59574468085,5.1,6.4,7.9
17031843300,hypertension,hypertension,393,820,38.2,bphigh_crudeprev,0.1137,0,3,3,0,47.9268292683,sum_annual_numerators_divided_by_sum_annual_denominators,9.72682926829,9.72682926829,intermediate,tertile,41.6381847783,46.0855528652,51.2837372821,26.1,28.9,35.6666666667
17031843400,hypertension,hypertension,307,520,38,bphigh_crudeprev,0.0996,0,3,3,0,59.0384615385,sum_annual_numerators_divided_by_sum_annual_denominators,21.0384615385,21.0384615385,concordant_high,tertile,41.6381847783,46.0855528652,51.2837372821,26.1,28.9,35.6666666667
17031843500,copd,COPD,86,1217,5,copd_crudeprev,0.0357,0,3,3,0,7.06655710764,sum_annual_numerators_divided_by_sum_annual_denominators,2.06655710764,2.06655710764,ehr_high_public_not_high,tertile,4.28240740741,5.50351562789,6.59574468085,5.1,6.4,7.9
17031843500,hypertension,hypertension,566,1217,29.2,bphigh_crudeprev,0.0357,0,3,3,0,46.5078060805,sum_annual_numerators_divided_by_sum_annual_denominators,17.3078060805,17.3078060805,intermediate,tertile,41.6381847783,46.0855528652,51.2837372821,26.1,28.9,35.6666666667
17031843600,copd,COPD,112,1805,5.5,copd_crudeprev,0.1792,0,3,3,0,6.20498614958,sum_annual_numerators_divided_by_sum_annual_denominators,0.704986149584,0.704986149584,intermediate,tertile,4.28240740741,5.50351562789,6.59574468085,5.1,6.4,7.9
17031843600,hypertension,hypertension,985,1805,37.4,bphigh_crudeprev,0.1792,0,3,3,0,54.5706371191,sum_annual_numerators_divided_by_sum_annual_denominators,17.1706371191,17.1706371191,concordant_high,tertile,41.6381847783,46.0855528652,51.2837372821,26.1,28.9,35.6666666667
17031843700,hypertension,hypertension,306,954,20.9,bphigh_crudeprev,0.0753,0,3,3,0,32.0754716981,sum_annual_numerators_divided_by_sum_annual_denominators,11.1754716981,11.1754716981,concordant_low,tertile,41.6381847783,46.0855528652,51.2837372821,26.1,28.9,35.6666666667
17031843800,copd,COPD,66,895,7.5,copd_crudeprev,0.0908,0,3,3,0,7.37430167598,sum_annual_numerators_divided_by_sum_annual_denominators,-0.125698324022,0.125698324022,intermediate,tertile,4.28240740741,5.50351562789,6.59574468085,5.1,6.4,7.9
17031843800,hypertension,hypertension,475,895,34.9,bphigh_crudeprev,0.0908,0,3,3,0,53.0726256983,sum_annual_numerators_divided_by_sum_annual_denominators,18.1726256983,18.1726256983,intermediate,tertile,41.6381847783,46.0855528652,51.2837372821,26.1,28.9,35.6666666667
17031843900,copd,COPD,91,1471,8.9,copd_crudeprev,0.1119,0,3,3,0,6.186267845,sum_annual_numerators_divided_by_sum_annual_denominators,-2.713732155,2.713732155,intermediate,tertile,4.28240740741,5.50351562789,6.59574468085,5.1,6.4,7.9
17031843900,hypertension,hypertension,793,1471,44.9,bphigh_crudeprev,0.1119,0,3,3,0,53.9089055065,sum_annual_numerators_divided_by_sum_annual_denominators,9.00890550646,9.00890550646,concordant_high,tertile,41.6381847783,46.0855528652,51.2837372821,26.1,28.9,35.6666666667
17031844600,hypertension,hypertension,242,518,40.9,bphigh_crudeprev,0.061,0,3,3,0,46.7181467181,sum_annual_numerators_divided_by_sum_annual_denominators,5.81814671815,5.81814671815,intermediate,tertile,41.6381847783,46.0855528652,51.2837372821,26.1,28.9,35.6666666667
17031844700,hypertension,hypertension,294,622,35.8,bphigh_crudeprev,0.0787,0,3,3,0,47.2668810289,sum_annual_numerators_divided_by_sum_annual_denominators,11.4668810289,11.4668810289,intermediate,tertile,41.6381847783,46.0855528652,51.2837372821,26.1,28.9,35.6666666667
