condition_id,time_period,eligible_tract_count,top_quartile_jaccard,results_authorized,result_type,comparison_geography_type,sensitivity_status,geography_id,eligible_year_count,persistent_transition_state,meets_two_of_three_rule
copd,2022,411,0.456043956044,False,annual_jaccard,chicago_community_area,all_eligible,,,,
copd,2023,411,0.411428571429,False,annual_jaccard,chicago_community_area,all_eligible,,,,
copd,2024,411,0.447852760736,False,annual_jaccard,chicago_community_area,all_eligible,,,,
hypertension,2022,722,0.604545454545,False,annual_jaccard,chicago_community_area,all_eligible,,,,
hypertension,2023,722,0.619266055046,False,annual_jaccard,chicago_community_area,all_eligible,,,,
hypertension,2024,722,0.643192488263,False,annual_jaccard,chicago_community_area,all_eligible,,,,
copd,,,,False,tract_persistence,chicago_community_area,all_eligible,17031010100,3,remains_below_highest_quartile,True
copd,,,,False,tract_persistence,chicago_community_area,all_eligible,17031010201,3,remains_below_highest_quartile,True
copd,,,,False,tract_persistence,chicago_community_area,all_eligible,17031010300,3,remains_below_highest_quartile,True
copd,,,,False,tract_persistence,chicago_community_area,all_eligible,17031010501,3,remains_below_highest_quartile,True
copd,,,,False,tract_persistence,chicago_community_area,all_eligible,17031010600,3,remains_below_highest_quartile,True
copd,,,,False,tract_persistence,chicago_community_area,all_eligible,17031020100,3,remains_below_highest_quartile,True
copd,,,,False,tract_persistence,chicago_community_area,all_eligible,17031020302,3,remains_below_highest_quartile,True
copd,,,,False,tract_persistence,chicago_community_area,all_eligible,17031020500,3,remains_below_highest_quartile,True
copd,,,,False,tract_persistence,chicago_community_area,all_eligible,17031020802,3,remains_below_highest_quartile,True
copd,,,,False,tract_persistence,chicago_community_area,all_eligible,17031020901,3,remains_below_highest_quartile,True
copd,,,,False,tract_persistence,chicago_community_area,all_eligible,17031020902,3,remains_below_highest_quartile,True
copd,,,,False,tract_persistence,chicago_community_area,all_eligible,17031030101,3,remains_below_highest_quartile,True
copd,,,,False,tract_persistence,chicago_community_area,all_eligible,17031030102,3,remains_below_highest_quartile,True
copd,,,,False,tract_persistence,chicago_community_area,all_eligible,17031030200,3,remains_below_highest_quartile,True
copd,,,,False,tract_persistence,chicago_community_area,all_eligible,17031030500,3,remains_below_highest_quartile,True
copd,,,,False,tract_persistence,chicago_community_area,all_eligible,17031030601,3,remains_below_highest_quartile,True
copd,,,,False,tract_persistence,chicago_community_area,all_eligible,17031030604,3,remains_below_highest_quartile,True
copd,,,,False,tract_persistence,chicago_community_area,all_eligible,17031030701,3,remains_below_highest_quartile,True
copd,,,,False,tract_persistence,chicago_community_area,all_eligible,17031030702,3,remains_below_highest_quartile,True
copd,,,,False,tract_persistence,chicago_community_area,all_eligible,17031030703,3,remains_below_highest_quartile,True
copd,,,,False,tract_persistence,chicago_community_area,all_eligible,17031031000,3,remains_below_highest_quartile,True
copd,,,,False,tract_persistence,chicago_community_area,all_eligible,17031031100,3,remains_below_highest_quartile,True
copd,,,,False,tract_persistence,chicago_community_area,all_eligible,17031031200,3,remains_below_highest_quartile,True
copd,,,,False,tract_persistence,chicago_community_area,all_eligible,17031031300,3,remains_below_highest_quartile,True
copd,,,,False,tract_persistence,chicago_community_area,all_eligible,17031031501,3,remains_below_highest_quartile,True
copd,,,,False,tract_persistence,chicago_community_area,all_eligible,17031031502,3,remains_below_highest_quartile,True
copd,,,,False,tract_persistence,chicago_community_area,all_eligible,17031031700,3,remains_below_highest_quartile,True
copd,,,,False,tract_persistence,chicago_community_area,all_eligible,17031032100,3,remains_below_highest_quartile,True
copd,,,,False,tract_persistence,chicago_community_area,all_eligible,17031040202,3,remains_below_highest_quartile,True
copd,,,,False,tract_persistence,chicago_community_area,all_eligible,17031050200,3,remains_below_highest_quartile,True
copd,,,,False,tract_persistence,chicago_community_area,all_eligible,17031050500,3,remains_below_highest_quartile,True
copd,,,,False,tract_persistence,chicago_community_area,all_eligible,17031060800,3,remains_below_highest_quartile,True
copd,,,,False,tract_persistence,chicago_community_area,all_eligible,17031060900,3,remains_below_highest_quartile,True
copd,,,,False,tract_persistence,chicago_community_area,all_eligible,17031061901,3,remains_below_highest_quartile,True
copd,,,,False,tract_persistence,chicago_community_area,all_eligible,17031063200,3,remains_below_highest_quartile,True
copd,,,,False,tract_persistence,chicago_community_area,all_eligible,17031063302,3,remains_below_highest_quartile,True
copd,,,,False,tract_persistence,chicago_community_area,all_eligible,17031063303,3,remains_below_highest_quartile,True
copd,,,,False,tract_persistence,chicago_community_area,all_eligible,17031070101,3,remains_below_highest_quartile,True
copd,,,,False,tract_persistence,chicago_community_area,all_eligible,17031070400,3,remains_below_highest_quartile,True
copd,,,,False,tract_persistence,chicago_community_area,all_eligible,17031071200,3,remains_below_highest_quartile,True
copd,,,,False,tract_persistence,chicago_community_area,all_eligible,17031071300,3,remains_below_highest_quartile,True
copd,,,,False,tract_persistence,chicago_community_area,all_eligible,17031071400,3,remains_below_highest_quartile,True
copd,,,,False,tract_persistence,chicago_community_area,all_eligible,17031071500,3,remains_below_highest_quartile,True
copd,,,,False,tract_persistence,chicago_community_area,all_eligible,17031080100,3,remains_below_highest_quartile,True
copd,,,,False,tract_persistence,chicago_community_area,all_eligible,17031080201,3,remains_below_highest_quartile,True
copd,,,,False,tract_persistence,chicago_community_area,all_eligible,17031080202,3,remains_below_highest_quartile,True
copd,,,,False,tract_persistence,chicago_community_area,all_eligible,17031080300,3,remains_below_highest_quartile,True
copd,,,,False,tract_persistence,chicago_community_area,all_eligible,17031080400,3,moves_out_of_highest_quartile,True
copd,,,,False,tract_persistence,chicago_community_area,all_eligible,17031081000,3,moves_out_of_highest_quartile,True
copd,,,,False,tract_persistence,chicago_community_area,all_eligible,17031081100,3,remains_below_highest_quartile,True
copd,,,,False,tract_persistence,chicago_community_area,all_eligible,17031081201,3,remains_below_highest_quartile,True
copd,,,,False,tract_persistence,chicago_community_area,all_eligible,17031081300,3,remains_below_highest_quartile,True
copd,,,,False,tract_persistence,chicago_community_area,all_eligible,17031081401,3,remains_below_highest_quartile,True
copd,,,,False,tract_persistence,chicago_community_area,all_eligible,17031081402,3,remains_below_highest_quartile,True
copd,,,,False,tract_persistence,chicago_community_area,all_eligible,17031081500,3,remains_below_highest_quartile,True
copd,,,,False,tract_persistence,chicago_community_area,all_eligible,17031081700,3,remains_below_highest_quartile,True
copd,,,,False,tract_persistence,chicago_community_area,all_eligible,17031081800,3,remains_below_highest_quartile,True
copd,,,,False,tract_persistence,chicago_community_area,all_eligible,17031081900,3,moves_out_of_highest_quartile,True
copd,,,,False,tract_persistence,chicago_community_area,all_eligible,17031090200,3,remains_below_highest_quartile,True
copd,,,,False,tract_persistence,chicago_community_area,all_eligible,17031100300,3,remains_below_highest_quartile,True
copd,,,,False,tract_persistence,chicago_community_area,all_eligible,17031100500,3,remains_below_highest_quartile,True
copd,,,,False,tract_persistence,chicago_community_area,all_eligible,17031110100,3,remains_below_highest_quartile,True
copd,,,,False,tract_persistence,chicago_community_area,all_eligible,17031110400,3,remains_below_highest_quartile,True
copd,,,,False,tract_persistence,chicago_community_area,all_eligible,17031110501,3,remains_below_highest_quartile,True
copd,,,,False,tract_persistence,chicago_community_area,all_eligible,17031110502,3,remains_below_highest_quartile,True
copd,,,,False,tract_persistence,chicago_community_area,all_eligible,17031120200,3,remains_below_highest_quartile,True
copd,,,,False,tract_persistence,chicago_community_area,all_eligible,17031120300,3,remains_below_highest_quartile,True
copd,,,,False,tract_persistence,chicago_community_area,all_eligible,17031140400,3,remains_below_highest_quartile,True
copd,,,,False,tract_persistence,chicago_community_area,all_eligible,17031140800,3,remains_below_highest_quartile,True
copd,,,,False,tract_persistence,chicago_community_area,all_eligible,17031150200,3,remains_below_highest_quartile,True
copd,,,,False,tract_persistence,chicago_community_area,all_eligible,17031150300,3,remains_below_highest_quartile,True
copd,,,,False,tract_persistence,chicago_community_area,all_eligible,17031150402,3,remains_below_highest_quartile,True
copd,,,,False,tract_persistence,chicago_community_area,all_eligible,17031150700,3,remains_below_highest_quartile,True
copd,,,,False,tract_persistence,chicago_community_area,all_eligible,17031150800,3,remains_below_highest_quartile,True
copd,,,,False,tract_persistence,chicago_community_area,all_eligible,17031151100,3,remains_below_highest_quartile,True
copd,,,,False,tract_persistence,chicago_community_area,all_eligible,17031160300,3,remains_below_highest_quartile,True
copd,,,,False,tract_persistence,chicago_community_area,all_eligible,17031160400,3,remains_below_highest_quartile,True
copd,,,,False,tract_persistence,chicago_community_area,all_eligible,17031160700,3,remains_below_highest_quartile,True
copd,,,,False,tract_persistence,chicago_community_area,all_eligible,17031160900,3,remains_below_highest_quartile,True
copd,,,,False,tract_persistence,chicago_community_area,all_eligible,17031170200,3,remains_below_highest_quartile,True
copd,,,,False,tract_persistence,chicago_community_area,all_eligible,17031170300,3,remains_below_highest_quartile,True
copd,,,,False,tract_persistence,chicago_community_area,all_eligible,17031170400,3,remains_below_highest_quartile,True
copd,,,,False,tract_persistence,chicago_community_area,all_eligible,17031170500,3,remains_below_highest_quartile,True
copd,,,,False,tract_persistence,chicago_community_area,all_eligible,17031170800,3,moves_out_of_highest_quartile,True
copd,,,,False,tract_persistence,chicago_community_area,all_eligible,17031171000,3,remains_below_highest_quartile,True
copd,,,,False,tract_persistence,chicago_community_area,all_eligible,17031171100,3,remains_below_highest_quartile,True
copd,,,,False,tract_persistence,chicago_community_area,all_eligible,17031180100,3,remains_below_highest_quartile,True
copd,,,,False,tract_persistence,chicago_community_area,all_eligible,17031190200,3,remains_below_highest_quartile,True
copd,,,,False,tract_persistence,chicago_community_area,all_eligible,17031190300,3,remains_below_highest_quartile,True
copd,,,,False,tract_persistence,chicago_community_area,all_eligible,17031190402,3,remains_below_highest_quartile,True
copd,,,,False,tract_persistence,chicago_community_area,all_eligible,17031190800,3,remains_below_highest_quartile,True
copd,,,,False,tract_persistence,chicago_community_area,all_eligible,17031191100,3,remains_below_highest_quartile,True
copd,,,,False,tract_persistence,chicago_community_area,all_eligible,17031191301,3,remains_below_highest_quartile,True
copd,,,,False,tract_persistence,chicago_community_area,all_eligible,17031210100,3,remains_below_highest_quartile,True
copd,,,,False,tract_persistence,chicago_community_area,all_eligible,17031230700,3,remains_below_highest_quartile,True
copd,,,,False,tract_persistence,chicago_community_area,all_eligible,17031230900,3,remains_below_highest_quartile,True
copd,,,,False,tract_persistence,chicago_community_area,all_eligible,17031231100,3,remains_below_highest_quartile,True
copd,,,,False,tract_persistence,chicago_community_area,all_eligible,17031231200,3,remains_below_highest_quartile,True
copd,,,,False,tract_persistence,chicago_community_area,all_eligible,17031231500,3,moves_out_of_highest_quartile,True
copd,,,,False,tract_persistence,chicago_community_area,all_eligible,17031241000,3,remains_below_highest_quartile,True
copd,,,,False,tract_persistence,chicago_community_area,all_eligible,17031241100,3,remains_below_highest_quartile,True
copd,,,,False,tract_persistence,chicago_community_area,all_eligible,17031242000,3,remains_below_highest_quartile,True
copd,,,,False,tract_persistence,chicago_community_area,all_eligible,17031242300,3,remains_below_highest_quartile,True
copd,,,,False,tract_persistence,chicago_community_area,all_eligible,17031242600,3,remains_below_highest_quartile,True
copd,,,,False,tract_persistence,chicago_community_area,all_eligible,17031243400,3,remains_below_highest_quartile,True
copd,,,,False,tract_persistence,chicago_community_area,all_eligible,17031243500,3,remains_below_highest_quartile,True
copd,,,,False,tract_persistence,chicago_community_area,all_eligible,17031250300,3,moves_into_highest_quartile,True
copd,,,,False,tract_persistence,chicago_community_area,all_eligible,17031250400,3,moves_into_highest_quartile,True
copd,,,,False,tract_persistence,chicago_community_area,all_eligible,17031250500,3,moves_into_highest_quartile,True
copd,,,,False,tract_persistence,chicago_community_area,all_eligible,17031250600,3,moves_into_highest_quartile,True
copd,,,,False,tract_persistence,chicago_community_area,all_eligible,17031250700,3,remains_high,True
copd,,,,False,tract_persistence,chicago_community_area,all_eligible,17031250800,3,moves_into_highest_quartile,True
copd,,,,False,tract_persistence,chicago_community_area,all_eligible,17031251100,3,remains_high,True
copd,,,,False,tract_persistence,chicago_community_area,all_eligible,17031251200,3,moves_into_highest_quartile,True
copd,,,,False,tract_persistence,chicago_community_area,all_eligible,17031251300,3,remains_high,True
copd,,,,False,tract_persistence,chicago_community_area,all_eligible,17031251400,3,remains_high,True
copd,,,,False,tract_persistence,chicago_community_area,all_eligible,17031251500,3,remains_high,True
copd,,,,False,tract_persistence,chicago_community_area,all_eligible,17031251600,3,remains_high,True
copd,,,,False,tract_persistence,chicago_community_area,all_eligible,17031251700,3,moves_into_highest_quartile,True
copd,,,,False,tract_persistence,chicago_community_area,all_eligible,17031251800,3,remains_high,True
copd,,,,False,tract_persistence,chicago_community_area,all_eligible,17031251900,3,moves_into_highest_quartile,True
copd,,,,False,tract_persistence,chicago_community_area,all_eligible,17031252000,3,remains_high,True
copd,,,,False,tract_persistence,chicago_community_area,all_eligible,17031252101,3,moves_into_highest_quartile,True
copd,,,,False,tract_persistence,chicago_community_area,all_eligible,17031252102,3,remains_high,True
copd,,,,False,tract_persistence,chicago_community_area,all_eligible,17031252201,3,remains_high,True
copd,,,,False,tract_persistence,chicago_community_area,all_eligible,17031252202,3,remains_high,True
copd,,,,False,tract_persistence,chicago_community_area,all_eligible,17031260100,3,remains_high,True
copd,,,,False,tract_persistence,chicago_community_area,all_eligible,17031260300,3,remains_high,True
copd,,,,False,tract_persistence,chicago_community_area,all_eligible,17031260400,3,moves_into_highest_quartile,True
copd,,,,False,tract_persistence,chicago_community_area,all_eligible,17031260500,3,remains_high,True
copd,,,,False,tract_persistence,chicago_community_area,all_eligible,17031260600,3,remains_high,True
copd,,,,False,tract_persistence,chicago_community_area,all_eligible,17031260700,3,remains_high,True
copd,,,,False,tract_persistence,chicago_community_area,all_eligible,17031260800,3,remains_high,True
copd,,,,False,tract_persistence,chicago_community_area,all_eligible,17031260900,3,moves_into_highest_quartile,True
copd,,,,False,tract_persistence,chicago_community_area,all_eligible,17031261000,3,remains_high,True
copd,,,,False,tract_persistence,chicago_community_area,all_eligible,17031270500,3,remains_high,True
copd,,,,False,tract_persistence,chicago_community_area,all_eligible,17031271200,3,remains_high,True
copd,,,,False,tract_persistence,chicago_community_area,all_eligible,17031271400,3,moves_into_highest_quartile,True
copd,,,,False,tract_persistence,chicago_community_area,all_eligible,17031271500,3,remains_high,True
copd,,,,False,tract_persistence,chicago_community_area,all_eligible,17031280400,3,moves_out_of_highest_quartile,True
copd,,,,False,tract_persistence,chicago_community_area,all_eligible,17031280800,3,moves_out_of_highest_quartile,True
copd,,,,False,tract_persistence,chicago_community_area,all_eligible,17031280900,3,moves_out_of_highest_quartile,True
copd,,,,False,tract_persistence,chicago_community_area,all_eligible,17031281900,3,remains_below_highest_quartile,True
copd,,,,False,tract_persistence,chicago_community_area,all_eligible,17031282700,3,remains_below_highest_quartile,True
copd,,,,False,tract_persistence,chicago_community_area,all_eligible,17031283100,3,remains_below_highest_quartile,True
copd,,,,False,tract_persistence,chicago_community_area,all_eligible,17031283200,3,remains_below_highest_quartile,True
copd,,,,False,tract_persistence,chicago_community_area,all_eligible,17031283800,3,moves_out_of_highest_quartile,True
copd,,,,False,tract_persistence,chicago_community_area,all_eligible,17031290900,3,moves_into_highest_quartile,True
copd,,,,False,tract_persistence,chicago_community_area,all_eligible,17031291200,3,remains_high,True
copd,,,,False,tract_persistence,chicago_community_area,all_eligible,17031292200,3,remains_high,True
copd,,,,False,tract_persistence,chicago_community_area,all_eligible,17031292400,3,remains_high,True
copd,,,,False,tract_persistence,chicago_community_area,all_eligible,17031292500,3,remains_high,True
copd,,,,False,tract_persistence,chicago_community_area,all_eligible,17031300600,3,remains_below_highest_quartile,True
copd,,,,False,tract_persistence,chicago_community_area,all_eligible,17031300700,3,remains_below_highest_quartile,True
copd,,,,False,tract_persistence,chicago_community_area,all_eligible,17031301200,3,remains_below_highest_quartile,True
copd,,,,False,tract_persistence,chicago_community_area,all_eligible,17031301701,3,remains_below_highest_quartile,True
copd,,,,False,tract_persistence,chicago_community_area,all_eligible,17031301803,3,remains_below_highest_quartile,True
copd,,,,False,tract_persistence,chicago_community_area,all_eligible,17031310200,3,remains_below_highest_quartile,True
copd,,,,False,tract_persistence,chicago_community_area,all_eligible,17031310300,3,remains_below_highest_quartile,True
copd,,,,False,tract_persistence,chicago_community_area,all_eligible,17031310600,3,remains_below_highest_quartile,True
copd,,,,False,tract_persistence,chicago_community_area,all_eligible,17031310800,3,remains_below_highest_quartile,True
copd,,,,False,tract_persistence,chicago_community_area,all_eligible,17031310900,3,remains_below_highest_quartile,True
copd,,,,False,tract_persistence,chicago_community_area,all_eligible,17031320101,3,remains_below_highest_quartile,True
copd,,,,False,tract_persistence,chicago_community_area,all_eligible,17031320102,3,remains_below_highest_quartile,True
copd,,,,False,tract_persistence,chicago_community_area,all_eligible,17031320400,3,remains_below_highest_quartile,True
copd,,,,False,tract_persistence,chicago_community_area,all_eligible,17031320600,3,remains_below_highest_quartile,True
copd,,,,False,tract_persistence,chicago_community_area,all_eligible,17031330101,3,remains_below_highest_quartile,True
copd,,,,False,tract_persistence,chicago_community_area,all_eligible,17031330102,3,remains_below_highest_quartile,True
copd,,,,False,tract_persistence,chicago_community_area,all_eligible,17031330103,3,remains_below_highest_quartile,True
copd,,,,False,tract_persistence,chicago_community_area,all_eligible,17031330200,3,remains_below_highest_quartile,True
copd,,,,False,tract_persistence,chicago_community_area,all_eligible,17031340300,3,remains_high,True
copd,,,,False,tract_persistence,chicago_community_area,all_eligible,17031340500,3,remains_high,True
copd,,,,False,tract_persistence,chicago_community_area,all_eligible,17031350400,3,remains_high,True
copd,,,,False,tract_persistence,chicago_community_area,all_eligible,17031351000,3,moves_into_highest_quartile,True
copd,,,,False,tract_persistence,chicago_community_area,all_eligible,17031351100,3,moves_into_highest_quartile,True
copd,,,,False,tract_persistence,chicago_community_area,all_eligible,17031351400,3,remains_high,True
copd,,,,False,tract_persistence,chicago_community_area,all_eligible,17031360200,3,remains_below_highest_quartile,True
copd,,,,False,tract_persistence,chicago_community_area,all_eligible,17031380100,3,remains_high,True
copd,,,,False,tract_persistence,chicago_community_area,all_eligible,17031380200,3,unstable,False
copd,,,,False,tract_persistence,chicago_community_area,all_eligible,17031380600,3,unstable,False
copd,,,,False,tract_persistence,chicago_community_area,all_eligible,17031381200,3,moves_into_highest_quartile,True
copd,,,,False,tract_persistence,chicago_community_area,all_eligible,17031381500,3,remains_high,True
copd,,,,False,tract_persistence,chicago_community_area,all_eligible,17031381800,3,remains_high,True
copd,,,,False,tract_persistence,chicago_community_area,all_eligible,17031381900,3,remains_high,True
copd,,,,False,tract_persistence,chicago_community_area,all_eligible,17031390300,3,moves_out_of_highest_quartile,True
copd,,,,False,tract_persistence,chicago_community_area,all_eligible,17031390400,3,moves_out_of_highest_quartile,True
copd,,,,False,tract_persistence,chicago_community_area,all_eligible,17031390600,3,remains_below_highest_quartile,True
copd,,,,False,tract_persistence,chicago_community_area,all_eligible,17031400300,3,moves_into_highest_quartile,True
copd,,,,False,tract_persistence,chicago_community_area,all_eligible,17031400400,3,moves_into_highest_quartile,True
copd,,,,False,tract_persistence,chicago_community_area,all_eligible,17031400500,3,moves_into_highest_quartile,True
copd,,,,False,tract_persistence,chicago_community_area,all_eligible,17031400800,3,remains_high,True
copd,,,,False,tract_persistence,chicago_community_area,all_eligible,17031410500,3,remains_below_highest_quartile,True
copd,,,,False,tract_persistence,chicago_community_area,all_eligible,17031410600,3,remains_below_highest_quartile,True
copd,,,,False,tract_persistence,chicago_community_area,all_eligible,17031410800,3,remains_below_highest_quartile,True
copd,,,,False,tract_persistence,chicago_community_area,all_eligible,17031420100,3,moves_into_highest_quartile,True
copd,,,,False,tract_persistence,chicago_community_area,all_eligible,17031420200,3,remains_high,True
copd,,,,False,tract_persistence,chicago_community_area,all_eligible,17031420400,3,moves_into_highest_quartile,True
copd,,,,False,tract_persistence,chicago_community_area,all_eligible,17031420500,3,unstable,False
copd,,,,False,tract_persistence,chicago_community_area,all_eligible,17031420600,3,unstable,False
copd,,,,False,tract_persistence,chicago_community_area,all_eligible,17031420700,3,remains_high,True
copd,,,,False,tract_persistence,chicago_community_area,all_eligible,17031420800,3,moves_into_highest_quartile,True
copd,,,,False,tract_persistence,chicago_community_area,all_eligible,17031421200,3,remains_high,True
copd,,,,False,tract_persistence,chicago_community_area,all_eligible,17031430101,3,moves_into_highest_quartile,True
copd,,,,False,tract_persistence,chicago_community_area,all_eligible,17031430200,3,moves_into_highest_quartile,True
copd,,,,False,tract_persistence,chicago_community_area,all_eligible,17031430500,3,remains_high,True
copd,,,,False,tract_persistence,chicago_community_area,all_eligible,17031430600,3,moves_into_highest_quartile,True
copd,,,,False,tract_persistence,chicago_community_area,all_eligible,17031430700,3,moves_into_highest_quartile,True
copd,,,,False,tract_persistence,chicago_community_area,all_eligible,17031430800,3,moves_into_highest_quartile,True
copd,,,,False,tract_persistence,chicago_community_area,all_eligible,17031430900,3,moves_into_highest_quartile,True
copd,,,,False,tract_persistence,chicago_community_area,all_eligible,17031431200,3,moves_into_highest_quartile,True
copd,,,,False,tract_persistence,chicago_community_area,all_eligible,17031431301,3,remains_high,True
copd,,,,False,tract_persistence,chicago_community_area,all_eligible,17031431302,3,moves_into_highest_quartile,True
copd,,,,False,tract_persistence,chicago_community_area,all_eligible,17031431400,3,remains_high,True
copd,,,,False,tract_persistence,chicago_community_area,all_eligible,17031440101,3,remains_high,True
copd,,,,False,tract_persistence,chicago_community_area,all_eligible,17031440102,3,remains_high,True
copd,,,,False,tract_persistence,chicago_community_area,all_eligible,17031440201,3,remains_high,True
copd,,,,False,tract_persistence,chicago_community_area,all_eligible,17031440202,3,moves_into_highest_quartile,True
copd,,,,False,tract_persistence,chicago_community_area,all_eligible,17031440300,3,moves_into_highest_quartile,True
copd,,,,False,tract_persistence,chicago_community_area,all_eligible,17031440600,3,moves_into_highest_quartile,True
copd,,,,False,tract_persistence,chicago_community_area,all_eligible,17031440900,3,moves_into_highest_quartile,True
copd,,,,False,tract_persistence,chicago_community_area,all_eligible,17031450300,3,remains_below_highest_quartile,True
copd,,,,False,tract_persistence,chicago_community_area,all_eligible,17031460100,3,remains_below_highest_quartile,True
copd,,,,False,tract_persistence,chicago_community_area,all_eligible,17031460301,3,remains_below_highest_quartile,True
copd,,,,False,tract_persistence,chicago_community_area,all_eligible,17031460400,3,remains_below_highest_quartile,True
copd,,,,False,tract_persistence,chicago_community_area,all_eligible,17031460500,3,remains_below_highest_quartile,True
copd,,,,False,tract_persistence,chicago_community_area,all_eligible,17031470100,3,remains_high,True
copd,,,,False,tract_persistence,chicago_community_area,all_eligible,17031480100,3,remains_below_highest_quartile,True
copd,,,,False,tract_persistence,chicago_community_area,all_eligible,17031480400,3,remains_below_highest_quartile,True
copd,,,,False,tract_persistence,chicago_community_area,all_eligible,17031480500,3,remains_below_highest_quartile,True
copd,,,,False,tract_persistence,chicago_community_area,all_eligible,17031490200,3,remains_below_highest_quartile,True
copd,,,,False,tract_persistence,chicago_community_area,all_eligible,17031490800,3,remains_below_highest_quartile,True
copd,,,,False,tract_persistence,chicago_community_area,all_eligible,17031490901,3,moves_out_of_highest_quartile,True
copd,,,,False,tract_persistence,chicago_community_area,all_eligible,17031490902,3,unstable,False
copd,,,,False,tract_persistence,chicago_community_area,all_eligible,17031491000,3,moves_out_of_highest_quartile,True
copd,,,,False,tract_persistence,chicago_community_area,all_eligible,17031491100,3,remains_below_highest_quartile,True
copd,,,,False,tract_persistence,chicago_community_area,all_eligible,17031491200,3,remains_below_highest_quartile,True
copd,,,,False,tract_persistence,chicago_community_area,all_eligible,17031491300,3,unstable,False
copd,,,,False,tract_persistence,chicago_community_area,all_eligible,17031491400,3,unstable,False
copd,,,,False,tract_persistence,chicago_community_area,all_eligible,17031500100,3,remains_below_highest_quartile,True
copd,,,,False,tract_persistence,chicago_community_area,all_eligible,17031510200,3,remains_below_highest_quartile,True
copd,,,,False,tract_persistence,chicago_community_area,all_eligible,17031510300,3,remains_below_highest_quartile,True
copd,,,,False,tract_persistence,chicago_community_area,all_eligible,17031520300,3,remains_below_highest_quartile,True
copd,,,,False,tract_persistence,chicago_community_area,all_eligible,17031520500,3,remains_below_highest_quartile,True
copd,,,,False,tract_persistence,chicago_community_area,all_eligible,17031530200,3,remains_high,True
copd,,,,False,tract_persistence,chicago_community_area,all_eligible,17031530300,3,moves_into_highest_quartile,True
copd,,,,False,tract_persistence,chicago_community_area,all_eligible,17031530501,3,moves_into_highest_quartile,True
copd,,,,False,tract_persistence,chicago_community_area,all_eligible,17031530502,3,remains_high,True
copd,,,,False,tract_persistence,chicago_community_area,all_eligible,17031530503,3,moves_into_highest_quartile,True
copd,,,,False,tract_persistence,chicago_community_area,all_eligible,17031530600,3,remains_high,True
copd,,,,False,tract_persistence,chicago_community_area,all_eligible,17031540101,3,remains_high,True
copd,,,,False,tract_persistence,chicago_community_area,all_eligible,17031540102,3,remains_high,True
copd,,,,False,tract_persistence,chicago_community_area,all_eligible,17031550100,3,remains_below_highest_quartile,True
copd,,,,False,tract_persistence,chicago_community_area,all_eligible,17031560200,3,remains_below_highest_quartile,True
copd,,,,False,tract_persistence,chicago_community_area,all_eligible,17031560300,3,remains_below_highest_quartile,True
copd,,,,False,tract_persistence,chicago_community_area,all_eligible,17031560700,3,remains_below_highest_quartile,True
copd,,,,False,tract_persistence,chicago_community_area,all_eligible,17031560800,3,remains_below_highest_quartile,True
copd,,,,False,tract_persistence,chicago_community_area,all_eligible,17031561000,3,remains_below_highest_quartile,True
copd,,,,False,tract_persistence,chicago_community_area,all_eligible,17031561100,3,remains_below_highest_quartile,True
copd,,,,False,tract_persistence,chicago_community_area,all_eligible,17031570300,3,remains_below_highest_quartile,True
copd,,,,False,tract_persistence,chicago_community_area,all_eligible,17031580100,3,remains_below_highest_quartile,True
copd,,,,False,tract_persistence,chicago_community_area,all_eligible,17031580400,3,remains_below_highest_quartile,True
copd,,,,False,tract_persistence,chicago_community_area,all_eligible,17031580502,3,remains_below_highest_quartile,True
copd,,,,False,tract_persistence,chicago_community_area,all_eligible,17031580600,3,remains_below_highest_quartile,True
copd,,,,False,tract_persistence,chicago_community_area,all_eligible,17031580700,3,remains_below_highest_quartile,True
copd,,,,False,tract_persistence,chicago_community_area,all_eligible,17031590600,3,remains_below_highest_quartile,True
copd,,,,False,tract_persistence,chicago_community_area,all_eligible,17031600400,3,remains_below_highest_quartile,True
copd,,,,False,tract_persistence,chicago_community_area,all_eligible,17031600900,3,remains_below_highest_quartile,True
copd,,,,False,tract_persistence,chicago_community_area,all_eligible,17031610300,3,remains_below_highest_quartile,True
copd,,,,False,tract_persistence,chicago_community_area,all_eligible,17031610400,3,remains_below_highest_quartile,True
copd,,,,False,tract_persistence,chicago_community_area,all_eligible,17031611300,3,remains_below_highest_quartile,True
copd,,,,False,tract_persistence,chicago_community_area,all_eligible,17031611800,3,remains_below_highest_quartile,True
copd,,,,False,tract_persistence,chicago_community_area,all_eligible,17031611900,3,remains_below_highest_quartile,True
copd,,,,False,tract_persistence,chicago_community_area,all_eligible,17031612000,3,remains_below_highest_quartile,True
copd,,,,False,tract_persistence,chicago_community_area,all_eligible,17031612100,3,moves_out_of_highest_quartile,True
copd,,,,False,tract_persistence,chicago_community_area,all_eligible,17031612200,3,remains_below_highest_quartile,True
copd,,,,False,tract_persistence,chicago_community_area,all_eligible,17031620300,3,remains_below_highest_quartile,True
copd,,,,False,tract_persistence,chicago_community_area,all_eligible,17031630400,3,remains_below_highest_quartile,True
copd,,,,False,tract_persistence,chicago_community_area,all_eligible,17031630500,3,remains_below_highest_quartile,True
copd,,,,False,tract_persistence,chicago_community_area,all_eligible,17031630800,3,remains_below_highest_quartile,True
copd,,,,False,tract_persistence,chicago_community_area,all_eligible,17031640300,3,remains_below_highest_quartile,True
copd,,,,False,tract_persistence,chicago_community_area,all_eligible,17031640500,3,remains_below_highest_quartile,True
copd,,,,False,tract_persistence,chicago_community_area,all_eligible,17031640600,3,remains_below_highest_quartile,True
copd,,,,False,tract_persistence,chicago_community_area,all_eligible,17031640700,3,remains_below_highest_quartile,True
copd,,,,False,tract_persistence,chicago_community_area,all_eligible,17031650100,3,remains_below_highest_quartile,True
copd,,,,False,tract_persistence,chicago_community_area,all_eligible,17031650200,3,remains_below_highest_quartile,True
copd,,,,False,tract_persistence,chicago_community_area,all_eligible,17031650302,3,remains_below_highest_quartile,True
copd,,,,False,tract_persistence,chicago_community_area,all_eligible,17031650400,3,remains_below_highest_quartile,True
copd,,,,False,tract_persistence,chicago_community_area,all_eligible,17031650500,3,remains_below_highest_quartile,True
copd,,,,False,tract_persistence,chicago_community_area,all_eligible,17031660600,3,remains_below_highest_quartile,True
copd,,,,False,tract_persistence,chicago_community_area,all_eligible,17031660700,3,remains_below_highest_quartile,True
copd,,,,False,tract_persistence,chicago_community_area,all_eligible,17031660800,3,remains_below_highest_quartile,True
copd,,,,False,tract_persistence,chicago_community_area,all_eligible,17031660900,3,remains_below_highest_quartile,True
copd,,,,False,tract_persistence,chicago_community_area,all_eligible,17031670300,3,remains_below_highest_quartile,True
copd,,,,False,tract_persistence,chicago_community_area,all_eligible,17031670400,3,unstable,False
copd,,,,False,tract_persistence,chicago_community_area,all_eligible,17031670700,3,unstable,False
copd,,,,False,tract_persistence,chicago_community_area,all_eligible,17031670800,3,unstable,False
copd,,,,False,tract_persistence,chicago_community_area,all_eligible,17031671300,3,unstable,False
copd,,,,False,tract_persistence,chicago_community_area,all_eligible,17031671500,3,remains_below_highest_quartile,True
copd,,,,False,tract_persistence,chicago_community_area,all_eligible,17031680500,3,remains_high,True
copd,,,,False,tract_persistence,chicago_community_area,all_eligible,17031680900,3,remains_high,True
copd,,,,False,tract_persistence,chicago_community_area,all_eligible,17031681000,3,moves_into_highest_quartile,True
copd,,,,False,tract_persistence,chicago_community_area,all_eligible,17031681100,3,remains_high,True
copd,,,,False,tract_persistence,chicago_community_area,all_eligible,17031681200,3,moves_into_highest_quartile,True
copd,,,,False,tract_persistence,chicago_community_area,all_eligible,17031681300,3,remains_high,True
copd,,,,False,tract_persistence,chicago_community_area,all_eligible,17031690300,3,remains_high,True
copd,,,,False,tract_persistence,chicago_community_area,all_eligible,17031690400,3,moves_into_highest_quartile,True
copd,,,,False,tract_persistence,chicago_community_area,all_eligible,17031690900,3,moves_into_highest_quartile,True
copd,,,,False,tract_persistence,chicago_community_area,all_eligible,17031691000,3,moves_into_highest_quartile,True
copd,,,,False,tract_persistence,chicago_community_area,all_eligible,17031691100,3,moves_into_highest_quartile,True
copd,,,,False,tract_persistence,chicago_community_area,all_eligible,17031691200,3,remains_high,True
copd,,,,False,tract_persistence,chicago_community_area,all_eligible,17031691300,3,remains_high,True
copd,,,,False,tract_persistence,chicago_community_area,all_eligible,17031691400,3,remains_high,True
copd,,,,False,tract_persistence,chicago_community_area,all_eligible,17031691500,3,remains_high,True
copd,,,,False,tract_persistence,chicago_community_area,all_eligible,17031700100,3,remains_below_highest_quartile,True
copd,,,,False,tract_persistence,chicago_community_area,all_eligible,17031700301,3,remains_below_highest_quartile,True
copd,,,,False,tract_persistence,chicago_community_area,all_eligible,17031700302,3,remains_below_highest_quartile,True
copd,,,,False,tract_persistence,chicago_community_area,all_eligible,17031700401,3,remains_below_highest_quartile,True
copd,,,,False,tract_persistence,chicago_community_area,all_eligible,17031700501,3,remains_below_highest_quartile,True
copd,,,,False,tract_persistence,chicago_community_area,all_eligible,17031700502,3,remains_below_highest_quartile,True
copd,,,,False,tract_persistence,chicago_community_area,all_eligible,17031710200,3,unstable,False
copd,,,,False,tract_persistence,chicago_community_area,all_eligible,17031710400,3,moves_into_highest_quartile,True
copd,,,,False,tract_persistence,chicago_community_area,all_eligible,17031710500,3,unstable,False
copd,,,,False,tract_persistence,chicago_community_area,all_eligible,17031710600,3,unstable,False
copd,,,,False,tract_persistence,chicago_community_area,all_eligible,17031710700,3,unstable,False
copd,,,,False,tract_persistence,chicago_community_area,all_eligible,17031710800,3,remains_high,True
copd,,,,False,tract_persistence,chicago_community_area,all_eligible,17031710900,3,moves_into_highest_quartile,True
copd,,,,False,tract_persistence,chicago_community_area,all_eligible,17031711000,3,unstable,False
copd,,,,False,tract_persistence,chicago_community_area,all_eligible,17031711100,3,moves_into_highest_quartile,True
copd,,,,False,tract_persistence,chicago_community_area,all_eligible,17031711200,3,remains_high,True
copd,,,,False,tract_persistence,chicago_community_area,all_eligible,17031711400,3,moves_into_highest_quartile,True
copd,,,,False,tract_persistence,chicago_community_area,all_eligible,17031720100,3,remains_below_highest_quartile,True
copd,,,,False,tract_persistence,chicago_community_area,all_eligible,17031720200,3,remains_below_highest_quartile,True
copd,,,,False,tract_persistence,chicago_community_area,all_eligible,17031720700,3,remains_below_highest_quartile,True
copd,,,,False,tract_persistence,chicago_community_area,all_eligible,17031730201,3,remains_below_highest_quartile,True
copd,,,,False,tract_persistence,chicago_community_area,all_eligible,17031730202,3,remains_below_highest_quartile,True
copd,,,,False,tract_persistence,chicago_community_area,all_eligible,17031730600,3,remains_below_highest_quartile,True
copd,,,,False,tract_persistence,chicago_community_area,all_eligible,17031730700,3,remains_below_highest_quartile,True
copd,,,,False,tract_persistence,chicago_community_area,all_eligible,17031740200,3,remains_below_highest_quartile,True
copd,,,,False,tract_persistence,chicago_community_area,all_eligible,17031740300,3,remains_below_highest_quartile,True
copd,,,,False,tract_persistence,chicago_community_area,all_eligible,17031740400,3,unstable,False
copd,,,,False,tract_persistence,chicago_community_area,all_eligible,17031750100,3,moves_into_highest_quartile,True
copd,,,,False,tract_persistence,chicago_community_area,all_eligible,17031750200,3,moves_into_highest_quartile,True
copd,,,,False,tract_persistence,chicago_community_area,all_eligible,17031750400,3,moves_into_highest_quartile,True
copd,,,,False,tract_persistence,chicago_community_area,all_eligible,17031750500,3,moves_into_highest_quartile,True
copd,,,,False,tract_persistence,chicago_community_area,all_eligible,17031750600,3,remains_high,True
copd,,,,False,tract_persistence,chicago_community_area,all_eligible,17031830600,3,remains_below_highest_quartile,True
copd,,,,False,tract_persistence,chicago_community_area,all_eligible,17031830700,3,remains_below_highest_quartile,True
copd,,,,False,tract_persistence,chicago_community_area,all_eligible,17031831200,3,remains_below_highest_quartile,True
copd,,,,False,tract_persistence,chicago_community_area,all_eligible,17031831400,3,remains_high,True
copd,,,,False,tract_persistence,chicago_community_area,all_eligible,17031831500,3,remains_below_highest_quartile,True
copd,,,,False,tract_persistence,chicago_community_area,all_eligible,17031831600,3,remains_below_highest_quartile,True
copd,,,,False,tract_persistence,chicago_community_area,all_eligible,17031832500,3,remains_below_highest_quartile,True
copd,,,,False,tract_persistence,chicago_community_area,all_eligible,17031832900,3,remains_below_highest_quartile,True
copd,,,,False,tract_persistence,chicago_community_area,all_eligible,17031833000,3,remains_below_highest_quartile,True
copd,,,,False,tract_persistence,chicago_community_area,all_eligible,17031833100,3,remains_below_highest_quartile,True
copd,,,,False,tract_persistence,chicago_community_area,all_eligible,17031833300,3,remains_below_highest_quartile,True
copd,,,,False,tract_persistence,chicago_community_area,all_eligible,17031834000,3,remains_below_highest_quartile,True
copd,,,,False,tract_persistence,chicago_community_area,all_eligible,17031834200,3,moves_into_highest_quartile,True
copd,,,,False,tract_persistence,chicago_community_area,all_eligible,17031834400,3,moves_into_highest_quartile,True
copd,,,,False,tract_persistence,chicago_community_area,all_eligible,17031834500,3,remains_high,True
copd,,,,False,tract_persistence,chicago_community_area,all_eligible,17031834600,3,remains_high,True
copd,,,,False,tract_persistence,chicago_community_area,all_eligible,17031834700,3,moves_into_highest_quartile,True
copd,,,,False,tract_persistence,chicago_community_area,all_eligible,17031834800,3,remains_high,True
copd,,,,False,tract_persistence,chicago_community_area,all_eligible,17031834900,3,unstable,False
copd,,,,False,tract_persistence,chicago_community_area,all_eligible,17031835200,3,remains_below_highest_quartile,True
copd,,,,False,tract_persistence,chicago_community_area,all_eligible,17031835500,3,remains_high,True
copd,,,,False,tract_persistence,chicago_community_area,all_eligible,17031835600,3,remains_high,True
copd,,,,False,tract_persistence,chicago_community_area,all_eligible,17031836000,3,moves_into_highest_quartile,True
copd,,,,False,tract_persistence,chicago_community_area,all_eligible,17031836100,3,moves_into_highest_quartile,True
copd,,,,False,tract_persistence,chicago_community_area,all_eligible,17031836300,3,remains_below_highest_quartile,True
copd,,,,False,tract_persistence,chicago_community_area,all_eligible,17031836500,3,remains_below_highest_quartile,True
copd,,,,False,tract_persistence,chicago_community_area,all_eligible,17031836600,3,remains_below_highest_quartile,True
copd,,,,False,tract_persistence,chicago_community_area,all_eligible,17031836700,3,remains_below_highest_quartile,True
copd,,,,False,tract_persistence,chicago_community_area,all_eligible,17031836800,3,remains_high,True
copd,,,,False,tract_persistence,chicago_community_area,all_eligible,17031836900,3,moves_into_highest_quartile,True
copd,,,,False,tract_persistence,chicago_community_area,all_eligible,17031837000,3,moves_into_highest_quartile,True
copd,,,,False,tract_persistence,chicago_community_area,all_eligible,17031837300,3,moves_into_highest_quartile,True
copd,,,,False,tract_persistence,chicago_community_area,all_eligible,17031837400,3,remains_high,True
copd,,,,False,tract_persistence,chicago_community_area,all_eligible,17031837800,3,remains_below_highest_quartile,True
copd,,,,False,tract_persistence,chicago_community_area,all_eligible,17031838000,3,moves_out_of_highest_quartile,True
copd,,,,False,tract_persistence,chicago_community_area,all_eligible,17031838100,3,moves_out_of_highest_quartile,True
copd,,,,False,tract_persistence,chicago_community_area,all_eligible,17031838200,3,remains_below_highest_quartile,True
copd,,,,False,tract_persistence,chicago_community_area,all_eligible,17031838300,3,remains_below_highest_quartile,True
copd,,,,False,tract_persistence,chicago_community_area,all_eligible,17031838600,3,remains_high,True
copd,,,,False,tract_persistence,chicago_community_area,all_eligible,17031838700,3,remains_high,True
copd,,,,False,tract_persistence,chicago_community_area,all_eligible,17031839000,3,remains_below_highest_quartile,True
copd,,,,False,tract_persistence,chicago_community_area,all_eligible,17031839100,3,remains_below_highest_quartile,True
copd,,,,False,tract_persistence,chicago_community_area,all_eligible,17031839200,3,remains_high,True
copd,,,,False,tract_persistence,chicago_community_area,all_eligible,17031839500,3,remains_high,True
copd,,,,False,tract_persistence,chicago_community_area,all_eligible,17031839600,3,remains_high,True
copd,,,,False,tract_persistence,chicago_community_area,all_eligible,17031839700,3,remains_below_highest_quartile,True
copd,,,,False,tract_persistence,chicago_community_area,all_eligible,17031839800,3,remains_below_highest_quartile,True
copd,,,,False,tract_persistence,chicago_community_area,all_eligible,17031839900,3,remains_below_highest_quartile,True
copd,,,,False,tract_persistence,chicago_community_area,all_eligible,17031840100,3,remains_below_highest_quartile,True
copd,,,,False,tract_persistence,chicago_community_area,all_eligible,17031840300,3,remains_below_highest_quartile,True
copd,,,,False,tract_persistence,chicago_community_area,all_eligible,17031841100,3,moves_into_highest_quartile,True
copd,,,,False,tract_persistence,chicago_community_area,all_eligible,17031841500,3,moves_into_highest_quartile,True
copd,,,,False,tract_persistence,chicago_community_area,all_eligible,17031841700,3,moves_out_of_highest_quartile,True
copd,,,,False,tract_persistence,chicago_community_area,all_eligible,17031841800,3,remains_high,True
copd,,,,False,tract_persistence,chicago_community_area,all_eligible,17031841900,3,remains_below_highest_quartile,True
copd,,,,False,tract_persistence,chicago_community_area,all_eligible,17031842000,3,moves_into_highest_quartile,True
copd,,,,False,tract_persistence,chicago_community_area,all_eligible,17031842200,3,remains_below_highest_quartile,True
copd,,,,False,tract_persistence,chicago_community_area,all_eligible,17031842500,3,moves_into_highest_quartile,True
copd,,,,False,tract_persistence,chicago_community_area,all_eligible,17031842600,3,moves_out_of_highest_quartile,True
copd,,,,False,tract_persistence,chicago_community_area,all_eligible,17031842800,3,remains_below_highest_quartile,True
copd,,,,False,tract_persistence,chicago_community_area,all_eligible,17031842900,3,moves_out_of_highest_quartile,True
copd,,,,False,tract_persistence,chicago_community_area,all_eligible,17031843000,3,remains_high,True
copd,,,,False,tract_persistence,chicago_community_area,all_eligible,17031843200,3,remains_below_highest_quartile,True
copd,,,,False,tract_persistence,chicago_community_area,all_eligible,17031843300,3,moves_into_highest_quartile,True
copd,,,,False,tract_persistence,chicago_community_area,all_eligible,17031843600,3,moves_into_highest_quartile,True
copd,,,,False,tract_persistence,chicago_community_area,all_eligible,17031843800,3,moves_out_of_highest_quartile,True
hypertension,,,,False,tract_persistence,chicago_community_area,all_eligible,17031010100,3,remains_below_highest_quartile,True
hypertension,,,,False,tract_persistence,chicago_community_area,all_eligible,17031010201,3,remains_below_highest_quartile,True
hypertension,,,,False,tract_persistence,chicago_community_area,all_eligible,17031010202,3,remains_below_highest_quartile,True
hypertension,,,,False,tract_persistence,chicago_community_area,all_eligible,17031010300,3,remains_below_highest_quartile,True
hypertension,,,,False,tract_persistence,chicago_community_area,all_eligible,17031010501,3,remains_below_highest_quartile,True
hypertension,,,,False,tract_persistence,chicago_community_area,all_eligible,17031010502,3,remains_below_highest_quartile,True
hypertension,,,,False,tract_persistence,chicago_community_area,all_eligible,17031010503,3,remains_below_highest_quartile,True
hypertension,,,,False,tract_persistence,chicago_community_area,all_eligible,17031010600,3,remains_below_highest_quartile,True
hypertension,,,,False,tract_persistence,chicago_community_area,all_eligible,17031010701,3,remains_below_highest_quartile,True
hypertension,,,,False,tract_persistence,chicago_community_area,all_eligible,17031010702,3,remains_below_highest_quartile,True
hypertension,,,,False,tract_persistence,chicago_community_area,all_eligible,17031020100,3,remains_below_highest_quartile,True
hypertension,,,,False,tract_persistence,chicago_community_area,all_eligible,17031020200,3,remains_below_highest_quartile,True
hypertension,,,,False,tract_persistence,chicago_community_area,all_eligible,17031020301,3,remains_below_highest_quartile,True
hypertension,,,,False,tract_persistence,chicago_community_area,all_eligible,17031020302,3,remains_below_highest_quartile,True
hypertension,,,,False,tract_persistence,chicago_community_area,all_eligible,17031020400,3,remains_below_highest_quartile,True
hypertension,,,,False,tract_persistence,chicago_community_area,all_eligible,17031020500,3,remains_below_highest_quartile,True
hypertension,,,,False,tract_persistence,chicago_community_area,all_eligible,17031020601,3,remains_below_highest_quartile,True
hypertension,,,,False,tract_persistence,chicago_community_area,all_eligible,17031020602,3,remains_below_highest_quartile,True
hypertension,,,,False,tract_persistence,chicago_community_area,all_eligible,17031020701,3,remains_below_highest_quartile,True
hypertension,,,,False,tract_persistence,chicago_community_area,all_eligible,17031020702,3,remains_below_highest_quartile,True
hypertension,,,,False,tract_persistence,chicago_community_area,all_eligible,17031020801,3,remains_below_highest_quartile,True
hypertension,,,,False,tract_persistence,chicago_community_area,all_eligible,17031020802,3,remains_below_highest_quartile,True
hypertension,,,,False,tract_persistence,chicago_community_area,all_eligible,17031020901,3,remains_below_highest_quartile,True
hypertension,,,,False,tract_persistence,chicago_community_area,all_eligible,17031020902,3,remains_below_highest_quartile,True
hypertension,,,,False,tract_persistence,chicago_community_area,all_eligible,17031030101,3,remains_below_highest_quartile,True
hypertension,,,,False,tract_persistence,chicago_community_area,all_eligible,17031030102,3,remains_below_highest_quartile,True
hypertension,,,,False,tract_persistence,chicago_community_area,all_eligible,17031030103,3,remains_below_highest_quartile,True
hypertension,,,,False,tract_persistence,chicago_community_area,all_eligible,17031030104,3,remains_below_highest_quartile,True
hypertension,,,,False,tract_persistence,chicago_community_area,all_eligible,17031030200,3,remains_below_highest_quartile,True
hypertension,,,,False,tract_persistence,chicago_community_area,all_eligible,17031030300,3,remains_below_highest_quartile,True
hypertension,,,,False,tract_persistence,chicago_community_area,all_eligible,17031030400,3,remains_below_highest_quartile,True
hypertension,,,,False,tract_persistence,chicago_community_area,all_eligible,17031030500,3,remains_below_highest_quartile,True
hypertension,,,,False,tract_persistence,chicago_community_area,all_eligible,17031030601,3,remains_below_highest_quartile,True
hypertension,,,,False,tract_persistence,chicago_community_area,all_eligible,17031030603,3,remains_below_highest_quartile,True
hypertension,,,,False,tract_persistence,chicago_community_area,all_eligible,17031030604,3,remains_below_highest_quartile,True
hypertension,,,,False,tract_persistence,chicago_community_area,all_eligible,17031030701,3,remains_below_highest_quartile,True
hypertension,,,,False,tract_persistence,chicago_community_area,all_eligible,17031030702,3,remains_below_highest_quartile,True
hypertension,,,,False,tract_persistence,chicago_community_area,all_eligible,17031030703,3,remains_below_highest_quartile,True
hypertension,,,,False,tract_persistence,chicago_community_area,all_eligible,17031030800,3,remains_below_highest_quartile,True
hypertension,,,,False,tract_persistence,chicago_community_area,all_eligible,17031030900,3,remains_below_highest_quartile,True
hypertension,,,,False,tract_persistence,chicago_community_area,all_eligible,17031031000,3,remains_below_highest_quartile,True
hypertension,,,,False,tract_persistence,chicago_community_area,all_eligible,17031031100,3,remains_below_highest_quartile,True
hypertension,,,,False,tract_persistence,chicago_community_area,all_eligible,17031031200,3,remains_below_highest_quartile,True
hypertension,,,,False,tract_persistence,chicago_community_area,all_eligible,17031031300,3,remains_below_highest_quartile,True
hypertension,,,,False,tract_persistence,chicago_community_area,all_eligible,17031031501,3,remains_below_highest_quartile,True
hypertension,,,,False,tract_persistence,chicago_community_area,all_eligible,17031031502,3,remains_below_highest_quartile,True
hypertension,,,,False,tract_persistence,chicago_community_area,all_eligible,17031031700,3,remains_below_highest_quartile,True
hypertension,,,,False,tract_persistence,chicago_community_area,all_eligible,17031031800,3,remains_below_highest_quartile,True
hypertension,,,,False,tract_persistence,chicago_community_area,all_eligible,17031031900,3,remains_below_highest_quartile,True
hypertension,,,,False,tract_persistence,chicago_community_area,all_eligible,17031032100,3,remains_below_highest_quartile,True
hypertension,,,,False,tract_persistence,chicago_community_area,all_eligible,17031040100,3,remains_below_highest_quartile,True
hypertension,,,,False,tract_persistence,chicago_community_area,all_eligible,17031040201,3,remains_below_highest_quartile,True
hypertension,,,,False,tract_persistence,chicago_community_area,all_eligible,17031040202,3,remains_below_highest_quartile,True
hypertension,,,,False,tract_persistence,chicago_community_area,all_eligible,17031040401,3,remains_below_highest_quartile,True
hypertension,,,,False,tract_persistence,chicago_community_area,all_eligible,17031040402,3,remains_below_highest_quartile,True
hypertension,,,,False,tract_persistence,chicago_community_area,all_eligible,17031040600,3,remains_below_highest_quartile,True
hypertension,,,,False,tract_persistence,chicago_community_area,all_eligible,17031040800,3,remains_below_highest_quartile,True
hypertension,,,,False,tract_persistence,chicago_community_area,all_eligible,17031040900,3,remains_below_highest_quartile,True
hypertension,,,,False,tract_persistence,chicago_community_area,all_eligible,17031050100,3,remains_below_highest_quartile,True
hypertension,,,,False,tract_persistence,chicago_community_area,all_eligible,17031050200,3,remains_below_highest_quartile,True
hypertension,,,,False,tract_persistence,chicago_community_area,all_eligible,17031050300,3,remains_below_highest_quartile,True
hypertension,,,,False,tract_persistence,chicago_community_area,all_eligible,17031050500,3,remains_below_highest_quartile,True
hypertension,,,,False,tract_persistence,chicago_community_area,all_eligible,17031050600,3,remains_below_highest_quartile,True
hypertension,,,,False,tract_persistence,chicago_community_area,all_eligible,17031050700,3,remains_below_highest_quartile,True
hypertension,,,,False,tract_persistence,chicago_community_area,all_eligible,17031050800,3,remains_below_highest_quartile,True
hypertension,,,,False,tract_persistence,chicago_community_area,all_eligible,17031050900,3,remains_below_highest_quartile,True
hypertension,,,,False,tract_persistence,chicago_community_area,all_eligible,17031051000,3,remains_below_highest_quartile,True
hypertension,,,,False,tract_persistence,chicago_community_area,all_eligible,17031051100,3,remains_below_highest_quartile,True
hypertension,,,,False,tract_persistence,chicago_community_area,all_eligible,17031051200,3,remains_below_highest_quartile,True
hypertension,,,,False,tract_persistence,chicago_community_area,all_eligible,17031051300,3,remains_below_highest_quartile,True
hypertension,,,,False,tract_persistence,chicago_community_area,all_eligible,17031051400,3,remains_below_highest_quartile,True
hypertension,,,,False,tract_persistence,chicago_community_area,all_eligible,17031060100,3,remains_below_highest_quartile,True
hypertension,,,,False,tract_persistence,chicago_community_area,all_eligible,17031060200,3,remains_below_highest_quartile,True
hypertension,,,,False,tract_persistence,chicago_community_area,all_eligible,17031060300,3,remains_below_highest_quartile,True
hypertension,,,,False,tract_persistence,chicago_community_area,all_eligible,17031060400,3,remains_below_highest_quartile,True
hypertension,,,,False,tract_persistence,chicago_community_area,all_eligible,17031060500,3,remains_below_highest_quartile,True
hypertension,,,,False,tract_persistence,chicago_community_area,all_eligible,17031060800,3,remains_below_highest_quartile,True
hypertension,,,,False,tract_persistence,chicago_community_area,all_eligible,17031060900,3,remains_below_highest_quartile,True
hypertension,,,,False,tract_persistence,chicago_community_area,all_eligible,17031061000,3,remains_below_highest_quartile,True
hypertension,,,,False,tract_persistence,chicago_community_area,all_eligible,17031061100,3,remains_below_highest_quartile,True
hypertension,,,,False,tract_persistence,chicago_community_area,all_eligible,17031061200,3,remains_below_highest_quartile,True
hypertension,,,,False,tract_persistence,chicago_community_area,all_eligible,17031061500,3,remains_below_highest_quartile,True
hypertension,,,,False,tract_persistence,chicago_community_area,all_eligible,17031061800,3,remains_below_highest_quartile,True
hypertension,,,,False,tract_persistence,chicago_community_area,all_eligible,17031061901,3,remains_below_highest_quartile,True
hypertension,,,,False,tract_persistence,chicago_community_area,all_eligible,17031061902,3,remains_below_highest_quartile,True
hypertension,,,,False,tract_persistence,chicago_community_area,all_eligible,17031062000,3,remains_below_highest_quartile,True
hypertension,,,,False,tract_persistence,chicago_community_area,all_eligible,17031062100,3,remains_below_highest_quartile,True
hypertension,,,,False,tract_persistence,chicago_community_area,all_eligible,17031062200,3,remains_below_highest_quartile,True
hypertension,,,,False,tract_persistence,chicago_community_area,all_eligible,17031062300,3,remains_below_highest_quartile,True
hypertension,,,,False,tract_persistence,chicago_community_area,all_eligible,17031062400,3,remains_below_highest_quartile,True
hypertension,,,,False,tract_persistence,chicago_community_area,all_eligible,17031062500,3,remains_below_highest_quartile,True
hypertension,,,,False,tract_persistence,chicago_community_area,all_eligible,17031062600,3,remains_below_highest_quartile,True
hypertension,,,,False,tract_persistence,chicago_community_area,all_eligible,17031062700,3,remains_below_highest_quartile,True
hypertension,,,,False,tract_persistence,chicago_community_area,all_eligible,17031062800,3,remains_below_highest_quartile,True
hypertension,,,,False,tract_persistence,chicago_community_area,all_eligible,17031062900,3,remains_below_highest_quartile,True
hypertension,,,,False,tract_persistence,chicago_community_area,all_eligible,17031063000,3,remains_below_highest_quartile,True
hypertension,,,,False,tract_persistence,chicago_community_area,all_eligible,17031063100,3,remains_below_highest_quartile,True
hypertension,,,,False,tract_persistence,chicago_community_area,all_eligible,17031063200,3,remains_below_highest_quartile,True
hypertension,,,,False,tract_persistence,chicago_community_area,all_eligible,17031063301,3,remains_below_highest_quartile,True
hypertension,,,,False,tract_persistence,chicago_community_area,all_eligible,17031063302,3,remains_below_highest_quartile,True
hypertension,,,,False,tract_persistence,chicago_community_area,all_eligible,17031063303,3,remains_below_highest_quartile,True
hypertension,,,,False,tract_persistence,chicago_community_area,all_eligible,17031063400,3,remains_below_highest_quartile,True
hypertension,,,,False,tract_persistence,chicago_community_area,all_eligible,17031070101,3,remains_below_highest_quartile,True
hypertension,,,,False,tract_persistence,chicago_community_area,all_eligible,17031070102,3,remains_below_highest_quartile,True
hypertension,,,,False,tract_persistence,chicago_community_area,all_eligible,17031070103,3,remains_below_highest_quartile,True
hypertension,,,,False,tract_persistence,chicago_community_area,all_eligible,17031070200,3,remains_below_highest_quartile,True
hypertension,,,,False,tract_persistence,chicago_community_area,all_eligible,17031070300,3,remains_below_highest_quartile,True
hypertension,,,,False,tract_persistence,chicago_community_area,all_eligible,17031070400,3,remains_below_highest_quartile,True
hypertension,,,,False,tract_persistence,chicago_community_area,all_eligible,17031070500,3,remains_below_highest_quartile,True
hypertension,,,,False,tract_persistence,chicago_community_area,all_eligible,17031070600,3,remains_below_highest_quartile,True
hypertension,,,,False,tract_persistence,chicago_community_area,all_eligible,17031070700,3,remains_below_highest_quartile,True
hypertension,,,,False,tract_persistence,chicago_community_area,all_eligible,17031071000,3,remains_below_highest_quartile,True
hypertension,,,,False,tract_persistence,chicago_community_area,all_eligible,17031071100,3,remains_below_highest_quartile,True
hypertension,,,,False,tract_persistence,chicago_community_area,all_eligible,17031071200,3,remains_below_highest_quartile,True
hypertension,,,,False,tract_persistence,chicago_community_area,all_eligible,17031071300,3,remains_below_highest_quartile,True
hypertension,,,,False,tract_persistence,chicago_community_area,all_eligible,17031071400,3,remains_below_highest_quartile,True
hypertension,,,,False,tract_persistence,chicago_community_area,all_eligible,17031071500,3,remains_below_highest_quartile,True
hypertension,,,,False,tract_persistence,chicago_community_area,all_eligible,17031071600,3,remains_below_highest_quartile,True
hypertension,,,,False,tract_persistence,chicago_community_area,all_eligible,17031071700,3,remains_below_highest_quartile,True
hypertension,,,,False,tract_persistence,chicago_community_area,all_eligible,17031071800,3,remains_below_highest_quartile,True
hypertension,,,,False,tract_persistence,chicago_community_area,all_eligible,17031080100,3,remains_below_highest_quartile,True
hypertension,,,,False,tract_persistence,chicago_community_area,all_eligible,17031080201,3,remains_below_highest_quartile,True
hypertension,,,,False,tract_persistence,chicago_community_area,all_eligible,17031080202,3,remains_below_highest_quartile,True
hypertension,,,,False,tract_persistence,chicago_community_area,all_eligible,17031080300,3,remains_below_highest_quartile,True
hypertension,,,,False,tract_persistence,chicago_community_area,all_eligible,17031080400,3,remains_below_highest_quartile,True
hypertension,,,,False,tract_persistence,chicago_community_area,all_eligible,17031081000,3,remains_below_highest_quartile,True
hypertension,,,,False,tract_persistence,chicago_community_area,all_eligible,17031081100,3,remains_below_highest_quartile,True
hypertension,,,,False,tract_persistence,chicago_community_area,all_eligible,17031081201,3,remains_below_highest_quartile,True
hypertension,,,,False,tract_persistence,chicago_community_area,all_eligible,17031081300,3,remains_below_highest_quartile,True
hypertension,,,,False,tract_persistence,chicago_community_area,all_eligible,17031081401,3,remains_below_highest_quartile,True
hypertension,,,,False,tract_persistence,chicago_community_area,all_eligible,17031081402,3,remains_below_highest_quartile,True
hypertension,,,,False,tract_persistence,chicago_community_area,all_eligible,17031081500,3,remains_below_highest_quartile,True
hypertension,,,,False,tract_persistence,chicago_community_area,all_eligible,17031081600,3,remains_below_highest_quartile,True
hypertension,,,,False,tract_persistence,chicago_community_area,all_eligible,17031081700,3,remains_below_highest_quartile,True
hypertension,,,,False,tract_persistence,chicago_community_area,all_eligible,17031081800,3,remains_below_highest_quartile,True
hypertension,,,,False,tract_persistence,chicago_community_area,all_eligible,17031081900,3,remains_below_highest_quartile,True
hypertension,,,,False,tract_persistence,chicago_community_area,all_eligible,17031090100,3,remains_below_highest_quartile,True
hypertension,,,,False,tract_persistence,chicago_community_area,all_eligible,17031090200,3,remains_below_highest_quartile,True
hypertension,,,,False,tract_persistence,chicago_community_area,all_eligible,17031090300,3,remains_below_highest_quartile,True
hypertension,,,,False,tract_persistence,chicago_community_area,all_eligible,17031100100,3,remains_below_highest_quartile,True
hypertension,,,,False,tract_persistence,chicago_community_area,all_eligible,17031100200,3,remains_below_highest_quartile,True
hypertension,,,,False,tract_persistence,chicago_community_area,all_eligible,17031100300,3,remains_below_highest_quartile,True
hypertension,,,,False,tract_persistence,chicago_community_area,all_eligible,17031100400,3,remains_below_highest_quartile,True
hypertension,,,,False,tract_persistence,chicago_community_area,all_eligible,17031100500,3,remains_below_highest_quartile,True
hypertension,,,,False,tract_persistence,chicago_community_area,all_eligible,17031100600,3,remains_below_highest_quartile,True
hypertension,,,,False,tract_persistence,chicago_community_area,all_eligible,17031100700,3,remains_below_highest_quartile,True
hypertension,,,,False,tract_persistence,chicago_community_area,all_eligible,17031110100,3,remains_below_highest_quartile,True
hypertension,,,,False,tract_persistence,chicago_community_area,all_eligible,17031110200,3,remains_below_highest_quartile,True
hypertension,,,,False,tract_persistence,chicago_community_area,all_eligible,17031110300,3,remains_below_highest_quartile,True
hypertension,,,,False,tract_persistence,chicago_community_area,all_eligible,17031110400,3,remains_below_highest_quartile,True
hypertension,,,,False,tract_persistence,chicago_community_area,all_eligible,17031110501,3,remains_below_highest_quartile,True
hypertension,,,,False,tract_persistence,chicago_community_area,all_eligible,17031110502,3,remains_below_highest_quartile,True
hypertension,,,,False,tract_persistence,chicago_community_area,all_eligible,17031120100,3,remains_below_highest_quartile,True
hypertension,,,,False,tract_persistence,chicago_community_area,all_eligible,17031120200,3,remains_below_highest_quartile,True
hypertension,,,,False,tract_persistence,chicago_community_area,all_eligible,17031120300,3,remains_below_highest_quartile,True
hypertension,,,,False,tract_persistence,chicago_community_area,all_eligible,17031120400,3,remains_below_highest_quartile,True
hypertension,,,,False,tract_persistence,chicago_community_area,all_eligible,17031130100,3,remains_below_highest_quartile,True
hypertension,,,,False,tract_persistence,chicago_community_area,all_eligible,17031130200,3,remains_below_highest_quartile,True
hypertension,,,,False,tract_persistence,chicago_community_area,all_eligible,17031130300,3,remains_below_highest_quartile,True
hypertension,,,,False,tract_persistence,chicago_community_area,all_eligible,17031140100,3,remains_below_highest_quartile,True
hypertension,,,,False,tract_persistence,chicago_community_area,all_eligible,17031140200,3,remains_below_highest_quartile,True
hypertension,,,,False,tract_persistence,chicago_community_area,all_eligible,17031140301,3,remains_below_highest_quartile,True
hypertension,,,,False,tract_persistence,chicago_community_area,all_eligible,17031140302,3,remains_below_highest_quartile,True
hypertension,,,,False,tract_persistence,chicago_community_area,all_eligible,17031140400,3,remains_below_highest_quartile,True
hypertension,,,,False,tract_persistence,chicago_community_area,all_eligible,17031140500,3,remains_below_highest_quartile,True
hypertension,,,,False,tract_persistence,chicago_community_area,all_eligible,17031140601,3,remains_below_highest_quartile,True
hypertension,,,,False,tract_persistence,chicago_community_area,all_eligible,17031140602,3,remains_below_highest_quartile,True
hypertension,,,,False,tract_persistence,chicago_community_area,all_eligible,17031140701,3,remains_below_highest_quartile,True
hypertension,,,,False,tract_persistence,chicago_community_area,all_eligible,17031140702,3,remains_below_highest_quartile,True
hypertension,,,,False,tract_persistence,chicago_community_area,all_eligible,17031140800,3,remains_below_highest_quartile,True
hypertension,,,,False,tract_persistence,chicago_community_area,all_eligible,17031150200,3,remains_below_highest_quartile,True
hypertension,,,,False,tract_persistence,chicago_community_area,all_eligible,17031150300,3,remains_below_highest_quartile,True
hypertension,,,,False,tract_persistence,chicago_community_area,all_eligible,17031150401,3,remains_below_highest_quartile,True
hypertension,,,,False,tract_persistence,chicago_community_area,all_eligible,17031150402,3,remains_below_highest_quartile,True
hypertension,,,,False,tract_persistence,chicago_community_area,all_eligible,17031150501,3,remains_below_highest_quartile,True
hypertension,,,,False,tract_persistence,chicago_community_area,all_eligible,17031150502,3,remains_below_highest_quartile,True
hypertension,,,,False,tract_persistence,chicago_community_area,all_eligible,17031150600,3,remains_below_highest_quartile,True
hypertension,,,,False,tract_persistence,chicago_community_area,all_eligible,17031150700,3,remains_below_highest_quartile,True
hypertension,,,,False,tract_persistence,chicago_community_area,all_eligible,17031150800,3,remains_below_highest_quartile,True
hypertension,,,,False,tract_persistence,chicago_community_area,all_eligible,17031151001,3,remains_below_highest_quartile,True
hypertension,,,,False,tract_persistence,chicago_community_area,all_eligible,17031151002,3,remains_below_highest_quartile,True
hypertension,,,,False,tract_persistence,chicago_community_area,all_eligible,17031151100,3,remains_below_highest_quartile,True
hypertension,,,,False,tract_persistence,chicago_community_area,all_eligible,17031151200,3,remains_below_highest_quartile,True
hypertension,,,,False,tract_persistence,chicago_community_area,all_eligible,17031160100,3,remains_below_highest_quartile,True
hypertension,,,,False,tract_persistence,chicago_community_area,all_eligible,17031160200,3,remains_below_highest_quartile,True
hypertension,,,,False,tract_persistence,chicago_community_area,all_eligible,17031160300,3,remains_below_highest_quartile,True
hypertension,,,,False,tract_persistence,chicago_community_area,all_eligible,17031160400,3,remains_below_highest_quartile,True
hypertension,,,,False,tract_persistence,chicago_community_area,all_eligible,17031160501,3,remains_below_highest_quartile,True
hypertension,,,,False,tract_persistence,chicago_community_area,all_eligible,17031160502,3,remains_below_highest_quartile,True
hypertension,,,,False,tract_persistence,chicago_community_area,all_eligible,17031160601,3,remains_below_highest_quartile,True
hypertension,,,,False,tract_persistence,chicago_community_area,all_eligible,17031160602,3,remains_below_highest_quartile,True
hypertension,,,,False,tract_persistence,chicago_community_area,all_eligible,17031160700,3,remains_below_highest_quartile,True
hypertension,,,,False,tract_persistence,chicago_community_area,all_eligible,17031160800,3,remains_below_highest_quartile,True
hypertension,,,,False,tract_persistence,chicago_community_area,all_eligible,17031160900,3,remains_below_highest_quartile,True
hypertension,,,,False,tract_persistence,chicago_community_area,all_eligible,17031161000,3,remains_below_highest_quartile,True
hypertension,,,,False,tract_persistence,chicago_community_area,all_eligible,17031161100,3,remains_below_highest_quartile,True
hypertension,,,,False,tract_persistence,chicago_community_area,all_eligible,17031161200,3,remains_below_highest_quartile,True
hypertension,,,,False,tract_persistence,chicago_community_area,all_eligible,17031161300,3,remains_below_highest_quartile,True
hypertension,,,,False,tract_persistence,chicago_community_area,all_eligible,17031170100,3,remains_below_highest_quartile,True
hypertension,,,,False,tract_persistence,chicago_community_area,all_eligible,17031170200,3,remains_below_highest_quartile,True
hypertension,,,,False,tract_persistence,chicago_community_area,all_eligible,17031170300,3,remains_below_highest_quartile,True
hypertension,,,,False,tract_persistence,chicago_community_area,all_eligible,17031170400,3,remains_below_highest_quartile,True
hypertension,,,,False,tract_persistence,chicago_community_area,all_eligible,17031170500,3,remains_below_highest_quartile,True
hypertension,,,,False,tract_persistence,chicago_community_area,all_eligible,17031170600,3,remains_below_highest_quartile,True
hypertension,,,,False,tract_persistence,chicago_community_area,all_eligible,17031170700,3,remains_below_highest_quartile,True
hypertension,,,,False,tract_persistence,chicago_community_area,all_eligible,17031170800,3,remains_below_highest_quartile,True
hypertension,,,,False,tract_persistence,chicago_community_area,all_eligible,17031170900,3,remains_below_highest_quartile,True
hypertension,,,,False,tract_persistence,chicago_community_area,all_eligible,17031171000,3,remains_below_highest_quartile,True
hypertension,,,,False,tract_persistence,chicago_community_area,all_eligible,17031171100,3,remains_below_highest_quartile,True
hypertension,,,,False,tract_persistence,chicago_community_area,all_eligible,17031180100,3,remains_below_highest_quartile,True
hypertension,,,,False,tract_persistence,chicago_community_area,all_eligible,17031190100,3,remains_below_highest_quartile,True
hypertension,,,,False,tract_persistence,chicago_community_area,all_eligible,17031190200,3,remains_below_highest_quartile,True
hypertension,,,,False,tract_persistence,chicago_community_area,all_eligible,17031190300,3,remains_below_highest_quartile,True
hypertension,,,,False,tract_persistence,chicago_community_area,all_eligible,17031190401,3,remains_below_highest_quartile,True
hypertension,,,,False,tract_persistence,chicago_community_area,all_eligible,17031190402,3,remains_below_highest_quartile,True
hypertension,,,,False,tract_persistence,chicago_community_area,all_eligible,17031190601,3,remains_below_highest_quartile,True
hypertension,,,,False,tract_persistence,chicago_community_area,all_eligible,17031190602,3,remains_below_highest_quartile,True
hypertension,,,,False,tract_persistence,chicago_community_area,all_eligible,17031190701,3,remains_below_highest_quartile,True
hypertension,,,,False,tract_persistence,chicago_community_area,all_eligible,17031190702,3,remains_below_highest_quartile,True
hypertension,,,,False,tract_persistence,chicago_community_area,all_eligible,17031190800,3,remains_below_highest_quartile,True
hypertension,,,,False,tract_persistence,chicago_community_area,all_eligible,17031190900,3,remains_below_highest_quartile,True
hypertension,,,,False,tract_persistence,chicago_community_area,all_eligible,17031191000,3,remains_below_highest_quartile,True
hypertension,,,,False,tract_persistence,chicago_community_area,all_eligible,17031191100,3,remains_below_highest_quartile,True
hypertension,,,,False,tract_persistence,chicago_community_area,all_eligible,17031191200,3,remains_below_highest_quartile,True
hypertension,,,,False,tract_persistence,chicago_community_area,all_eligible,17031191301,3,remains_below_highest_quartile,True
hypertension,,,,False,tract_persistence,chicago_community_area,all_eligible,17031200100,3,remains_below_highest_quartile,True
hypertension,,,,False,tract_persistence,chicago_community_area,all_eligible,17031200200,3,remains_below_highest_quartile,True
hypertension,,,,False,tract_persistence,chicago_community_area,all_eligible,17031200300,3,remains_below_highest_quartile,True
hypertension,,,,False,tract_persistence,chicago_community_area,all_eligible,17031200401,3,remains_below_highest_quartile,True
hypertension,,,,False,tract_persistence,chicago_community_area,all_eligible,17031200402,3,remains_below_highest_quartile,True
hypertension,,,,False,tract_persistence,chicago_community_area,all_eligible,17031210100,3,remains_below_highest_quartile,True
hypertension,,,,False,tract_persistence,chicago_community_area,all_eligible,17031210400,3,remains_below_highest_quartile,True
hypertension,,,,False,tract_persistence,chicago_community_area,all_eligible,17031210501,3,remains_below_highest_quartile,True
hypertension,,,,False,tract_persistence,chicago_community_area,all_eligible,17031210502,3,remains_below_highest_quartile,True
hypertension,,,,False,tract_persistence,chicago_community_area,all_eligible,17031210601,3,remains_below_highest_quartile,True
hypertension,,,,False,tract_persistence,chicago_community_area,all_eligible,17031210602,3,remains_below_highest_quartile,True
hypertension,,,,False,tract_persistence,chicago_community_area,all_eligible,17031210700,3,remains_below_highest_quartile,True
hypertension,,,,False,tract_persistence,chicago_community_area,all_eligible,17031210800,3,remains_below_highest_quartile,True
hypertension,,,,False,tract_persistence,chicago_community_area,all_eligible,17031210900,3,remains_below_highest_quartile,True
hypertension,,,,False,tract_persistence,chicago_community_area,all_eligible,17031220300,3,remains_below_highest_quartile,True
hypertension,,,,False,tract_persistence,chicago_community_area,all_eligible,17031220400,3,remains_below_highest_quartile,True
hypertension,,,,False,tract_persistence,chicago_community_area,all_eligible,17031220500,3,remains_below_highest_quartile,True
hypertension,,,,False,tract_persistence,chicago_community_area,all_eligible,17031220601,3,remains_below_highest_quartile,True
hypertension,,,,False,tract_persistence,chicago_community_area,all_eligible,17031220602,3,remains_below_highest_quartile,True
hypertension,,,,False,tract_persistence,chicago_community_area,all_eligible,17031220701,3,remains_below_highest_quartile,True
hypertension,,,,False,tract_persistence,chicago_community_area,all_eligible,17031220702,3,remains_below_highest_quartile,True
hypertension,,,,False,tract_persistence,chicago_community_area,all_eligible,17031220901,3,remains_below_highest_quartile,True
hypertension,,,,False,tract_persistence,chicago_community_area,all_eligible,17031220902,3,remains_below_highest_quartile,True
hypertension,,,,False,tract_persistence,chicago_community_area,all_eligible,17031221000,3,remains_below_highest_quartile,True
hypertension,,,,False,tract_persistence,chicago_community_area,all_eligible,17031221100,3,remains_below_highest_quartile,True
hypertension,,,,False,tract_persistence,chicago_community_area,all_eligible,17031221200,3,remains_below_highest_quartile,True
hypertension,,,,False,tract_persistence,chicago_community_area,all_eligible,17031221300,3,remains_below_highest_quartile,True
hypertension,,,,False,tract_persistence,chicago_community_area,all_eligible,17031221400,3,remains_below_highest_quartile,True
hypertension,,,,False,tract_persistence,chicago_community_area,all_eligible,17031221500,3,remains_below_highest_quartile,True
hypertension,,,,False,tract_persistence,chicago_community_area,all_eligible,17031221600,3,remains_below_highest_quartile,True
hypertension,,,,False,tract_persistence,chicago_community_area,all_eligible,17031222200,3,remains_below_highest_quartile,True
hypertension,,,,False,tract_persistence,chicago_community_area,all_eligible,17031222600,3,remains_below_highest_quartile,True
hypertension,,,,False,tract_persistence,chicago_community_area,all_eligible,17031222700,3,remains_below_highest_quartile,True
hypertension,,,,False,tract_persistence,chicago_community_area,all_eligible,17031222800,3,remains_below_highest_quartile,True
hypertension,,,,False,tract_persistence,chicago_community_area,all_eligible,17031222900,3,remains_below_highest_quartile,True
hypertension,,,,False,tract_persistence,chicago_community_area,all_eligible,17031230200,3,remains_below_highest_quartile,True
hypertension,,,,False,tract_persistence,chicago_community_area,all_eligible,17031230300,3,remains_below_highest_quartile,True
hypertension,,,,False,tract_persistence,chicago_community_area,all_eligible,17031230700,3,remains_below_highest_quartile,True
hypertension,,,,False,tract_persistence,chicago_community_area,all_eligible,17031230800,3,remains_below_highest_quartile,True
hypertension,,,,False,tract_persistence,chicago_community_area,all_eligible,17031230900,3,remains_below_highest_quartile,True
hypertension,,,,False,tract_persistence,chicago_community_area,all_eligible,17031231100,3,remains_below_highest_quartile,True
hypertension,,,,False,tract_persistence,chicago_community_area,all_eligible,17031231200,3,remains_below_highest_quartile,True
hypertension,,,,False,tract_persistence,chicago_community_area,all_eligible,17031231500,3,remains_below_highest_quartile,True
hypertension,,,,False,tract_persistence,chicago_community_area,all_eligible,17031240200,3,remains_below_highest_quartile,True
hypertension,,,,False,tract_persistence,chicago_community_area,all_eligible,17031240300,3,remains_below_highest_quartile,True
hypertension,,,,False,tract_persistence,chicago_community_area,all_eligible,17031240500,3,remains_below_highest_quartile,True
hypertension,,,,False,tract_persistence,chicago_community_area,all_eligible,17031240600,3,remains_below_highest_quartile,True
hypertension,,,,False,tract_persistence,chicago_community_area,all_eligible,17031240700,3,remains_below_highest_quartile,True
hypertension,,,,False,tract_persistence,chicago_community_area,all_eligible,17031240800,3,remains_below_highest_quartile,True
hypertension,,,,False,tract_persistence,chicago_community_area,all_eligible,17031240900,3,remains_below_highest_quartile,True
hypertension,,,,False,tract_persistence,chicago_community_area,all_eligible,17031241000,3,remains_below_highest_quartile,True
hypertension,,,,False,tract_persistence,chicago_community_area,all_eligible,17031241100,3,remains_below_highest_quartile,True
hypertension,,,,False,tract_persistence,chicago_community_area,all_eligible,17031241200,3,remains_below_highest_quartile,True
hypertension,,,,False,tract_persistence,chicago_community_area,all_eligible,17031241300,3,remains_below_highest_quartile,True
hypertension,,,,False,tract_persistence,chicago_community_area,all_eligible,17031241400,3,remains_below_highest_quartile,True
hypertension,,,,False,tract_persistence,chicago_community_area,all_eligible,17031241500,3,remains_below_highest_quartile,True
hypertension,,,,False,tract_persistence,chicago_community_area,all_eligible,17031241600,3,remains_below_highest_quartile,True
hypertension,,,,False,tract_persistence,chicago_community_area,all_eligible,17031242000,3,remains_below_highest_quartile,True
hypertension,,,,False,tract_persistence,chicago_community_area,all_eligible,17031242100,3,remains_below_highest_quartile,True
hypertension,,,,False,tract_persistence,chicago_community_area,all_eligible,17031242200,3,remains_below_highest_quartile,True
hypertension,,,,False,tract_persistence,chicago_community_area,all_eligible,17031242300,3,remains_below_highest_quartile,True
hypertension,,,,False,tract_persistence,chicago_community_area,all_eligible,17031242400,3,remains_below_highest_quartile,True
hypertension,,,,False,tract_persistence,chicago_community_area,all_eligible,17031242500,3,remains_below_highest_quartile,True
hypertension,,,,False,tract_persistence,chicago_community_area,all_eligible,17031242600,3,remains_below_highest_quartile,True
hypertension,,,,False,tract_persistence,chicago_community_area,all_eligible,17031242700,3,remains_below_highest_quartile,True
hypertension,,,,False,tract_persistence,chicago_community_area,all_eligible,17031242800,3,remains_below_highest_quartile,True
hypertension,,,,False,tract_persistence,chicago_community_area,all_eligible,17031242900,3,remains_below_highest_quartile,True
hypertension,,,,False,tract_persistence,chicago_community_area,all_eligible,17031243000,3,remains_below_highest_quartile,True
hypertension,,,,False,tract_persistence,chicago_community_area,all_eligible,17031243100,3,remains_below_highest_quartile,True
hypertension,,,,False,tract_persistence,chicago_community_area,all_eligible,17031243200,3,remains_below_highest_quartile,True
hypertension,,,,False,tract_persistence,chicago_community_area,all_eligible,17031243300,3,remains_below_highest_quartile,True
hypertension,,,,False,tract_persistence,chicago_community_area,all_eligible,17031243400,3,remains_below_highest_quartile,True
hypertension,,,,False,tract_persistence,chicago_community_area,all_eligible,17031243500,3,remains_below_highest_quartile,True
hypertension,,,,False,tract_persistence,chicago_community_area,all_eligible,17031250300,3,remains_high,True
hypertension,,,,False,tract_persistence,chicago_community_area,all_eligible,17031250400,3,remains_high,True
hypertension,,,,False,tract_persistence,chicago_community_area,all_eligible,17031250500,3,remains_high,True
hypertension,,,,False,tract_persistence,chicago_community_area,all_eligible,17031250600,3,remains_high,True
hypertension,,,,False,tract_persistence,chicago_community_area,all_eligible,17031250700,3,remains_high,True
hypertension,,,,False,tract_persistence,chicago_community_area,all_eligible,17031250800,3,remains_high,True
hypertension,,,,False,tract_persistence,chicago_community_area,all_eligible,17031251000,3,remains_high,True
hypertension,,,,False,tract_persistence,chicago_community_area,all_eligible,17031251100,3,remains_high,True
hypertension,,,,False,tract_persistence,chicago_community_area,all_eligible,17031251200,3,remains_high,True
hypertension,,,,False,tract_persistence,chicago_community_area,all_eligible,17031251300,3,remains_high,True
hypertension,,,,False,tract_persistence,chicago_community_area,all_eligible,17031251400,3,remains_high,True
hypertension,,,,False,tract_persistence,chicago_community_area,all_eligible,17031251500,3,remains_high,True
hypertension,,,,False,tract_persistence,chicago_community_area,all_eligible,17031251600,3,remains_high,True
hypertension,,,,False,tract_persistence,chicago_community_area,all_eligible,17031251700,3,remains_high,True
hypertension,,,,False,tract_persistence,chicago_community_area,all_eligible,17031251800,3,remains_high,True
hypertension,,,,False,tract_persistence,chicago_community_area,all_eligible,17031251900,3,remains_high,True
hypertension,,,,False,tract_persistence,chicago_community_area,all_eligible,17031252000,3,remains_high,True
hypertension,,,,False,tract_persistence,chicago_community_area,all_eligible,17031252101,3,remains_high,True
hypertension,,,,False,tract_persistence,chicago_community_area,all_eligible,17031252102,3,remains_high,True
hypertension,,,,False,tract_persistence,chicago_community_area,all_eligible,17031252201,3,remains_high,True
hypertension,,,,False,tract_persistence,chicago_community_area,all_eligible,17031252202,3,remains_high,True
hypertension,,,,False,tract_persistence,chicago_community_area,all_eligible,17031260100,3,remains_high,True
hypertension,,,,False,tract_persistence,chicago_community_area,all_eligible,17031260200,3,moves_into_highest_quartile,True
hypertension,,,,False,tract_persistence,chicago_community_area,all_eligible,17031260300,3,remains_high,True
hypertension,,,,False,tract_persistence,chicago_community_area,all_eligible,17031260400,3,remains_high,True
hypertension,,,,False,tract_persistence,chicago_community_area,all_eligible,17031260500,3,remains_high,True
hypertension,,,,False,tract_persistence,chicago_community_area,all_eligible,17031260600,3,moves_into_highest_quartile,True
hypertension,,,,False,tract_persistence,chicago_community_area,all_eligible,17031260700,3,remains_high,True
hypertension,,,,False,tract_persistence,chicago_community_area,all_eligible,17031260800,3,remains_high,True
hypertension,,,,False,tract_persistence,chicago_community_area,all_eligible,17031260900,3,remains_high,True
hypertension,,,,False,tract_persistence,chicago_community_area,all_eligible,17031261000,3,remains_high,True
hypertension,,,,False,tract_persistence,chicago_community_area,all_eligible,17031270500,3,remains_high,True
hypertension,,,,False,tract_persistence,chicago_community_area,all_eligible,17031271200,3,remains_high,True
hypertension,,,,False,tract_persistence,chicago_community_area,all_eligible,17031271300,3,remains_high,True
hypertension,,,,False,tract_persistence,chicago_community_area,all_eligible,17031271400,3,remains_high,True
hypertension,,,,False,tract_persistence,chicago_community_area,all_eligible,17031271500,3,remains_high,True
hypertension,,,,False,tract_persistence,chicago_community_area,all_eligible,17031271800,3,moves_into_highest_quartile,True
hypertension,,,,False,tract_persistence,chicago_community_area,all_eligible,17031280400,3,moves_out_of_highest_quartile,True
hypertension,,,,False,tract_persistence,chicago_community_area,all_eligible,17031280800,3,moves_out_of_highest_quartile,True
hypertension,,,,False,tract_persistence,chicago_community_area,all_eligible,17031280900,3,remains_below_highest_quartile,True
hypertension,,,,False,tract_persistence,chicago_community_area,all_eligible,17031281900,3,remains_below_highest_quartile,True
hypertension,,,,False,tract_persistence,chicago_community_area,all_eligible,17031282700,3,remains_below_highest_quartile,True
hypertension,,,,False,tract_persistence,chicago_community_area,all_eligible,17031282800,3,remains_below_highest_quartile,True
hypertension,,,,False,tract_persistence,chicago_community_area,all_eligible,17031283100,3,remains_below_highest_quartile,True
hypertension,,,,False,tract_persistence,chicago_community_area,all_eligible,17031283200,3,remains_below_highest_quartile,True
hypertension,,,,False,tract_persistence,chicago_community_area,all_eligible,17031283800,3,remains_below_highest_quartile,True
hypertension,,,,False,tract_persistence,chicago_community_area,all_eligible,17031290900,3,remains_below_highest_quartile,True
hypertension,,,,False,tract_persistence,chicago_community_area,all_eligible,17031291200,3,moves_out_of_highest_quartile,True
hypertension,,,,False,tract_persistence,chicago_community_area,all_eligible,17031292200,3,remains_below_highest_quartile,True
hypertension,,,,False,tract_persistence,chicago_community_area,all_eligible,17031292400,3,moves_out_of_highest_quartile,True
hypertension,,,,False,tract_persistence,chicago_community_area,all_eligible,17031292500,3,moves_out_of_highest_quartile,True
hypertension,,,,False,tract_persistence,chicago_community_area,all_eligible,17031300500,3,remains_below_highest_quartile,True
hypertension,,,,False,tract_persistence,chicago_community_area,all_eligible,17031300600,3,remains_below_highest_quartile,True
hypertension,,,,False,tract_persistence,chicago_community_area,all_eligible,17031300700,3,remains_below_highest_quartile,True
hypertension,,,,False,tract_persistence,chicago_community_area,all_eligible,17031300800,3,remains_below_highest_quartile,True
hypertension,,,,False,tract_persistence,chicago_community_area,all_eligible,17031300900,3,remains_below_highest_quartile,True
hypertension,,,,False,tract_persistence,chicago_community_area,all_eligible,17031301100,3,remains_below_highest_quartile,True
hypertension,,,,False,tract_persistence,chicago_community_area,all_eligible,17031301200,3,remains_below_highest_quartile,True
hypertension,,,,False,tract_persistence,chicago_community_area,all_eligible,17031301600,3,remains_below_highest_quartile,True
hypertension,,,,False,tract_persistence,chicago_community_area,all_eligible,17031301701,3,remains_below_highest_quartile,True
hypertension,,,,False,tract_persistence,chicago_community_area,all_eligible,17031301702,3,remains_below_highest_quartile,True
hypertension,,,,False,tract_persistence,chicago_community_area,all_eligible,17031301801,3,remains_below_highest_quartile,True
hypertension,,,,False,tract_persistence,chicago_community_area,all_eligible,17031301802,3,remains_below_highest_quartile,True
hypertension,,,,False,tract_persistence,chicago_community_area,all_eligible,17031301803,3,remains_below_highest_quartile,True
hypertension,,,,False,tract_persistence,chicago_community_area,all_eligible,17031310200,3,remains_below_highest_quartile,True
hypertension,,,,False,tract_persistence,chicago_community_area,all_eligible,17031310300,3,remains_below_highest_quartile,True
hypertension,,,,False,tract_persistence,chicago_community_area,all_eligible,17031310400,3,remains_below_highest_quartile,True
hypertension,,,,False,tract_persistence,chicago_community_area,all_eligible,17031310500,3,remains_below_highest_quartile,True
hypertension,,,,False,tract_persistence,chicago_community_area,all_eligible,17031310600,3,remains_below_highest_quartile,True
hypertension,,,,False,tract_persistence,chicago_community_area,all_eligible,17031310700,3,remains_below_highest_quartile,True
hypertension,,,,False,tract_persistence,chicago_community_area,all_eligible,17031310800,3,remains_below_highest_quartile,True
hypertension,,,,False,tract_persistence,chicago_community_area,all_eligible,17031310900,3,remains_below_highest_quartile,True
hypertension,,,,False,tract_persistence,chicago_community_area,all_eligible,17031320101,3,remains_below_highest_quartile,True
hypertension,,,,False,tract_persistence,chicago_community_area,all_eligible,17031320102,3,remains_below_highest_quartile,True
hypertension,,,,False,tract_persistence,chicago_community_area,all_eligible,17031320400,3,remains_below_highest_quartile,True
hypertension,,,,False,tract_persistence,chicago_community_area,all_eligible,17031320600,3,remains_below_highest_quartile,True
hypertension,,,,False,tract_persistence,chicago_community_area,all_eligible,17031330101,3,remains_below_highest_quartile,True
hypertension,,,,False,tract_persistence,chicago_community_area,all_eligible,17031330102,3,remains_below_highest_quartile,True
hypertension,,,,False,tract_persistence,chicago_community_area,all_eligible,17031330103,3,remains_below_highest_quartile,True
hypertension,,,,False,tract_persistence,chicago_community_area,all_eligible,17031330200,3,remains_below_highest_quartile,True
hypertension,,,,False,tract_persistence,chicago_community_area,all_eligible,17031340300,3,remains_high,True
hypertension,,,,False,tract_persistence,chicago_community_area,all_eligible,17031340400,3,moves_into_highest_quartile,True
hypertension,,,,False,tract_persistence,chicago_community_area,all_eligible,17031340500,3,unstable,False
hypertension,,,,False,tract_persistence,chicago_community_area,all_eligible,17031350400,3,remains_high,True
hypertension,,,,False,tract_persistence,chicago_community_area,all_eligible,17031351000,3,remains_high,True
hypertension,,,,False,tract_persistence,chicago_community_area,all_eligible,17031351100,3,moves_into_highest_quartile,True
hypertension,,,,False,tract_persistence,chicago_community_area,all_eligible,17031351400,3,remains_high,True
hypertension,,,,False,tract_persistence,chicago_community_area,all_eligible,17031351500,3,remains_high,True
hypertension,,,,False,tract_persistence,chicago_community_area,all_eligible,17031360200,3,remains_below_highest_quartile,True
hypertension,,,,False,tract_persistence,chicago_community_area,all_eligible,17031380100,3,moves_out_of_highest_quartile,True
hypertension,,,,False,tract_persistence,chicago_community_area,all_eligible,17031380200,3,moves_out_of_highest_quartile,True
hypertension,,,,False,tract_persistence,chicago_community_area,all_eligible,17031380600,3,remains_below_highest_quartile,True
hypertension,,,,False,tract_persistence,chicago_community_area,all_eligible,17031381200,3,moves_out_of_highest_quartile,True
hypertension,,,,False,tract_persistence,chicago_community_area,all_eligible,17031381400,3,remains_below_highest_quartile,True
hypertension,,,,False,tract_persistence,chicago_community_area,all_eligible,17031381500,3,moves_out_of_highest_quartile,True
hypertension,,,,False,tract_persistence,chicago_community_area,all_eligible,17031381800,3,moves_out_of_highest_quartile,True
hypertension,,,,False,tract_persistence,chicago_community_area,all_eligible,17031381900,3,moves_out_of_highest_quartile,True
hypertension,,,,False,tract_persistence,chicago_community_area,all_eligible,17031390100,3,remains_below_highest_quartile,True
hypertension,,,,False,tract_persistence,chicago_community_area,all_eligible,17031390200,3,remains_below_highest_quartile,True
hypertension,,,,False,tract_persistence,chicago_community_area,all_eligible,17031390300,3,moves_out_of_highest_quartile,True
hypertension,,,,False,tract_persistence,chicago_community_area,all_eligible,17031390400,3,moves_out_of_highest_quartile,True
hypertension,,,,False,tract_persistence,chicago_community_area,all_eligible,17031390500,3,remains_below_highest_quartile,True
hypertension,,,,False,tract_persistence,chicago_community_area,all_eligible,17031390600,3,remains_below_highest_quartile,True
hypertension,,,,False,tract_persistence,chicago_community_area,all_eligible,17031400300,3,remains_below_highest_quartile,True
hypertension,,,,False,tract_persistence,chicago_community_area,all_eligible,17031400400,3,remains_below_highest_quartile,True
hypertension,,,,False,tract_persistence,chicago_community_area,all_eligible,17031400500,3,remains_below_highest_quartile,True
hypertension,,,,False,tract_persistence,chicago_community_area,all_eligible,17031400800,3,moves_out_of_highest_quartile,True
hypertension,,,,False,tract_persistence,chicago_community_area,all_eligible,17031410200,3,remains_below_highest_quartile,True
hypertension,,,,False,tract_persistence,chicago_community_area,all_eligible,17031410500,3,remains_below_highest_quartile,True
hypertension,,,,False,tract_persistence,chicago_community_area,all_eligible,17031410600,3,remains_below_highest_quartile,True
hypertension,,,,False,tract_persistence,chicago_community_area,all_eligible,17031410700,3,remains_below_highest_quartile,True
hypertension,,,,False,tract_persistence,chicago_community_area,all_eligible,17031410800,3,remains_below_highest_quartile,True
hypertension,,,,False,tract_persistence,chicago_community_area,all_eligible,17031411100,3,remains_below_highest_quartile,True
hypertension,,,,False,tract_persistence,chicago_community_area,all_eligible,17031411200,3,remains_below_highest_quartile,True
hypertension,,,,False,tract_persistence,chicago_community_area,all_eligible,17031420100,3,moves_out_of_highest_quartile,True
hypertension,,,,False,tract_persistence,chicago_community_area,all_eligible,17031420200,3,remains_below_highest_quartile,True
hypertension,,,,False,tract_persistence,chicago_community_area,all_eligible,17031420300,3,remains_below_highest_quartile,True
hypertension,,,,False,tract_persistence,chicago_community_area,all_eligible,17031420400,3,moves_out_of_highest_quartile,True
hypertension,,,,False,tract_persistence,chicago_community_area,all_eligible,17031420500,3,remains_below_highest_quartile,True
hypertension,,,,False,tract_persistence,chicago_community_area,all_eligible,17031420600,3,remains_below_highest_quartile,True
hypertension,,,,False,tract_persistence,chicago_community_area,all_eligible,17031420700,3,moves_out_of_highest_quartile,True
hypertension,,,,False,tract_persistence,chicago_community_area,all_eligible,17031420800,3,remains_below_highest_quartile,True
hypertension,,,,False,tract_persistence,chicago_community_area,all_eligible,17031421200,3,moves_out_of_highest_quartile,True
hypertension,,,,False,tract_persistence,chicago_community_area,all_eligible,17031430101,3,unstable,False
hypertension,,,,False,tract_persistence,chicago_community_area,all_eligible,17031430200,3,unstable,False
hypertension,,,,False,tract_persistence,chicago_community_area,all_eligible,17031430500,3,remains_high,True
hypertension,,,,False,tract_persistence,chicago_community_area,all_eligible,17031430600,3,remains_high,True
hypertension,,,,False,tract_persistence,chicago_community_area,all_eligible,17031430700,3,remains_high,True
hypertension,,,,False,tract_persistence,chicago_community_area,all_eligible,17031430800,3,remains_high,True
hypertension,,,,False,tract_persistence,chicago_community_area,all_eligible,17031430900,3,remains_high,True
hypertension,,,,False,tract_persistence,chicago_community_area,all_eligible,17031431200,3,remains_high,True
hypertension,,,,False,tract_persistence,chicago_community_area,all_eligible,17031431301,3,unstable,False
hypertension,,,,False,tract_persistence,chicago_community_area,all_eligible,17031431302,3,moves_into_highest_quartile,True
hypertension,,,,False,tract_persistence,chicago_community_area,all_eligible,17031431400,3,remains_high,True
hypertension,,,,False,tract_persistence,chicago_community_area,all_eligible,17031440101,3,moves_into_highest_quartile,True
hypertension,,,,False,tract_persistence,chicago_community_area,all_eligible,17031440102,3,remains_high,True
hypertension,,,,False,tract_persistence,chicago_community_area,all_eligible,17031440201,3,remains_high,True
hypertension,,,,False,tract_persistence,chicago_community_area,all_eligible,17031440202,3,remains_high,True
hypertension,,,,False,tract_persistence,chicago_community_area,all_eligible,17031440300,3,remains_high,True
hypertension,,,,False,tract_persistence,chicago_community_area,all_eligible,17031440600,3,remains_high,True
hypertension,,,,False,tract_persistence,chicago_community_area,all_eligible,17031440700,3,remains_high,True
hypertension,,,,False,tract_persistence,chicago_community_area,all_eligible,17031440800,3,remains_high,True
hypertension,,,,False,tract_persistence,chicago_community_area,all_eligible,17031440900,3,remains_high,True
hypertension,,,,False,tract_persistence,chicago_community_area,all_eligible,17031450300,3,remains_high,True
hypertension,,,,False,tract_persistence,chicago_community_area,all_eligible,17031460100,3,remains_high,True
hypertension,,,,False,tract_persistence,chicago_community_area,all_eligible,17031460200,3,remains_high,True
hypertension,,,,False,tract_persistence,chicago_community_area,all_eligible,17031460301,3,moves_into_highest_quartile,True
hypertension,,,,False,tract_persistence,chicago_community_area,all_eligible,17031460302,3,moves_into_highest_quartile,True
hypertension,,,,False,tract_persistence,chicago_community_area,all_eligible,17031460400,3,remains_high,True
hypertension,,,,False,tract_persistence,chicago_community_area,all_eligible,17031460500,3,remains_high,True
hypertension,,,,False,tract_persistence,chicago_community_area,all_eligible,17031460800,3,moves_into_highest_quartile,True
hypertension,,,,False,tract_persistence,chicago_community_area,all_eligible,17031470100,3,moves_out_of_highest_quartile,True
hypertension,,,,False,tract_persistence,chicago_community_area,all_eligible,17031480100,3,remains_high,True
hypertension,,,,False,tract_persistence,chicago_community_area,all_eligible,17031480200,3,remains_high,True
hypertension,,,,False,tract_persistence,chicago_community_area,all_eligible,17031480300,3,remains_high,True
hypertension,,,,False,tract_persistence,chicago_community_area,all_eligible,17031480400,3,remains_high,True
hypertension,,,,False,tract_persistence,chicago_community_area,all_eligible,17031480500,3,remains_high,True
hypertension,,,,False,tract_persistence,chicago_community_area,all_eligible,17031490200,3,remains_high,True
hypertension,,,,False,tract_persistence,chicago_community_area,all_eligible,17031490500,3,remains_high,True
hypertension,,,,False,tract_persistence,chicago_community_area,all_eligible,17031490600,3,remains_high,True
hypertension,,,,False,tract_persistence,chicago_community_area,all_eligible,17031490700,3,remains_high,True
hypertension,,,,False,tract_persistence,chicago_community_area,all_eligible,17031490800,3,remains_high,True
hypertension,,,,False,tract_persistence,chicago_community_area,all_eligible,17031490901,3,remains_high,True
hypertension,,,,False,tract_persistence,chicago_community_area,all_eligible,17031490902,3,remains_high,True
hypertension,,,,False,tract_persistence,chicago_community_area,all_eligible,17031491000,3,remains_high,True
hypertension,,,,False,tract_persistence,chicago_community_area,all_eligible,17031491100,3,remains_high,True
hypertension,,,,False,tract_persistence,chicago_community_area,all_eligible,17031491200,3,moves_into_highest_quartile,True
hypertension,,,,False,tract_persistence,chicago_community_area,all_eligible,17031491300,3,moves_into_highest_quartile,True
hypertension,,,,False,tract_persistence,chicago_community_area,all_eligible,17031491400,3,remains_high,True
hypertension,,,,False,tract_persistence,chicago_community_area,all_eligible,17031500100,3,remains_high,True
hypertension,,,,False,tract_persistence,chicago_community_area,all_eligible,17031500200,3,moves_into_highest_quartile,True
hypertension,,,,False,tract_persistence,chicago_community_area,all_eligible,17031500300,3,moves_into_highest_quartile,True
hypertension,,,,False,tract_persistence,chicago_community_area,all_eligible,17031510200,3,remains_high,True
hypertension,,,,False,tract_persistence,chicago_community_area,all_eligible,17031510300,3,remains_high,True
hypertension,,,,False,tract_persistence,chicago_community_area,all_eligible,17031520100,3,remains_below_highest_quartile,True
hypertension,,,,False,tract_persistence,chicago_community_area,all_eligible,17031520200,3,remains_below_highest_quartile,True
hypertension,,,,False,tract_persistence,chicago_community_area,all_eligible,17031520300,3,remains_below_highest_quartile,True
hypertension,,,,False,tract_persistence,chicago_community_area,all_eligible,17031520400,3,remains_below_highest_quartile,True
hypertension,,,,False,tract_persistence,chicago_community_area,all_eligible,17031520500,3,remains_below_highest_quartile,True
hypertension,,,,False,tract_persistence,chicago_community_area,all_eligible,17031520600,3,remains_below_highest_quartile,True
hypertension,,,,False,tract_persistence,chicago_community_area,all_eligible,17031530100,3,remains_high,True
hypertension,,,,False,tract_persistence,chicago_community_area,all_eligible,17031530200,3,remains_high,True
hypertension,,,,False,tract_persistence,chicago_community_area,all_eligible,17031530300,3,remains_high,True
hypertension,,,,False,tract_persistence,chicago_community_area,all_eligible,17031530400,3,remains_high,True
hypertension,,,,False,tract_persistence,chicago_community_area,all_eligible,17031530501,3,remains_high,True
hypertension,,,,False,tract_persistence,chicago_community_area,all_eligible,17031530502,3,remains_high,True
hypertension,,,,False,tract_persistence,chicago_community_area,all_eligible,17031530503,3,remains_high,True
hypertension,,,,False,tract_persistence,chicago_community_area,all_eligible,17031530600,3,remains_high,True
hypertension,,,,False,tract_persistence,chicago_community_area,all_eligible,17031540101,3,remains_below_highest_quartile,True
hypertension,,,,False,tract_persistence,chicago_community_area,all_eligible,17031540102,3,moves_out_of_highest_quartile,True
hypertension,,,,False,tract_persistence,chicago_community_area,all_eligible,17031550100,3,remains_below_highest_quartile,True
hypertension,,,,False,tract_persistence,chicago_community_area,all_eligible,17031550200,3,remains_below_highest_quartile,True
hypertension,,,,False,tract_persistence,chicago_community_area,all_eligible,17031560100,3,remains_below_highest_quartile,True
hypertension,,,,False,tract_persistence,chicago_community_area,all_eligible,17031560200,3,moves_out_of_highest_quartile,True
hypertension,,,,False,tract_persistence,chicago_community_area,all_eligible,17031560300,3,remains_below_highest_quartile,True
hypertension,,,,False,tract_persistence,chicago_community_area,all_eligible,17031560700,3,remains_below_highest_quartile,True
hypertension,,,,False,tract_persistence,chicago_community_area,all_eligible,17031560800,3,remains_below_highest_quartile,True
hypertension,,,,False,tract_persistence,chicago_community_area,all_eligible,17031560900,3,remains_below_highest_quartile,True
hypertension,,,,False,tract_persistence,chicago_community_area,all_eligible,17031561000,3,remains_below_highest_quartile,True
hypertension,,,,False,tract_persistence,chicago_community_area,all_eligible,17031561100,3,remains_below_highest_quartile,True
hypertension,,,,False,tract_persistence,chicago_community_area,all_eligible,17031570100,3,remains_below_highest_quartile,True
hypertension,,,,False,tract_persistence,chicago_community_area,all_eligible,17031570200,3,remains_below_highest_quartile,True
hypertension,,,,False,tract_persistence,chicago_community_area,all_eligible,17031570300,3,remains_below_highest_quartile,True
hypertension,,,,False,tract_persistence,chicago_community_area,all_eligible,17031570400,3,remains_below_highest_quartile,True
hypertension,,,,False,tract_persistence,chicago_community_area,all_eligible,17031570500,3,remains_below_highest_quartile,True
hypertension,,,,False,tract_persistence,chicago_community_area,all_eligible,17031580100,3,remains_below_highest_quartile,True
hypertension,,,,False,tract_persistence,chicago_community_area,all_eligible,17031580200,3,remains_below_highest_quartile,True
hypertension,,,,False,tract_persistence,chicago_community_area,all_eligible,17031580400,3,remains_below_highest_quartile,True
hypertension,,,,False,tract_persistence,chicago_community_area,all_eligible,17031580501,3,remains_below_highest_quartile,True
hypertension,,,,False,tract_persistence,chicago_community_area,all_eligible,17031580502,3,remains_below_highest_quartile,True
hypertension,,,,False,tract_persistence,chicago_community_area,all_eligible,17031580600,3,remains_below_highest_quartile,True
hypertension,,,,False,tract_persistence,chicago_community_area,all_eligible,17031580700,3,remains_below_highest_quartile,True
hypertension,,,,False,tract_persistence,chicago_community_area,all_eligible,17031580800,3,remains_below_highest_quartile,True
hypertension,,,,False,tract_persistence,chicago_community_area,all_eligible,17031590500,3,remains_below_highest_quartile,True
hypertension,,,,False,tract_persistence,chicago_community_area,all_eligible,17031590600,3,remains_below_highest_quartile,True
hypertension,,,,False,tract_persistence,chicago_community_area,all_eligible,17031600400,3,remains_below_highest_quartile,True
hypertension,,,,False,tract_persistence,chicago_community_area,all_eligible,17031600900,3,remains_below_highest_quartile,True
hypertension,,,,False,tract_persistence,chicago_community_area,all_eligible,17031610300,3,remains_below_highest_quartile,True
hypertension,,,,False,tract_persistence,chicago_community_area,all_eligible,17031610400,3,remains_below_highest_quartile,True
hypertension,,,,False,tract_persistence,chicago_community_area,all_eligible,17031611200,3,remains_below_highest_quartile,True
hypertension,,,,False,tract_persistence,chicago_community_area,all_eligible,17031611300,3,remains_below_highest_quartile,True
hypertension,,,,False,tract_persistence,chicago_community_area,all_eligible,17031611400,3,remains_below_highest_quartile,True
hypertension,,,,False,tract_persistence,chicago_community_area,all_eligible,17031611700,3,remains_below_highest_quartile,True
hypertension,,,,False,tract_persistence,chicago_community_area,all_eligible,17031611800,3,remains_below_highest_quartile,True
hypertension,,,,False,tract_persistence,chicago_community_area,all_eligible,17031611900,3,remains_below_highest_quartile,True
hypertension,,,,False,tract_persistence,chicago_community_area,all_eligible,17031612000,3,remains_below_highest_quartile,True
hypertension,,,,False,tract_persistence,chicago_community_area,all_eligible,17031612100,3,moves_out_of_highest_quartile,True
hypertension,,,,False,tract_persistence,chicago_community_area,all_eligible,17031612200,3,remains_below_highest_quartile,True
hypertension,,,,False,tract_persistence,chicago_community_area,all_eligible,17031620200,3,remains_below_highest_quartile,True
hypertension,,,,False,tract_persistence,chicago_community_area,all_eligible,17031620300,3,remains_below_highest_quartile,True
hypertension,,,,False,tract_persistence,chicago_community_area,all_eligible,17031630400,3,remains_below_highest_quartile,True
hypertension,,,,False,tract_persistence,chicago_community_area,all_eligible,17031630500,3,remains_below_highest_quartile,True
hypertension,,,,False,tract_persistence,chicago_community_area,all_eligible,17031630600,3,remains_below_highest_quartile,True
hypertension,,,,False,tract_persistence,chicago_community_area,all_eligible,17031630800,3,remains_below_highest_quartile,True
hypertension,,,,False,tract_persistence,chicago_community_area,all_eligible,17031630900,3,remains_below_highest_quartile,True
hypertension,,,,False,tract_persistence,chicago_community_area,all_eligible,17031640100,3,remains_below_highest_quartile,True
hypertension,,,,False,tract_persistence,chicago_community_area,all_eligible,17031640300,3,remains_below_highest_quartile,True
hypertension,,,,False,tract_persistence,chicago_community_area,all_eligible,17031640400,3,remains_below_highest_quartile,True
hypertension,,,,False,tract_persistence,chicago_community_area,all_eligible,17031640500,3,remains_below_highest_quartile,True
hypertension,,,,False,tract_persistence,chicago_community_area,all_eligible,17031640600,3,remains_below_highest_quartile,True
hypertension,,,,False,tract_persistence,chicago_community_area,all_eligible,17031640700,3,remains_below_highest_quartile,True
hypertension,,,,False,tract_persistence,chicago_community_area,all_eligible,17031640800,3,remains_below_highest_quartile,True
hypertension,,,,False,tract_persistence,chicago_community_area,all_eligible,17031650100,3,remains_below_highest_quartile,True
hypertension,,,,False,tract_persistence,chicago_community_area,all_eligible,17031650200,3,remains_below_highest_quartile,True
hypertension,,,,False,tract_persistence,chicago_community_area,all_eligible,17031650301,3,remains_below_highest_quartile,True
hypertension,,,,False,tract_persistence,chicago_community_area,all_eligible,17031650302,3,remains_below_highest_quartile,True
hypertension,,,,False,tract_persistence,chicago_community_area,all_eligible,17031650400,3,remains_below_highest_quartile,True
hypertension,,,,False,tract_persistence,chicago_community_area,all_eligible,17031650500,3,remains_below_highest_quartile,True
hypertension,,,,False,tract_persistence,chicago_community_area,all_eligible,17031660301,3,remains_below_highest_quartile,True
hypertension,,,,False,tract_persistence,chicago_community_area,all_eligible,17031660302,3,remains_below_highest_quartile,True
hypertension,,,,False,tract_persistence,chicago_community_area,all_eligible,17031660400,3,remains_below_highest_quartile,True
hypertension,,,,False,tract_persistence,chicago_community_area,all_eligible,17031660500,3,remains_below_highest_quartile,True
hypertension,,,,False,tract_persistence,chicago_community_area,all_eligible,17031660600,3,remains_below_highest_quartile,True
hypertension,,,,False,tract_persistence,chicago_community_area,all_eligible,17031660700,3,remains_below_highest_quartile,True
hypertension,,,,False,tract_persistence,chicago_community_area,all_eligible,17031660800,3,remains_below_highest_quartile,True
hypertension,,,,False,tract_persistence,chicago_community_area,all_eligible,17031660900,3,remains_below_highest_quartile,True
hypertension,,,,False,tract_persistence,chicago_community_area,all_eligible,17031670100,3,moves_into_highest_quartile,True
hypertension,,,,False,tract_persistence,chicago_community_area,all_eligible,17031670200,3,moves_into_highest_quartile,True
hypertension,,,,False,tract_persistence,chicago_community_area,all_eligible,17031670300,3,remains_high,True
hypertension,,,,False,tract_persistence,chicago_community_area,all_eligible,17031670400,3,remains_high,True
hypertension,,,,False,tract_persistence,chicago_community_area,all_eligible,17031670500,3,remains_high,True
hypertension,,,,False,tract_persistence,chicago_community_area,all_eligible,17031670600,3,remains_high,True
hypertension,,,,False,tract_persistence,chicago_community_area,all_eligible,17031670700,3,remains_high,True
hypertension,,,,False,tract_persistence,chicago_community_area,all_eligible,17031670800,3,remains_high,True
hypertension,,,,False,tract_persistence,chicago_community_area,all_eligible,17031670900,3,moves_into_highest_quartile,True
hypertension,,,,False,tract_persistence,chicago_community_area,all_eligible,17031671100,3,remains_high,True
hypertension,,,,False,tract_persistence,chicago_community_area,all_eligible,17031671200,3,remains_high,True
hypertension,,,,False,tract_persistence,chicago_community_area,all_eligible,17031671300,3,remains_high,True
hypertension,,,,False,tract_persistence,chicago_community_area,all_eligible,17031671500,3,remains_high,True
hypertension,,,,False,tract_persistence,chicago_community_area,all_eligible,17031671600,3,remains_high,True
hypertension,,,,False,tract_persistence,chicago_community_area,all_eligible,17031671800,3,remains_high,True
hypertension,,,,False,tract_persistence,chicago_community_area,all_eligible,17031680500,3,remains_high,True
hypertension,,,,False,tract_persistence,chicago_community_area,all_eligible,17031680600,3,moves_into_highest_quartile,True
hypertension,,,,False,tract_persistence,chicago_community_area,all_eligible,17031680900,3,remains_high,True
hypertension,,,,False,tract_persistence,chicago_community_area,all_eligible,17031681000,3,remains_high,True
hypertension,,,,False,tract_persistence,chicago_community_area,all_eligible,17031681100,3,remains_high,True
hypertension,,,,False,tract_persistence,chicago_community_area,all_eligible,17031681200,3,moves_into_highest_quartile,True
hypertension,,,,False,tract_persistence,chicago_community_area,all_eligible,17031681300,3,remains_high,True
hypertension,,,,False,tract_persistence,chicago_community_area,all_eligible,17031690300,3,moves_out_of_highest_quartile,True
hypertension,,,,False,tract_persistence,chicago_community_area,all_eligible,17031690400,3,moves_out_of_highest_quartile,True
hypertension,,,,False,tract_persistence,chicago_community_area,all_eligible,17031690500,3,moves_out_of_highest_quartile,True
hypertension,,,,False,tract_persistence,chicago_community_area,all_eligible,17031690900,3,moves_out_of_highest_quartile,True
hypertension,,,,False,tract_persistence,chicago_community_area,all_eligible,17031691000,3,moves_out_of_highest_quartile,True
hypertension,,,,False,tract_persistence,chicago_community_area,all_eligible,17031691100,3,remains_below_highest_quartile,True
hypertension,,,,False,tract_persistence,chicago_community_area,all_eligible,17031691200,3,unstable,False
hypertension,,,,False,tract_persistence,chicago_community_area,all_eligible,17031691300,3,moves_out_of_highest_quartile,True
hypertension,,,,False,tract_persistence,chicago_community_area,all_eligible,17031691400,3,moves_out_of_highest_quartile,True
hypertension,,,,False,tract_persistence,chicago_community_area,all_eligible,17031691500,3,remains_below_highest_quartile,True
hypertension,,,,False,tract_persistence,chicago_community_area,all_eligible,17031700100,3,moves_out_of_highest_quartile,True
hypertension,,,,False,tract_persistence,chicago_community_area,all_eligible,17031700200,3,remains_below_highest_quartile,True
hypertension,,,,False,tract_persistence,chicago_community_area,all_eligible,17031700301,3,remains_below_highest_quartile,True
hypertension,,,,False,tract_persistence,chicago_community_area,all_eligible,17031700302,3,remains_below_highest_quartile,True
hypertension,,,,False,tract_persistence,chicago_community_area,all_eligible,17031700401,3,remains_below_highest_quartile,True
hypertension,,,,False,tract_persistence,chicago_community_area,all_eligible,17031700402,3,remains_below_highest_quartile,True
hypertension,,,,False,tract_persistence,chicago_community_area,all_eligible,17031700501,3,moves_out_of_highest_quartile,True
hypertension,,,,False,tract_persistence,chicago_community_area,all_eligible,17031700502,3,moves_out_of_highest_quartile,True
hypertension,,,,False,tract_persistence,chicago_community_area,all_eligible,17031710100,3,remains_high,True
hypertension,,,,False,tract_persistence,chicago_community_area,all_eligible,17031710200,3,moves_into_highest_quartile,True
hypertension,,,,False,tract_persistence,chicago_community_area,all_eligible,17031710300,3,remains_high,True
hypertension,,,,False,tract_persistence,chicago_community_area,all_eligible,17031710400,3,remains_high,True
hypertension,,,,False,tract_persistence,chicago_community_area,all_eligible,17031710500,3,remains_high,True
hypertension,,,,False,tract_persistence,chicago_community_area,all_eligible,17031710600,3,remains_high,True
hypertension,,,,False,tract_persistence,chicago_community_area,all_eligible,17031710700,3,remains_high,True
hypertension,,,,False,tract_persistence,chicago_community_area,all_eligible,17031710800,3,remains_high,True
hypertension,,,,False,tract_persistence,chicago_community_area,all_eligible,17031710900,3,remains_high,True
hypertension,,,,False,tract_persistence,chicago_community_area,all_eligible,17031711000,3,remains_high,True
hypertension,,,,False,tract_persistence,chicago_community_area,all_eligible,17031711100,3,remains_high,True
hypertension,,,,False,tract_persistence,chicago_community_area,all_eligible,17031711200,3,remains_high,True
hypertension,,,,False,tract_persistence,chicago_community_area,all_eligible,17031711300,3,remains_high,True
hypertension,,,,False,tract_persistence,chicago_community_area,all_eligible,17031711400,3,remains_high,True
hypertension,,,,False,tract_persistence,chicago_community_area,all_eligible,17031720100,3,remains_below_highest_quartile,True
hypertension,,,,False,tract_persistence,chicago_community_area,all_eligible,17031720200,3,remains_below_highest_quartile,True
hypertension,,,,False,tract_persistence,chicago_community_area,all_eligible,17031720300,3,remains_below_highest_quartile,True
hypertension,,,,False,tract_persistence,chicago_community_area,all_eligible,17031720400,3,remains_below_highest_quartile,True
hypertension,,,,False,tract_persistence,chicago_community_area,all_eligible,17031720500,3,remains_below_highest_quartile,True
hypertension,,,,False,tract_persistence,chicago_community_area,all_eligible,17031720600,3,remains_below_highest_quartile,True
hypertension,,,,False,tract_persistence,chicago_community_area,all_eligible,17031720700,3,remains_below_highest_quartile,True
hypertension,,,,False,tract_persistence,chicago_community_area,all_eligible,17031730201,3,remains_high,True
hypertension,,,,False,tract_persistence,chicago_community_area,all_eligible,17031730202,3,remains_high,True
hypertension,,,,False,tract_persistence,chicago_community_area,all_eligible,17031730500,3,remains_high,True
hypertension,,,,False,tract_persistence,chicago_community_area,all_eligible,17031730600,3,remains_high,True
hypertension,,,,False,tract_persistence,chicago_community_area,all_eligible,17031730700,3,remains_high,True
hypertension,,,,False,tract_persistence,chicago_community_area,all_eligible,17031740100,3,remains_below_highest_quartile,True
hypertension,,,,False,tract_persistence,chicago_community_area,all_eligible,17031740200,3,remains_below_highest_quartile,True
hypertension,,,,False,tract_persistence,chicago_community_area,all_eligible,17031740300,3,remains_below_highest_quartile,True
hypertension,,,,False,tract_persistence,chicago_community_area,all_eligible,17031740400,3,remains_below_highest_quartile,True
hypertension,,,,False,tract_persistence,chicago_community_area,all_eligible,17031750100,3,remains_high,True
hypertension,,,,False,tract_persistence,chicago_community_area,all_eligible,17031750200,3,remains_high,True
hypertension,,,,False,tract_persistence,chicago_community_area,all_eligible,17031750300,3,moves_into_highest_quartile,True
hypertension,,,,False,tract_persistence,chicago_community_area,all_eligible,17031750400,3,remains_high,True
hypertension,,,,False,tract_persistence,chicago_community_area,all_eligible,17031750500,3,remains_high,True
hypertension,,,,False,tract_persistence,chicago_community_area,all_eligible,17031750600,3,remains_high,True
hypertension,,,,False,tract_persistence,chicago_community_area,all_eligible,17031760801,3,remains_below_highest_quartile,True
hypertension,,,,False,tract_persistence,chicago_community_area,all_eligible,17031760802,3,moves_out_of_highest_quartile,True
hypertension,,,,False,tract_persistence,chicago_community_area,all_eligible,17031760803,3,remains_below_highest_quartile,True
hypertension,,,,False,tract_persistence,chicago_community_area,all_eligible,17031830500,3,remains_below_highest_quartile,True
hypertension,,,,False,tract_persistence,chicago_community_area,all_eligible,17031830600,3,remains_below_highest_quartile,True
hypertension,,,,False,tract_persistence,chicago_community_area,all_eligible,17031830700,3,remains_below_highest_quartile,True
hypertension,,,,False,tract_persistence,chicago_community_area,all_eligible,17031830800,3,remains_below_highest_quartile,True
hypertension,,,,False,tract_persistence,chicago_community_area,all_eligible,17031830900,3,remains_below_highest_quartile,True
hypertension,,,,False,tract_persistence,chicago_community_area,all_eligible,17031831100,3,remains_below_highest_quartile,True
hypertension,,,,False,tract_persistence,chicago_community_area,all_eligible,17031831200,3,remains_below_highest_quartile,True
hypertension,,,,False,tract_persistence,chicago_community_area,all_eligible,17031831300,3,moves_into_highest_quartile,True
hypertension,,,,False,tract_persistence,chicago_community_area,all_eligible,17031831400,3,remains_high,True
hypertension,,,,False,tract_persistence,chicago_community_area,all_eligible,17031831500,3,remains_below_highest_quartile,True
hypertension,,,,False,tract_persistence,chicago_community_area,all_eligible,17031831600,3,remains_below_highest_quartile,True
hypertension,,,,False,tract_persistence,chicago_community_area,all_eligible,17031831700,3,remains_below_highest_quartile,True
hypertension,,,,False,tract_persistence,chicago_community_area,all_eligible,17031831900,3,remains_below_highest_quartile,True
hypertension,,,,False,tract_persistence,chicago_community_area,all_eligible,17031832000,3,remains_below_highest_quartile,True
hypertension,,,,False,tract_persistence,chicago_community_area,all_eligible,17031832100,3,remains_below_highest_quartile,True
hypertension,,,,False,tract_persistence,chicago_community_area,all_eligible,17031832200,3,remains_below_highest_quartile,True
hypertension,,,,False,tract_persistence,chicago_community_area,all_eligible,17031832300,3,remains_below_highest_quartile,True
hypertension,,,,False,tract_persistence,chicago_community_area,all_eligible,17031832400,3,remains_below_highest_quartile,True
hypertension,,,,False,tract_persistence,chicago_community_area,all_eligible,17031832500,3,remains_below_highest_quartile,True
hypertension,,,,False,tract_persistence,chicago_community_area,all_eligible,17031832600,3,remains_below_highest_quartile,True
hypertension,,,,False,tract_persistence,chicago_community_area,all_eligible,17031832900,3,remains_below_highest_quartile,True
hypertension,,,,False,tract_persistence,chicago_community_area,all_eligible,17031833000,3,remains_below_highest_quartile,True
hypertension,,,,False,tract_persistence,chicago_community_area,all_eligible,17031833100,3,remains_below_highest_quartile,True
hypertension,,,,False,tract_persistence,chicago_community_area,all_eligible,17031833300,3,remains_below_highest_quartile,True
hypertension,,,,False,tract_persistence,chicago_community_area,all_eligible,17031833900,3,moves_into_highest_quartile,True
hypertension,,,,False,tract_persistence,chicago_community_area,all_eligible,17031834000,3,moves_into_highest_quartile,True
hypertension,,,,False,tract_persistence,chicago_community_area,all_eligible,17031834200,3,remains_high,True
hypertension,,,,False,tract_persistence,chicago_community_area,all_eligible,17031834400,3,remains_below_highest_quartile,True
hypertension,,,,False,tract_persistence,chicago_community_area,all_eligible,17031834500,3,remains_below_highest_quartile,True
hypertension,,,,False,tract_persistence,chicago_community_area,all_eligible,17031834600,3,remains_high,True
hypertension,,,,False,tract_persistence,chicago_community_area,all_eligible,17031834700,3,moves_into_highest_quartile,True
hypertension,,,,False,tract_persistence,chicago_community_area,all_eligible,17031834800,3,remains_high,True
hypertension,,,,False,tract_persistence,chicago_community_area,all_eligible,17031834900,3,remains_high,True
hypertension,,,,False,tract_persistence,chicago_community_area,all_eligible,17031835200,3,remains_below_highest_quartile,True
hypertension,,,,False,tract_persistence,chicago_community_area,all_eligible,17031835500,3,unstable,False
hypertension,,,,False,tract_persistence,chicago_community_area,all_eligible,17031835600,3,remains_high,True
hypertension,,,,False,tract_persistence,chicago_community_area,all_eligible,17031835800,3,remains_below_highest_quartile,True
hypertension,,,,False,tract_persistence,chicago_community_area,all_eligible,17031836000,3,moves_out_of_highest_quartile,True
hypertension,,,,False,tract_persistence,chicago_community_area,all_eligible,17031836100,3,remains_below_highest_quartile,True
hypertension,,,,False,tract_persistence,chicago_community_area,all_eligible,17031836300,3,remains_below_highest_quartile,True
hypertension,,,,False,tract_persistence,chicago_community_area,all_eligible,17031836500,3,remains_below_highest_quartile,True
hypertension,,,,False,tract_persistence,chicago_community_area,all_eligible,17031836600,3,remains_below_highest_quartile,True
hypertension,,,,False,tract_persistence,chicago_community_area,all_eligible,17031836700,3,remains_below_highest_quartile,True
hypertension,,,,False,tract_persistence,chicago_community_area,all_eligible,17031836800,3,remains_high,True
hypertension,,,,False,tract_persistence,chicago_community_area,all_eligible,17031836900,3,moves_into_highest_quartile,True
hypertension,,,,False,tract_persistence,chicago_community_area,all_eligible,17031837000,3,moves_into_highest_quartile,True
hypertension,,,,False,tract_persistence,chicago_community_area,all_eligible,17031837300,3,remains_high,True
hypertension,,,,False,tract_persistence,chicago_community_area,all_eligible,17031837400,3,moves_into_highest_quartile,True
hypertension,,,,False,tract_persistence,chicago_community_area,all_eligible,17031837800,3,remains_below_highest_quartile,True
hypertension,,,,False,tract_persistence,chicago_community_area,all_eligible,17031838000,3,moves_out_of_highest_quartile,True
hypertension,,,,False,tract_persistence,chicago_community_area,all_eligible,17031838100,3,moves_out_of_highest_quartile,True
hypertension,,,,False,tract_persistence,chicago_community_area,all_eligible,17031838200,3,remains_below_highest_quartile,True
hypertension,,,,False,tract_persistence,chicago_community_area,all_eligible,17031838300,3,remains_below_highest_quartile,True
hypertension,,,,False,tract_persistence,chicago_community_area,all_eligible,17031838600,3,moves_out_of_highest_quartile,True
hypertension,,,,False,tract_persistence,chicago_community_area,all_eligible,17031838700,3,moves_out_of_highest_quartile,True
hypertension,,,,False,tract_persistence,chicago_community_area,all_eligible,17031838800,3,moves_into_highest_quartile,True
hypertension,,,,False,tract_persistence,chicago_community_area,all_eligible,17031839000,3,remains_below_highest_quartile,True
hypertension,,,,False,tract_persistence,chicago_community_area,all_eligible,17031839100,3,remains_below_highest_quartile,True
hypertension,,,,False,tract_persistence,chicago_community_area,all_eligible,17031839200,3,remains_high,True
hypertension,,,,False,tract_persistence,chicago_community_area,all_eligible,17031839500,3,remains_high,True
hypertension,,,,False,tract_persistence,chicago_community_area,all_eligible,17031839600,3,remains_high,True
hypertension,,,,False,tract_persistence,chicago_community_area,all_eligible,17031839700,3,remains_below_highest_quartile,True
hypertension,,,,False,tract_persistence,chicago_community_area,all_eligible,17031839800,3,remains_below_highest_quartile,True
hypertension,,,,False,tract_persistence,chicago_community_area,all_eligible,17031839900,3,remains_below_highest_quartile,True
hypertension,,,,False,tract_persistence,chicago_community_area,all_eligible,17031840100,3,remains_below_highest_quartile,True
hypertension,,,,False,tract_persistence,chicago_community_area,all_eligible,17031840300,3,remains_below_highest_quartile,True
hypertension,,,,False,tract_persistence,chicago_community_area,all_eligible,17031840700,3,remains_below_highest_quartile,True
hypertension,,,,False,tract_persistence,chicago_community_area,all_eligible,17031840800,3,remains_below_highest_quartile,True
hypertension,,,,False,tract_persistence,chicago_community_area,all_eligible,17031841000,3,remains_below_highest_quartile,True
hypertension,,,,False,tract_persistence,chicago_community_area,all_eligible,17031841100,3,remains_high,True
hypertension,,,,False,tract_persistence,chicago_community_area,all_eligible,17031841500,3,remains_below_highest_quartile,True
hypertension,,,,False,tract_persistence,chicago_community_area,all_eligible,17031841700,3,moves_out_of_highest_quartile,True
hypertension,,,,False,tract_persistence,chicago_community_area,all_eligible,17031841800,3,remains_below_highest_quartile,True
hypertension,,,,False,tract_persistence,chicago_community_area,all_eligible,17031841900,3,remains_below_highest_quartile,True
hypertension,,,,False,tract_persistence,chicago_community_area,all_eligible,17031842000,3,moves_into_highest_quartile,True
hypertension,,,,False,tract_persistence,chicago_community_area,all_eligible,17031842200,3,remains_below_highest_quartile,True
hypertension,,,,False,tract_persistence,chicago_community_area,all_eligible,17031842500,3,remains_below_highest_quartile,True
hypertension,,,,False,tract_persistence,chicago_community_area,all_eligible,17031842600,3,remains_below_highest_quartile,True
hypertension,,,,False,tract_persistence,chicago_community_area,all_eligible,17031842800,3,remains_below_highest_quartile,True
hypertension,,,,False,tract_persistence,chicago_community_area,all_eligible,17031842900,3,moves_out_of_highest_quartile,True
hypertension,,,,False,tract_persistence,chicago_community_area,all_eligible,17031843000,3,moves_out_of_highest_quartile,True
hypertension,,,,False,tract_persistence,chicago_community_area,all_eligible,17031843100,3,moves_out_of_highest_quartile,True
hypertension,,,,False,tract_persistence,chicago_community_area,all_eligible,17031843200,3,remains_below_highest_quartile,True
hypertension,,,,False,tract_persistence,chicago_community_area,all_eligible,17031843300,3,remains_below_highest_quartile,True
hypertension,,,,False,tract_persistence,chicago_community_area,all_eligible,17031843600,3,moves_out_of_highest_quartile,True
hypertension,,,,False,tract_persistence,chicago_community_area,all_eligible,17031843700,3,remains_below_highest_quartile,True
hypertension,,,,False,tract_persistence,chicago_community_area,all_eligible,17031843800,3,remains_below_highest_quartile,True
hypertension,,,,False,tract_persistence,chicago_community_area,all_eligible,17031844600,3,remains_below_highest_quartile,True
hypertension,,,,False,tract_persistence,chicago_community_area,all_eligible,17031844700,3,remains_below_highest_quartile,True
copd,2022,144,0.491803278689,False,annual_jaccard,chicago_community_area,noncrossing_only,,,,
copd,2023,144,0.412698412698,False,annual_jaccard,chicago_community_area,noncrossing_only,,,,
copd,2024,144,0.456140350877,False,annual_jaccard,chicago_community_area,noncrossing_only,,,,
hypertension,2022,245,0.652777777778,False,annual_jaccard,chicago_community_area,noncrossing_only,,,,
hypertension,2023,245,0.731343283582,False,annual_jaccard,chicago_community_area,noncrossing_only,,,,
hypertension,2024,245,0.7,False,annual_jaccard,chicago_community_area,noncrossing_only,,,,
copd,,,,False,tract_persistence,chicago_community_area,noncrossing_only,17031010100,3,remains_below_highest_quartile,True
copd,,,,False,tract_persistence,chicago_community_area,noncrossing_only,17031010300,3,remains_below_highest_quartile,True
copd,,,,False,tract_persistence,chicago_community_area,noncrossing_only,17031010501,3,remains_below_highest_quartile,True
copd,,,,False,tract_persistence,chicago_community_area,noncrossing_only,17031020302,3,remains_below_highest_quartile,True
copd,,,,False,tract_persistence,chicago_community_area,noncrossing_only,17031020802,3,remains_below_highest_quartile,True
copd,,,,False,tract_persistence,chicago_community_area,noncrossing_only,17031030101,3,remains_below_highest_quartile,True
copd,,,,False,tract_persistence,chicago_community_area,noncrossing_only,17031030102,3,remains_below_highest_quartile,True
copd,,,,False,tract_persistence,chicago_community_area,noncrossing_only,17031030500,3,remains_below_highest_quartile,True
copd,,,,False,tract_persistence,chicago_community_area,noncrossing_only,17031030601,3,remains_below_highest_quartile,True
copd,,,,False,tract_persistence,chicago_community_area,noncrossing_only,17031030604,3,remains_below_highest_quartile,True
copd,,,,False,tract_persistence,chicago_community_area,noncrossing_only,17031030701,3,remains_below_highest_quartile,True
copd,,,,False,tract_persistence,chicago_community_area,noncrossing_only,17031030702,3,remains_below_highest_quartile,True
copd,,,,False,tract_persistence,chicago_community_area,noncrossing_only,17031031501,3,remains_below_highest_quartile,True
copd,,,,False,tract_persistence,chicago_community_area,noncrossing_only,17031031502,3,remains_below_highest_quartile,True
copd,,,,False,tract_persistence,chicago_community_area,noncrossing_only,17031031700,3,remains_below_highest_quartile,True
copd,,,,False,tract_persistence,chicago_community_area,noncrossing_only,17031050500,3,remains_below_highest_quartile,True
copd,,,,False,tract_persistence,chicago_community_area,noncrossing_only,17031060900,3,remains_below_highest_quartile,True
copd,,,,False,tract_persistence,chicago_community_area,noncrossing_only,17031061901,3,remains_below_highest_quartile,True
copd,,,,False,tract_persistence,chicago_community_area,noncrossing_only,17031063200,3,remains_below_highest_quartile,True
copd,,,,False,tract_persistence,chicago_community_area,noncrossing_only,17031071200,3,remains_below_highest_quartile,True
copd,,,,False,tract_persistence,chicago_community_area,noncrossing_only,17031071300,3,remains_below_highest_quartile,True
copd,,,,False,tract_persistence,chicago_community_area,noncrossing_only,17031071400,3,remains_below_highest_quartile,True
copd,,,,False,tract_persistence,chicago_community_area,noncrossing_only,17031080202,3,remains_below_highest_quartile,True
copd,,,,False,tract_persistence,chicago_community_area,noncrossing_only,17031081000,3,moves_out_of_highest_quartile,True
copd,,,,False,tract_persistence,chicago_community_area,noncrossing_only,17031081100,3,remains_below_highest_quartile,True
copd,,,,False,tract_persistence,chicago_community_area,noncrossing_only,17031081201,3,remains_below_highest_quartile,True
copd,,,,False,tract_persistence,chicago_community_area,noncrossing_only,17031081300,3,remains_below_highest_quartile,True
copd,,,,False,tract_persistence,chicago_community_area,noncrossing_only,17031081401,3,remains_below_highest_quartile,True
copd,,,,False,tract_persistence,chicago_community_area,noncrossing_only,17031081900,3,moves_out_of_highest_quartile,True
copd,,,,False,tract_persistence,chicago_community_area,noncrossing_only,17031150700,3,remains_below_highest_quartile,True
copd,,,,False,tract_persistence,chicago_community_area,noncrossing_only,17031150800,3,remains_below_highest_quartile,True
copd,,,,False,tract_persistence,chicago_community_area,noncrossing_only,17031170300,3,remains_below_highest_quartile,True
copd,,,,False,tract_persistence,chicago_community_area,noncrossing_only,17031170400,3,remains_below_highest_quartile,True
copd,,,,False,tract_persistence,chicago_community_area,noncrossing_only,17031170800,3,moves_out_of_highest_quartile,True
copd,,,,False,tract_persistence,chicago_community_area,noncrossing_only,17031190800,3,remains_below_highest_quartile,True
copd,,,,False,tract_persistence,chicago_community_area,noncrossing_only,17031191100,3,remains_below_highest_quartile,True
copd,,,,False,tract_persistence,chicago_community_area,noncrossing_only,17031230700,3,remains_below_highest_quartile,True
copd,,,,False,tract_persistence,chicago_community_area,noncrossing_only,17031231100,3,remains_below_highest_quartile,True
copd,,,,False,tract_persistence,chicago_community_area,noncrossing_only,17031231200,3,remains_below_highest_quartile,True
copd,,,,False,tract_persistence,chicago_community_area,noncrossing_only,17031241000,3,remains_below_highest_quartile,True
copd,,,,False,tract_persistence,chicago_community_area,noncrossing_only,17031241100,3,remains_below_highest_quartile,True
copd,,,,False,tract_persistence,chicago_community_area,noncrossing_only,17031242000,3,remains_below_highest_quartile,True
copd,,,,False,tract_persistence,chicago_community_area,noncrossing_only,17031242300,3,remains_below_highest_quartile,True
copd,,,,False,tract_persistence,chicago_community_area,noncrossing_only,17031242600,3,remains_below_highest_quartile,True
copd,,,,False,tract_persistence,chicago_community_area,noncrossing_only,17031250600,3,moves_into_highest_quartile,True
copd,,,,False,tract_persistence,chicago_community_area,noncrossing_only,17031250700,3,remains_high,True
copd,,,,False,tract_persistence,chicago_community_area,noncrossing_only,17031250800,3,moves_into_highest_quartile,True
copd,,,,False,tract_persistence,chicago_community_area,noncrossing_only,17031251100,3,remains_high,True
copd,,,,False,tract_persistence,chicago_community_area,noncrossing_only,17031251200,3,moves_into_highest_quartile,True
copd,,,,False,tract_persistence,chicago_community_area,noncrossing_only,17031251300,3,remains_high,True
copd,,,,False,tract_persistence,chicago_community_area,noncrossing_only,17031251400,3,remains_high,True
copd,,,,False,tract_persistence,chicago_community_area,noncrossing_only,17031251500,3,remains_high,True
copd,,,,False,tract_persistence,chicago_community_area,noncrossing_only,17031251600,3,remains_high,True
copd,,,,False,tract_persistence,chicago_community_area,noncrossing_only,17031251700,3,moves_into_highest_quartile,True
copd,,,,False,tract_persistence,chicago_community_area,noncrossing_only,17031251800,3,remains_high,True
copd,,,,False,tract_persistence,chicago_community_area,noncrossing_only,17031251900,3,moves_into_highest_quartile,True
copd,,,,False,tract_persistence,chicago_community_area,noncrossing_only,17031252000,3,remains_high,True
copd,,,,False,tract_persistence,chicago_community_area,noncrossing_only,17031252101,3,moves_into_highest_quartile,True
copd,,,,False,tract_persistence,chicago_community_area,noncrossing_only,17031252102,3,remains_high,True
copd,,,,False,tract_persistence,chicago_community_area,noncrossing_only,17031252201,3,remains_high,True
copd,,,,False,tract_persistence,chicago_community_area,noncrossing_only,17031260600,3,remains_high,True
copd,,,,False,tract_persistence,chicago_community_area,noncrossing_only,17031260700,3,remains_high,True
copd,,,,False,tract_persistence,chicago_community_area,noncrossing_only,17031271200,3,remains_high,True
copd,,,,False,tract_persistence,chicago_community_area,noncrossing_only,17031271400,3,moves_into_highest_quartile,True
copd,,,,False,tract_persistence,chicago_community_area,noncrossing_only,17031280900,3,moves_out_of_highest_quartile,True
copd,,,,False,tract_persistence,chicago_community_area,noncrossing_only,17031283100,3,remains_below_highest_quartile,True
copd,,,,False,tract_persistence,chicago_community_area,noncrossing_only,17031283200,3,remains_below_highest_quartile,True
copd,,,,False,tract_persistence,chicago_community_area,noncrossing_only,17031291200,3,remains_high,True
copd,,,,False,tract_persistence,chicago_community_area,noncrossing_only,17031292200,3,remains_high,True
copd,,,,False,tract_persistence,chicago_community_area,noncrossing_only,17031292500,3,remains_high,True
copd,,,,False,tract_persistence,chicago_community_area,noncrossing_only,17031301200,3,remains_below_highest_quartile,True
copd,,,,False,tract_persistence,chicago_community_area,noncrossing_only,17031301701,3,remains_below_highest_quartile,True
copd,,,,False,tract_persistence,chicago_community_area,noncrossing_only,17031301803,3,remains_below_highest_quartile,True
copd,,,,False,tract_persistence,chicago_community_area,noncrossing_only,17031320400,3,remains_below_highest_quartile,True
copd,,,,False,tract_persistence,chicago_community_area,noncrossing_only,17031330103,3,remains_below_highest_quartile,True
copd,,,,False,tract_persistence,chicago_community_area,noncrossing_only,17031381200,3,moves_into_highest_quartile,True
copd,,,,False,tract_persistence,chicago_community_area,noncrossing_only,17031381500,3,remains_high,True
copd,,,,False,tract_persistence,chicago_community_area,noncrossing_only,17031400400,3,moves_into_highest_quartile,True
copd,,,,False,tract_persistence,chicago_community_area,noncrossing_only,17031400500,3,moves_into_highest_quartile,True
copd,,,,False,tract_persistence,chicago_community_area,noncrossing_only,17031410600,3,remains_below_highest_quartile,True
copd,,,,False,tract_persistence,chicago_community_area,noncrossing_only,17031410800,3,remains_below_highest_quartile,True
copd,,,,False,tract_persistence,chicago_community_area,noncrossing_only,17031430500,3,remains_high,True
copd,,,,False,tract_persistence,chicago_community_area,noncrossing_only,17031430600,3,moves_into_highest_quartile,True
copd,,,,False,tract_persistence,chicago_community_area,noncrossing_only,17031430700,3,moves_into_highest_quartile,True
copd,,,,False,tract_persistence,chicago_community_area,noncrossing_only,17031430800,3,moves_into_highest_quartile,True
copd,,,,False,tract_persistence,chicago_community_area,noncrossing_only,17031430900,3,moves_into_highest_quartile,True
copd,,,,False,tract_persistence,chicago_community_area,noncrossing_only,17031431302,3,moves_into_highest_quartile,True
copd,,,,False,tract_persistence,chicago_community_area,noncrossing_only,17031440202,3,moves_into_highest_quartile,True
copd,,,,False,tract_persistence,chicago_community_area,noncrossing_only,17031460301,3,remains_below_highest_quartile,True
copd,,,,False,tract_persistence,chicago_community_area,noncrossing_only,17031491000,3,moves_out_of_highest_quartile,True
copd,,,,False,tract_persistence,chicago_community_area,noncrossing_only,17031530501,3,moves_into_highest_quartile,True
copd,,,,False,tract_persistence,chicago_community_area,noncrossing_only,17031530502,3,remains_high,True
copd,,,,False,tract_persistence,chicago_community_area,noncrossing_only,17031530503,3,moves_into_highest_quartile,True
copd,,,,False,tract_persistence,chicago_community_area,noncrossing_only,17031540101,3,remains_high,True
copd,,,,False,tract_persistence,chicago_community_area,noncrossing_only,17031560200,3,remains_below_highest_quartile,True
copd,,,,False,tract_persistence,chicago_community_area,noncrossing_only,17031560300,3,remains_below_highest_quartile,True
copd,,,,False,tract_persistence,chicago_community_area,noncrossing_only,17031560700,3,remains_below_highest_quartile,True
copd,,,,False,tract_persistence,chicago_community_area,noncrossing_only,17031560800,3,remains_below_highest_quartile,True
copd,,,,False,tract_persistence,chicago_community_area,noncrossing_only,17031570300,3,remains_below_highest_quartile,True
copd,,,,False,tract_persistence,chicago_community_area,noncrossing_only,17031580502,3,remains_below_highest_quartile,True
copd,,,,False,tract_persistence,chicago_community_area,noncrossing_only,17031580600,3,remains_below_highest_quartile,True
copd,,,,False,tract_persistence,chicago_community_area,noncrossing_only,17031600400,3,remains_below_highest_quartile,True
copd,,,,False,tract_persistence,chicago_community_area,noncrossing_only,17031600900,3,remains_below_highest_quartile,True
copd,,,,False,tract_persistence,chicago_community_area,noncrossing_only,17031610400,3,remains_below_highest_quartile,True
copd,,,,False,tract_persistence,chicago_community_area,noncrossing_only,17031611300,3,remains_below_highest_quartile,True
copd,,,,False,tract_persistence,chicago_community_area,noncrossing_only,17031612200,3,remains_below_highest_quartile,True
copd,,,,False,tract_persistence,chicago_community_area,noncrossing_only,17031630400,3,remains_below_highest_quartile,True
copd,,,,False,tract_persistence,chicago_community_area,noncrossing_only,17031630500,3,remains_below_highest_quartile,True
copd,,,,False,tract_persistence,chicago_community_area,noncrossing_only,17031640500,3,remains_below_highest_quartile,True
copd,,,,False,tract_persistence,chicago_community_area,noncrossing_only,17031640600,3,remains_below_highest_quartile,True
copd,,,,False,tract_persistence,chicago_community_area,noncrossing_only,17031640700,3,remains_below_highest_quartile,True
copd,,,,False,tract_persistence,chicago_community_area,noncrossing_only,17031660600,3,remains_below_highest_quartile,True
copd,,,,False,tract_persistence,chicago_community_area,noncrossing_only,17031660800,3,remains_below_highest_quartile,True
copd,,,,False,tract_persistence,chicago_community_area,noncrossing_only,17031670700,3,unstable,False
copd,,,,False,tract_persistence,chicago_community_area,noncrossing_only,17031670800,3,unstable,False
copd,,,,False,tract_persistence,chicago_community_area,noncrossing_only,17031671300,3,unstable,False
copd,,,,False,tract_persistence,chicago_community_area,noncrossing_only,17031690400,3,moves_into_highest_quartile,True
copd,,,,False,tract_persistence,chicago_community_area,noncrossing_only,17031691000,3,moves_into_highest_quartile,True
copd,,,,False,tract_persistence,chicago_community_area,noncrossing_only,17031700301,3,remains_below_highest_quartile,True
copd,,,,False,tract_persistence,chicago_community_area,noncrossing_only,17031700302,3,remains_below_highest_quartile,True
copd,,,,False,tract_persistence,chicago_community_area,noncrossing_only,17031700401,3,remains_below_highest_quartile,True
copd,,,,False,tract_persistence,chicago_community_area,noncrossing_only,17031710600,3,remains_high,True
copd,,,,False,tract_persistence,chicago_community_area,noncrossing_only,17031710700,3,unstable,False
copd,,,,False,tract_persistence,chicago_community_area,noncrossing_only,17031710800,3,remains_high,True
copd,,,,False,tract_persistence,chicago_community_area,noncrossing_only,17031711000,3,remains_high,True
copd,,,,False,tract_persistence,chicago_community_area,noncrossing_only,17031711100,3,moves_into_highest_quartile,True
copd,,,,False,tract_persistence,chicago_community_area,noncrossing_only,17031740200,3,remains_below_highest_quartile,True
copd,,,,False,tract_persistence,chicago_community_area,noncrossing_only,17031740300,3,remains_below_highest_quartile,True
copd,,,,False,tract_persistence,chicago_community_area,noncrossing_only,17031740400,3,unstable,False
copd,,,,False,tract_persistence,chicago_community_area,noncrossing_only,17031750400,3,moves_into_highest_quartile,True
copd,,,,False,tract_persistence,chicago_community_area,noncrossing_only,17031832900,3,remains_below_highest_quartile,True
copd,,,,False,tract_persistence,chicago_community_area,noncrossing_only,17031833100,3,remains_below_highest_quartile,True
copd,,,,False,tract_persistence,chicago_community_area,noncrossing_only,17031833300,3,remains_below_highest_quartile,True
copd,,,,False,tract_persistence,chicago_community_area,noncrossing_only,17031834800,3,remains_high,True
copd,,,,False,tract_persistence,chicago_community_area,noncrossing_only,17031836900,3,moves_into_highest_quartile,True
copd,,,,False,tract_persistence,chicago_community_area,noncrossing_only,17031837000,3,moves_into_highest_quartile,True
copd,,,,False,tract_persistence,chicago_community_area,noncrossing_only,17031838000,3,moves_out_of_highest_quartile,True
copd,,,,False,tract_persistence,chicago_community_area,noncrossing_only,17031838100,3,moves_out_of_highest_quartile,True
copd,,,,False,tract_persistence,chicago_community_area,noncrossing_only,17031838200,3,remains_below_highest_quartile,True
copd,,,,False,tract_persistence,chicago_community_area,noncrossing_only,17031838300,3,remains_below_highest_quartile,True
copd,,,,False,tract_persistence,chicago_community_area,noncrossing_only,17031838700,3,remains_high,True
copd,,,,False,tract_persistence,chicago_community_area,noncrossing_only,17031839500,3,remains_high,True
copd,,,,False,tract_persistence,chicago_community_area,noncrossing_only,17031839800,3,remains_below_highest_quartile,True
copd,,,,False,tract_persistence,chicago_community_area,noncrossing_only,17031841500,3,moves_into_highest_quartile,True
hypertension,,,,False,tract_persistence,chicago_community_area,noncrossing_only,17031010100,3,remains_below_highest_quartile,True
hypertension,,,,False,tract_persistence,chicago_community_area,noncrossing_only,17031010202,3,remains_below_highest_quartile,True
hypertension,,,,False,tract_persistence,chicago_community_area,noncrossing_only,17031010300,3,remains_below_highest_quartile,True
hypertension,,,,False,tract_persistence,chicago_community_area,noncrossing_only,17031010501,3,remains_below_highest_quartile,True
hypertension,,,,False,tract_persistence,chicago_community_area,noncrossing_only,17031010502,3,remains_below_highest_quartile,True
hypertension,,,,False,tract_persistence,chicago_community_area,noncrossing_only,17031010702,3,remains_below_highest_quartile,True
hypertension,,,,False,tract_persistence,chicago_community_area,noncrossing_only,17031020200,3,remains_below_highest_quartile,True
hypertension,,,,False,tract_persistence,chicago_community_area,noncrossing_only,17031020301,3,remains_below_highest_quartile,True
hypertension,,,,False,tract_persistence,chicago_community_area,noncrossing_only,17031020302,3,remains_below_highest_quartile,True
hypertension,,,,False,tract_persistence,chicago_community_area,noncrossing_only,17031020601,3,remains_below_highest_quartile,True
hypertension,,,,False,tract_persistence,chicago_community_area,noncrossing_only,17031020602,3,remains_below_highest_quartile,True
hypertension,,,,False,tract_persistence,chicago_community_area,noncrossing_only,17031020802,3,remains_below_highest_quartile,True
hypertension,,,,False,tract_persistence,chicago_community_area,noncrossing_only,17031030101,3,remains_below_highest_quartile,True
hypertension,,,,False,tract_persistence,chicago_community_area,noncrossing_only,17031030102,3,remains_below_highest_quartile,True
hypertension,,,,False,tract_persistence,chicago_community_area,noncrossing_only,17031030103,3,remains_below_highest_quartile,True
hypertension,,,,False,tract_persistence,chicago_community_area,noncrossing_only,17031030500,3,remains_below_highest_quartile,True
hypertension,,,,False,tract_persistence,chicago_community_area,noncrossing_only,17031030601,3,remains_below_highest_quartile,True
hypertension,,,,False,tract_persistence,chicago_community_area,noncrossing_only,17031030603,3,remains_below_highest_quartile,True
hypertension,,,,False,tract_persistence,chicago_community_area,noncrossing_only,17031030604,3,remains_below_highest_quartile,True
hypertension,,,,False,tract_persistence,chicago_community_area,noncrossing_only,17031030701,3,remains_below_highest_quartile,True
hypertension,,,,False,tract_persistence,chicago_community_area,noncrossing_only,17031030702,3,remains_below_highest_quartile,True
hypertension,,,,False,tract_persistence,chicago_community_area,noncrossing_only,17031031501,3,remains_below_highest_quartile,True
hypertension,,,,False,tract_persistence,chicago_community_area,noncrossing_only,17031031502,3,remains_below_highest_quartile,True
hypertension,,,,False,tract_persistence,chicago_community_area,noncrossing_only,17031031700,3,remains_below_highest_quartile,True
hypertension,,,,False,tract_persistence,chicago_community_area,noncrossing_only,17031040201,3,remains_below_highest_quartile,True
hypertension,,,,False,tract_persistence,chicago_community_area,noncrossing_only,17031040401,3,remains_below_highest_quartile,True
hypertension,,,,False,tract_persistence,chicago_community_area,noncrossing_only,17031040600,3,remains_below_highest_quartile,True
hypertension,,,,False,tract_persistence,chicago_community_area,noncrossing_only,17031050500,3,remains_below_highest_quartile,True
hypertension,,,,False,tract_persistence,chicago_community_area,noncrossing_only,17031050800,3,remains_below_highest_quartile,True
hypertension,,,,False,tract_persistence,chicago_community_area,noncrossing_only,17031050900,3,remains_below_highest_quartile,True
hypertension,,,,False,tract_persistence,chicago_community_area,noncrossing_only,17031051000,3,remains_below_highest_quartile,True
hypertension,,,,False,tract_persistence,chicago_community_area,noncrossing_only,17031051100,3,remains_below_highest_quartile,True
hypertension,,,,False,tract_persistence,chicago_community_area,noncrossing_only,17031060400,3,remains_below_highest_quartile,True
hypertension,,,,False,tract_persistence,chicago_community_area,noncrossing_only,17031060900,3,remains_below_highest_quartile,True
hypertension,,,,False,tract_persistence,chicago_community_area,noncrossing_only,17031061000,3,remains_below_highest_quartile,True
hypertension,,,,False,tract_persistence,chicago_community_area,noncrossing_only,17031061100,3,remains_below_highest_quartile,True
hypertension,,,,False,tract_persistence,chicago_community_area,noncrossing_only,17031061200,3,remains_below_highest_quartile,True
hypertension,,,,False,tract_persistence,chicago_community_area,noncrossing_only,17031061500,3,remains_below_highest_quartile,True
hypertension,,,,False,tract_persistence,chicago_community_area,noncrossing_only,17031061800,3,remains_below_highest_quartile,True
hypertension,,,,False,tract_persistence,chicago_community_area,noncrossing_only,17031061901,3,remains_below_highest_quartile,True
hypertension,,,,False,tract_persistence,chicago_community_area,noncrossing_only,17031061902,3,remains_below_highest_quartile,True
hypertension,,,,False,tract_persistence,chicago_community_area,noncrossing_only,17031062000,3,remains_below_highest_quartile,True
hypertension,,,,False,tract_persistence,chicago_community_area,noncrossing_only,17031062100,3,remains_below_highest_quartile,True
hypertension,,,,False,tract_persistence,chicago_community_area,noncrossing_only,17031062200,3,remains_below_highest_quartile,True
hypertension,,,,False,tract_persistence,chicago_community_area,noncrossing_only,17031062300,3,remains_below_highest_quartile,True
hypertension,,,,False,tract_persistence,chicago_community_area,noncrossing_only,17031062400,3,remains_below_highest_quartile,True
hypertension,,,,False,tract_persistence,chicago_community_area,noncrossing_only,17031063100,3,remains_below_highest_quartile,True
hypertension,,,,False,tract_persistence,chicago_community_area,noncrossing_only,17031063200,3,remains_below_highest_quartile,True
hypertension,,,,False,tract_persistence,chicago_community_area,noncrossing_only,17031070103,3,remains_below_highest_quartile,True
hypertension,,,,False,tract_persistence,chicago_community_area,noncrossing_only,17031071000,3,remains_below_highest_quartile,True
hypertension,,,,False,tract_persistence,chicago_community_area,noncrossing_only,17031071100,3,remains_below_highest_quartile,True
hypertension,,,,False,tract_persistence,chicago_community_area,noncrossing_only,17031071200,3,remains_below_highest_quartile,True
hypertension,,,,False,tract_persistence,chicago_community_area,noncrossing_only,17031071300,3,remains_below_highest_quartile,True
hypertension,,,,False,tract_persistence,chicago_community_area,noncrossing_only,17031071400,3,remains_below_highest_quartile,True
hypertension,,,,False,tract_persistence,chicago_community_area,noncrossing_only,17031071600,3,remains_below_highest_quartile,True
hypertension,,,,False,tract_persistence,chicago_community_area,noncrossing_only,17031080202,3,remains_below_highest_quartile,True
hypertension,,,,False,tract_persistence,chicago_community_area,noncrossing_only,17031081000,3,remains_below_highest_quartile,True
hypertension,,,,False,tract_persistence,chicago_community_area,noncrossing_only,17031081100,3,remains_below_highest_quartile,True
hypertension,,,,False,tract_persistence,chicago_community_area,noncrossing_only,17031081201,3,remains_below_highest_quartile,True
hypertension,,,,False,tract_persistence,chicago_community_area,noncrossing_only,17031081300,3,remains_below_highest_quartile,True
hypertension,,,,False,tract_persistence,chicago_community_area,noncrossing_only,17031081401,3,remains_below_highest_quartile,True
hypertension,,,,False,tract_persistence,chicago_community_area,noncrossing_only,17031081600,3,remains_below_highest_quartile,True
hypertension,,,,False,tract_persistence,chicago_community_area,noncrossing_only,17031081900,3,remains_below_highest_quartile,True
hypertension,,,,False,tract_persistence,chicago_community_area,noncrossing_only,17031090100,3,remains_below_highest_quartile,True
hypertension,,,,False,tract_persistence,chicago_community_area,noncrossing_only,17031140200,3,remains_below_highest_quartile,True
hypertension,,,,False,tract_persistence,chicago_community_area,noncrossing_only,17031140301,3,remains_below_highest_quartile,True
hypertension,,,,False,tract_persistence,chicago_community_area,noncrossing_only,17031140701,3,remains_below_highest_quartile,True
hypertension,,,,False,tract_persistence,chicago_community_area,noncrossing_only,17031150700,3,remains_below_highest_quartile,True
hypertension,,,,False,tract_persistence,chicago_community_area,noncrossing_only,17031150800,3,remains_below_highest_quartile,True
hypertension,,,,False,tract_persistence,chicago_community_area,noncrossing_only,17031160502,3,remains_below_highest_quartile,True
hypertension,,,,False,tract_persistence,chicago_community_area,noncrossing_only,17031170300,3,remains_below_highest_quartile,True
hypertension,,,,False,tract_persistence,chicago_community_area,noncrossing_only,17031170400,3,remains_below_highest_quartile,True
hypertension,,,,False,tract_persistence,chicago_community_area,noncrossing_only,17031170700,3,remains_below_highest_quartile,True
hypertension,,,,False,tract_persistence,chicago_community_area,noncrossing_only,17031170800,3,remains_below_highest_quartile,True
hypertension,,,,False,tract_persistence,chicago_community_area,noncrossing_only,17031190601,3,remains_below_highest_quartile,True
hypertension,,,,False,tract_persistence,chicago_community_area,noncrossing_only,17031190602,3,remains_below_highest_quartile,True
hypertension,,,,False,tract_persistence,chicago_community_area,noncrossing_only,17031190701,3,remains_below_highest_quartile,True
hypertension,,,,False,tract_persistence,chicago_community_area,noncrossing_only,17031190702,3,remains_below_highest_quartile,True
hypertension,,,,False,tract_persistence,chicago_community_area,noncrossing_only,17031190800,3,remains_below_highest_quartile,True
hypertension,,,,False,tract_persistence,chicago_community_area,noncrossing_only,17031191100,3,remains_below_highest_quartile,True
hypertension,,,,False,tract_persistence,chicago_community_area,noncrossing_only,17031210501,3,remains_below_highest_quartile,True
hypertension,,,,False,tract_persistence,chicago_community_area,noncrossing_only,17031210601,3,remains_below_highest_quartile,True
hypertension,,,,False,tract_persistence,chicago_community_area,noncrossing_only,17031220601,3,remains_below_highest_quartile,True
hypertension,,,,False,tract_persistence,chicago_community_area,noncrossing_only,17031220701,3,remains_below_highest_quartile,True
hypertension,,,,False,tract_persistence,chicago_community_area,noncrossing_only,17031221000,3,remains_below_highest_quartile,True
hypertension,,,,False,tract_persistence,chicago_community_area,noncrossing_only,17031221100,3,remains_below_highest_quartile,True
hypertension,,,,False,tract_persistence,chicago_community_area,noncrossing_only,17031221200,3,remains_below_highest_quartile,True
hypertension,,,,False,tract_persistence,chicago_community_area,noncrossing_only,17031221300,3,remains_below_highest_quartile,True
hypertension,,,,False,tract_persistence,chicago_community_area,noncrossing_only,17031221400,3,remains_below_highest_quartile,True
hypertension,,,,False,tract_persistence,chicago_community_area,noncrossing_only,17031221500,3,remains_below_highest_quartile,True
hypertension,,,,False,tract_persistence,chicago_community_area,noncrossing_only,17031221600,3,remains_below_highest_quartile,True
hypertension,,,,False,tract_persistence,chicago_community_area,noncrossing_only,17031230700,3,remains_below_highest_quartile,True
hypertension,,,,False,tract_persistence,chicago_community_area,noncrossing_only,17031230800,3,remains_below_highest_quartile,True
hypertension,,,,False,tract_persistence,chicago_community_area,noncrossing_only,17031231100,3,remains_below_highest_quartile,True
hypertension,,,,False,tract_persistence,chicago_community_area,noncrossing_only,17031231200,3,remains_below_highest_quartile,True
hypertension,,,,False,tract_persistence,chicago_community_area,noncrossing_only,17031241000,3,remains_below_highest_quartile,True
hypertension,,,,False,tract_persistence,chicago_community_area,noncrossing_only,17031241100,3,remains_below_highest_quartile,True
hypertension,,,,False,tract_persistence,chicago_community_area,noncrossing_only,17031241200,3,remains_below_highest_quartile,True
hypertension,,,,False,tract_persistence,chicago_community_area,noncrossing_only,17031241300,3,remains_below_highest_quartile,True
hypertension,,,,False,tract_persistence,chicago_community_area,noncrossing_only,17031241400,3,remains_below_highest_quartile,True
hypertension,,,,False,tract_persistence,chicago_community_area,noncrossing_only,17031241500,3,remains_below_highest_quartile,True
hypertension,,,,False,tract_persistence,chicago_community_area,noncrossing_only,17031241600,3,remains_below_highest_quartile,True
hypertension,,,,False,tract_persistence,chicago_community_area,noncrossing_only,17031242000,3,remains_below_highest_quartile,True
hypertension,,,,False,tract_persistence,chicago_community_area,noncrossing_only,17031242100,3,remains_below_highest_quartile,True
hypertension,,,,False,tract_persistence,chicago_community_area,noncrossing_only,17031242200,3,remains_below_highest_quartile,True
hypertension,,,,False,tract_persistence,chicago_community_area,noncrossing_only,17031242300,3,remains_below_highest_quartile,True
hypertension,,,,False,tract_persistence,chicago_community_area,noncrossing_only,17031242400,3,remains_below_highest_quartile,True
hypertension,,,,False,tract_persistence,chicago_community_area,noncrossing_only,17031242500,3,remains_below_highest_quartile,True
hypertension,,,,False,tract_persistence,chicago_community_area,noncrossing_only,17031242600,3,remains_below_highest_quartile,True
hypertension,,,,False,tract_persistence,chicago_community_area,noncrossing_only,17031250600,3,remains_high,True
hypertension,,,,False,tract_persistence,chicago_community_area,noncrossing_only,17031250700,3,remains_high,True
hypertension,,,,False,tract_persistence,chicago_community_area,noncrossing_only,17031250800,3,remains_high,True
hypertension,,,,False,tract_persistence,chicago_community_area,noncrossing_only,17031251000,3,remains_high,True
hypertension,,,,False,tract_persistence,chicago_community_area,noncrossing_only,17031251100,3,remains_high,True
hypertension,,,,False,tract_persistence,chicago_community_area,noncrossing_only,17031251200,3,remains_high,True
hypertension,,,,False,tract_persistence,chicago_community_area,noncrossing_only,17031251300,3,remains_high,True
hypertension,,,,False,tract_persistence,chicago_community_area,noncrossing_only,17031251400,3,remains_high,True
hypertension,,,,False,tract_persistence,chicago_community_area,noncrossing_only,17031251500,3,remains_high,True
hypertension,,,,False,tract_persistence,chicago_community_area,noncrossing_only,17031251600,3,remains_high,True
hypertension,,,,False,tract_persistence,chicago_community_area,noncrossing_only,17031251700,3,remains_high,True
hypertension,,,,False,tract_persistence,chicago_community_area,noncrossing_only,17031251800,3,remains_high,True
hypertension,,,,False,tract_persistence,chicago_community_area,noncrossing_only,17031251900,3,remains_high,True
hypertension,,,,False,tract_persistence,chicago_community_area,noncrossing_only,17031252000,3,remains_high,True
hypertension,,,,False,tract_persistence,chicago_community_area,noncrossing_only,17031252101,3,remains_high,True
hypertension,,,,False,tract_persistence,chicago_community_area,noncrossing_only,17031252102,3,remains_high,True
hypertension,,,,False,tract_persistence,chicago_community_area,noncrossing_only,17031252201,3,remains_high,True
hypertension,,,,False,tract_persistence,chicago_community_area,noncrossing_only,17031260600,3,moves_into_highest_quartile,True
hypertension,,,,False,tract_persistence,chicago_community_area,noncrossing_only,17031260700,3,remains_high,True
hypertension,,,,False,tract_persistence,chicago_community_area,noncrossing_only,17031271200,3,remains_high,True
hypertension,,,,False,tract_persistence,chicago_community_area,noncrossing_only,17031271300,3,remains_high,True
hypertension,,,,False,tract_persistence,chicago_community_area,noncrossing_only,17031271400,3,remains_high,True
hypertension,,,,False,tract_persistence,chicago_community_area,noncrossing_only,17031280900,3,remains_below_highest_quartile,True
hypertension,,,,False,tract_persistence,chicago_community_area,noncrossing_only,17031282800,3,remains_below_highest_quartile,True
hypertension,,,,False,tract_persistence,chicago_community_area,noncrossing_only,17031283100,3,remains_below_highest_quartile,True
hypertension,,,,False,tract_persistence,chicago_community_area,noncrossing_only,17031283200,3,remains_below_highest_quartile,True
hypertension,,,,False,tract_persistence,chicago_community_area,noncrossing_only,17031291200,3,moves_out_of_highest_quartile,True
hypertension,,,,False,tract_persistence,chicago_community_area,noncrossing_only,17031292200,3,moves_out_of_highest_quartile,True
hypertension,,,,False,tract_persistence,chicago_community_area,noncrossing_only,17031292500,3,moves_out_of_highest_quartile,True
hypertension,,,,False,tract_persistence,chicago_community_area,noncrossing_only,17031300800,3,remains_below_highest_quartile,True
hypertension,,,,False,tract_persistence,chicago_community_area,noncrossing_only,17031300900,3,remains_below_highest_quartile,True
hypertension,,,,False,tract_persistence,chicago_community_area,noncrossing_only,17031301100,3,remains_below_highest_quartile,True
hypertension,,,,False,tract_persistence,chicago_community_area,noncrossing_only,17031301200,3,remains_below_highest_quartile,True
hypertension,,,,False,tract_persistence,chicago_community_area,noncrossing_only,17031301600,3,remains_below_highest_quartile,True
hypertension,,,,False,tract_persistence,chicago_community_area,noncrossing_only,17031301701,3,remains_below_highest_quartile,True
hypertension,,,,False,tract_persistence,chicago_community_area,noncrossing_only,17031301702,3,remains_below_highest_quartile,True
hypertension,,,,False,tract_persistence,chicago_community_area,noncrossing_only,17031301801,3,remains_below_highest_quartile,True
hypertension,,,,False,tract_persistence,chicago_community_area,noncrossing_only,17031301802,3,remains_below_highest_quartile,True
hypertension,,,,False,tract_persistence,chicago_community_area,noncrossing_only,17031301803,3,remains_below_highest_quartile,True
hypertension,,,,False,tract_persistence,chicago_community_area,noncrossing_only,17031310500,3,remains_below_highest_quartile,True
hypertension,,,,False,tract_persistence,chicago_community_area,noncrossing_only,17031320400,3,remains_below_highest_quartile,True
hypertension,,,,False,tract_persistence,chicago_community_area,noncrossing_only,17031330103,3,remains_below_highest_quartile,True
hypertension,,,,False,tract_persistence,chicago_community_area,noncrossing_only,17031381200,3,moves_out_of_highest_quartile,True
hypertension,,,,False,tract_persistence,chicago_community_area,noncrossing_only,17031381400,3,remains_below_highest_quartile,True
hypertension,,,,False,tract_persistence,chicago_community_area,noncrossing_only,17031381500,3,moves_out_of_highest_quartile,True
hypertension,,,,False,tract_persistence,chicago_community_area,noncrossing_only,17031400400,3,remains_below_highest_quartile,True
hypertension,,,,False,tract_persistence,chicago_community_area,noncrossing_only,17031400500,3,remains_below_highest_quartile,True
hypertension,,,,False,tract_persistence,chicago_community_area,noncrossing_only,17031410600,3,remains_below_highest_quartile,True
hypertension,,,,False,tract_persistence,chicago_community_area,noncrossing_only,17031410700,3,remains_below_highest_quartile,True
hypertension,,,,False,tract_persistence,chicago_community_area,noncrossing_only,17031410800,3,remains_below_highest_quartile,True
hypertension,,,,False,tract_persistence,chicago_community_area,noncrossing_only,17031430500,3,remains_high,True
hypertension,,,,False,tract_persistence,chicago_community_area,noncrossing_only,17031430600,3,remains_high,True
hypertension,,,,False,tract_persistence,chicago_community_area,noncrossing_only,17031430700,3,remains_high,True
hypertension,,,,False,tract_persistence,chicago_community_area,noncrossing_only,17031430800,3,remains_high,True
hypertension,,,,False,tract_persistence,chicago_community_area,noncrossing_only,17031430900,3,unstable,False
hypertension,,,,False,tract_persistence,chicago_community_area,noncrossing_only,17031431302,3,moves_into_highest_quartile,True
hypertension,,,,False,tract_persistence,chicago_community_area,noncrossing_only,17031440202,3,remains_high,True
hypertension,,,,False,tract_persistence,chicago_community_area,noncrossing_only,17031440700,3,remains_high,True
hypertension,,,,False,tract_persistence,chicago_community_area,noncrossing_only,17031460200,3,remains_high,True
hypertension,,,,False,tract_persistence,chicago_community_area,noncrossing_only,17031460301,3,moves_into_highest_quartile,True
hypertension,,,,False,tract_persistence,chicago_community_area,noncrossing_only,17031490600,3,remains_high,True
hypertension,,,,False,tract_persistence,chicago_community_area,noncrossing_only,17031490700,3,remains_high,True
hypertension,,,,False,tract_persistence,chicago_community_area,noncrossing_only,17031491000,3,remains_high,True
hypertension,,,,False,tract_persistence,chicago_community_area,noncrossing_only,17031520100,3,remains_below_highest_quartile,True
hypertension,,,,False,tract_persistence,chicago_community_area,noncrossing_only,17031520400,3,remains_below_highest_quartile,True
hypertension,,,,False,tract_persistence,chicago_community_area,noncrossing_only,17031530400,3,remains_high,True
hypertension,,,,False,tract_persistence,chicago_community_area,noncrossing_only,17031530501,3,remains_high,True
hypertension,,,,False,tract_persistence,chicago_community_area,noncrossing_only,17031530502,3,remains_high,True
hypertension,,,,False,tract_persistence,chicago_community_area,noncrossing_only,17031530503,3,remains_high,True
hypertension,,,,False,tract_persistence,chicago_community_area,noncrossing_only,17031540101,3,unstable,False
hypertension,,,,False,tract_persistence,chicago_community_area,noncrossing_only,17031560200,3,moves_out_of_highest_quartile,True
hypertension,,,,False,tract_persistence,chicago_community_area,noncrossing_only,17031560300,3,remains_below_highest_quartile,True
hypertension,,,,False,tract_persistence,chicago_community_area,noncrossing_only,17031560700,3,remains_below_highest_quartile,True
hypertension,,,,False,tract_persistence,chicago_community_area,noncrossing_only,17031560800,3,remains_below_highest_quartile,True
hypertension,,,,False,tract_persistence,chicago_community_area,noncrossing_only,17031560900,3,remains_below_highest_quartile,True
hypertension,,,,False,tract_persistence,chicago_community_area,noncrossing_only,17031570300,3,remains_below_highest_quartile,True
hypertension,,,,False,tract_persistence,chicago_community_area,noncrossing_only,17031580501,3,remains_below_highest_quartile,True
hypertension,,,,False,tract_persistence,chicago_community_area,noncrossing_only,17031580502,3,remains_below_highest_quartile,True
hypertension,,,,False,tract_persistence,chicago_community_area,noncrossing_only,17031580600,3,remains_below_highest_quartile,True
hypertension,,,,False,tract_persistence,chicago_community_area,noncrossing_only,17031600400,3,remains_below_highest_quartile,True
hypertension,,,,False,tract_persistence,chicago_community_area,noncrossing_only,17031600900,3,remains_below_highest_quartile,True
hypertension,,,,False,tract_persistence,chicago_community_area,noncrossing_only,17031610400,3,remains_below_highest_quartile,True
hypertension,,,,False,tract_persistence,chicago_community_area,noncrossing_only,17031611200,3,remains_below_highest_quartile,True
hypertension,,,,False,tract_persistence,chicago_community_area,noncrossing_only,17031611300,3,remains_below_highest_quartile,True
hypertension,,,,False,tract_persistence,chicago_community_area,noncrossing_only,17031611400,3,remains_below_highest_quartile,True
hypertension,,,,False,tract_persistence,chicago_community_area,noncrossing_only,17031612200,3,remains_below_highest_quartile,True
hypertension,,,,False,tract_persistence,chicago_community_area,noncrossing_only,17031630400,3,remains_below_highest_quartile,True
hypertension,,,,False,tract_persistence,chicago_community_area,noncrossing_only,17031630500,3,remains_below_highest_quartile,True
hypertension,,,,False,tract_persistence,chicago_community_area,noncrossing_only,17031640500,3,remains_below_highest_quartile,True
hypertension,,,,False,tract_persistence,chicago_community_area,noncrossing_only,17031640600,3,remains_below_highest_quartile,True
hypertension,,,,False,tract_persistence,chicago_community_area,noncrossing_only,17031640700,3,remains_below_highest_quartile,True
hypertension,,,,False,tract_persistence,chicago_community_area,noncrossing_only,17031660301,3,remains_below_highest_quartile,True
hypertension,,,,False,tract_persistence,chicago_community_area,noncrossing_only,17031660600,3,remains_below_highest_quartile,True
hypertension,,,,False,tract_persistence,chicago_community_area,noncrossing_only,17031660800,3,remains_below_highest_quartile,True
hypertension,,,,False,tract_persistence,chicago_community_area,noncrossing_only,17031670600,3,remains_high,True
hypertension,,,,False,tract_persistence,chicago_community_area,noncrossing_only,17031670700,3,remains_high,True
hypertension,,,,False,tract_persistence,chicago_community_area,noncrossing_only,17031670800,3,remains_high,True
hypertension,,,,False,tract_persistence,chicago_community_area,noncrossing_only,17031671100,3,remains_high,True
hypertension,,,,False,tract_persistence,chicago_community_area,noncrossing_only,17031671200,3,remains_high,True
hypertension,,,,False,tract_persistence,chicago_community_area,noncrossing_only,17031671300,3,remains_high,True
hypertension,,,,False,tract_persistence,chicago_community_area,noncrossing_only,17031671600,3,remains_high,True
hypertension,,,,False,tract_persistence,chicago_community_area,noncrossing_only,17031690400,3,moves_out_of_highest_quartile,True
hypertension,,,,False,tract_persistence,chicago_community_area,noncrossing_only,17031691000,3,moves_out_of_highest_quartile,True
hypertension,,,,False,tract_persistence,chicago_community_area,noncrossing_only,17031700301,3,remains_below_highest_quartile,True
hypertension,,,,False,tract_persistence,chicago_community_area,noncrossing_only,17031700302,3,remains_below_highest_quartile,True
hypertension,,,,False,tract_persistence,chicago_community_area,noncrossing_only,17031700401,3,remains_below_highest_quartile,True
hypertension,,,,False,tract_persistence,chicago_community_area,noncrossing_only,17031700402,3,remains_below_highest_quartile,True
hypertension,,,,False,tract_persistence,chicago_community_area,noncrossing_only,17031710300,3,remains_high,True
hypertension,,,,False,tract_persistence,chicago_community_area,noncrossing_only,17031710600,3,remains_high,True
hypertension,,,,False,tract_persistence,chicago_community_area,noncrossing_only,17031710700,3,remains_high,True
hypertension,,,,False,tract_persistence,chicago_community_area,noncrossing_only,17031710800,3,remains_high,True
hypertension,,,,False,tract_persistence,chicago_community_area,noncrossing_only,17031711000,3,remains_high,True
hypertension,,,,False,tract_persistence,chicago_community_area,noncrossing_only,17031711100,3,remains_high,True
hypertension,,,,False,tract_persistence,chicago_community_area,noncrossing_only,17031720300,3,remains_below_highest_quartile,True
hypertension,,,,False,tract_persistence,chicago_community_area,noncrossing_only,17031720400,3,remains_below_highest_quartile,True
hypertension,,,,False,tract_persistence,chicago_community_area,noncrossing_only,17031740200,3,remains_below_highest_quartile,True
hypertension,,,,False,tract_persistence,chicago_community_area,noncrossing_only,17031740300,3,remains_below_highest_quartile,True
hypertension,,,,False,tract_persistence,chicago_community_area,noncrossing_only,17031740400,3,remains_below_highest_quartile,True
hypertension,,,,False,tract_persistence,chicago_community_area,noncrossing_only,17031750400,3,remains_high,True
hypertension,,,,False,tract_persistence,chicago_community_area,noncrossing_only,17031832000,3,remains_below_highest_quartile,True
hypertension,,,,False,tract_persistence,chicago_community_area,noncrossing_only,17031832900,3,remains_below_highest_quartile,True
hypertension,,,,False,tract_persistence,chicago_community_area,noncrossing_only,17031833100,3,remains_below_highest_quartile,True
hypertension,,,,False,tract_persistence,chicago_community_area,noncrossing_only,17031833300,3,remains_below_highest_quartile,True
hypertension,,,,False,tract_persistence,chicago_community_area,noncrossing_only,17031834800,3,remains_high,True
hypertension,,,,False,tract_persistence,chicago_community_area,noncrossing_only,17031835800,3,remains_below_highest_quartile,True
hypertension,,,,False,tract_persistence,chicago_community_area,noncrossing_only,17031836900,3,moves_into_highest_quartile,True
hypertension,,,,False,tract_persistence,chicago_community_area,noncrossing_only,17031837000,3,moves_into_highest_quartile,True
hypertension,,,,False,tract_persistence,chicago_community_area,noncrossing_only,17031838000,3,moves_out_of_highest_quartile,True
hypertension,,,,False,tract_persistence,chicago_community_area,noncrossing_only,17031838100,3,moves_out_of_highest_quartile,True
hypertension,,,,False,tract_persistence,chicago_community_area,noncrossing_only,17031838200,3,remains_below_highest_quartile,True
hypertension,,,,False,tract_persistence,chicago_community_area,noncrossing_only,17031838300,3,remains_below_highest_quartile,True
hypertension,,,,False,tract_persistence,chicago_community_area,noncrossing_only,17031838700,3,moves_out_of_highest_quartile,True
hypertension,,,,False,tract_persistence,chicago_community_area,noncrossing_only,17031839500,3,remains_high,True
hypertension,,,,False,tract_persistence,chicago_community_area,noncrossing_only,17031839800,3,remains_below_highest_quartile,True
hypertension,,,,False,tract_persistence,chicago_community_area,noncrossing_only,17031840800,3,remains_below_highest_quartile,True
hypertension,,,,False,tract_persistence,chicago_community_area,noncrossing_only,17031841500,3,remains_below_highest_quartile,True
copd,2022,411,0.42,False,annual_jaccard,zcta,all_eligible,,,,
copd,2023,410,0.389743589744,False,annual_jaccard,zcta,all_eligible,,,,
copd,2024,411,0.408284023669,False,annual_jaccard,zcta,all_eligible,,,,
hypertension,2022,722,0.513432835821,False,annual_jaccard,zcta,all_eligible,,,,
hypertension,2023,722,0.544303797468,False,annual_jaccard,zcta,all_eligible,,,,
hypertension,2024,722,0.548387096774,False,annual_jaccard,zcta,all_eligible,,,,
copd,,,,False,tract_persistence,zcta,all_eligible,17031010100,3,remains_below_highest_quartile,True
copd,,,,False,tract_persistence,zcta,all_eligible,17031010201,3,remains_below_highest_quartile,True
copd,,,,False,tract_persistence,zcta,all_eligible,17031010300,3,remains_below_highest_quartile,True
copd,,,,False,tract_persistence,zcta,all_eligible,17031010501,3,remains_below_highest_quartile,True
copd,,,,False,tract_persistence,zcta,all_eligible,17031010600,3,remains_below_highest_quartile,True
copd,,,,False,tract_persistence,zcta,all_eligible,17031020100,3,remains_below_highest_quartile,True
copd,,,,False,tract_persistence,zcta,all_eligible,17031020302,3,remains_below_highest_quartile,True
copd,,,,False,tract_persistence,zcta,all_eligible,17031020500,3,remains_below_highest_quartile,True
copd,,,,False,tract_persistence,zcta,all_eligible,17031020802,3,remains_below_highest_quartile,True
copd,,,,False,tract_persistence,zcta,all_eligible,17031020901,3,remains_below_highest_quartile,True
copd,,,,False,tract_persistence,zcta,all_eligible,17031020902,3,remains_below_highest_quartile,True
copd,,,,False,tract_persistence,zcta,all_eligible,17031030101,3,remains_below_highest_quartile,True
copd,,,,False,tract_persistence,zcta,all_eligible,17031030102,3,remains_below_highest_quartile,True
copd,,,,False,tract_persistence,zcta,all_eligible,17031030200,3,remains_below_highest_quartile,True
copd,,,,False,tract_persistence,zcta,all_eligible,17031030500,3,remains_below_highest_quartile,True
copd,,,,False,tract_persistence,zcta,all_eligible,17031030601,3,remains_below_highest_quartile,True
copd,,,,False,tract_persistence,zcta,all_eligible,17031030604,3,remains_below_highest_quartile,True
copd,,,,False,tract_persistence,zcta,all_eligible,17031030701,3,remains_below_highest_quartile,True
copd,,,,False,tract_persistence,zcta,all_eligible,17031030702,3,remains_below_highest_quartile,True
copd,,,,False,tract_persistence,zcta,all_eligible,17031030703,3,remains_below_highest_quartile,True
copd,,,,False,tract_persistence,zcta,all_eligible,17031031000,3,remains_below_highest_quartile,True
copd,,,,False,tract_persistence,zcta,all_eligible,17031031100,3,remains_below_highest_quartile,True
copd,,,,False,tract_persistence,zcta,all_eligible,17031031200,3,remains_below_highest_quartile,True
copd,,,,False,tract_persistence,zcta,all_eligible,17031031300,3,remains_below_highest_quartile,True
copd,,,,False,tract_persistence,zcta,all_eligible,17031031501,3,remains_below_highest_quartile,True
copd,,,,False,tract_persistence,zcta,all_eligible,17031031502,3,remains_below_highest_quartile,True
copd,,,,False,tract_persistence,zcta,all_eligible,17031031700,3,remains_below_highest_quartile,True
copd,,,,False,tract_persistence,zcta,all_eligible,17031032100,3,remains_below_highest_quartile,True
copd,,,,False,tract_persistence,zcta,all_eligible,17031040202,3,remains_below_highest_quartile,True
copd,,,,False,tract_persistence,zcta,all_eligible,17031050200,3,remains_below_highest_quartile,True
copd,,,,False,tract_persistence,zcta,all_eligible,17031050500,3,remains_below_highest_quartile,True
copd,,,,False,tract_persistence,zcta,all_eligible,17031060800,3,remains_below_highest_quartile,True
copd,,,,False,tract_persistence,zcta,all_eligible,17031060900,3,remains_below_highest_quartile,True
copd,,,,False,tract_persistence,zcta,all_eligible,17031061901,3,remains_below_highest_quartile,True
copd,,,,False,tract_persistence,zcta,all_eligible,17031063200,3,remains_below_highest_quartile,True
copd,,,,False,tract_persistence,zcta,all_eligible,17031063302,3,remains_below_highest_quartile,True
copd,,,,False,tract_persistence,zcta,all_eligible,17031063303,3,remains_below_highest_quartile,True
copd,,,,False,tract_persistence,zcta,all_eligible,17031070101,3,remains_below_highest_quartile,True
copd,,,,False,tract_persistence,zcta,all_eligible,17031070400,3,remains_below_highest_quartile,True
copd,,,,False,tract_persistence,zcta,all_eligible,17031071200,3,remains_below_highest_quartile,True
copd,,,,False,tract_persistence,zcta,all_eligible,17031071300,3,remains_below_highest_quartile,True
copd,,,,False,tract_persistence,zcta,all_eligible,17031071400,3,remains_below_highest_quartile,True
copd,,,,False,tract_persistence,zcta,all_eligible,17031071500,3,remains_below_highest_quartile,True
copd,,,,False,tract_persistence,zcta,all_eligible,17031080100,3,remains_below_highest_quartile,True
copd,,,,False,tract_persistence,zcta,all_eligible,17031080201,3,remains_below_highest_quartile,True
copd,,,,False,tract_persistence,zcta,all_eligible,17031080202,3,remains_below_highest_quartile,True
copd,,,,False,tract_persistence,zcta,all_eligible,17031080300,3,remains_below_highest_quartile,True
copd,,,,False,tract_persistence,zcta,all_eligible,17031080400,3,unstable,False
copd,,,,False,tract_persistence,zcta,all_eligible,17031081000,3,moves_out_of_highest_quartile,True
copd,,,,False,tract_persistence,zcta,all_eligible,17031081100,3,remains_below_highest_quartile,True
copd,,,,False,tract_persistence,zcta,all_eligible,17031081201,3,remains_below_highest_quartile,True
copd,,,,False,tract_persistence,zcta,all_eligible,17031081300,3,remains_below_highest_quartile,True
copd,,,,False,tract_persistence,zcta,all_eligible,17031081401,3,remains_below_highest_quartile,True
copd,,,,False,tract_persistence,zcta,all_eligible,17031081402,3,remains_below_highest_quartile,True
copd,,,,False,tract_persistence,zcta,all_eligible,17031081500,3,remains_below_highest_quartile,True
copd,,,,False,tract_persistence,zcta,all_eligible,17031081700,3,remains_below_highest_quartile,True
copd,,,,False,tract_persistence,zcta,all_eligible,17031081800,3,remains_below_highest_quartile,True
copd,,,,False,tract_persistence,zcta,all_eligible,17031081900,3,moves_out_of_highest_quartile,True
copd,,,,False,tract_persistence,zcta,all_eligible,17031090200,3,remains_below_highest_quartile,True
copd,,,,False,tract_persistence,zcta,all_eligible,17031100300,3,remains_below_highest_quartile,True
copd,,,,False,tract_persistence,zcta,all_eligible,17031100500,2,remains_below_highest_quartile,True
copd,,,,False,tract_persistence,zcta,all_eligible,17031110100,3,remains_below_highest_quartile,True
copd,,,,False,tract_persistence,zcta,all_eligible,17031110400,3,remains_below_highest_quartile,True
copd,,,,False,tract_persistence,zcta,all_eligible,17031110501,3,remains_below_highest_quartile,True
copd,,,,False,tract_persistence,zcta,all_eligible,17031110502,3,remains_below_highest_quartile,True
copd,,,,False,tract_persistence,zcta,all_eligible,17031120200,3,remains_below_highest_quartile,True
copd,,,,False,tract_persistence,zcta,all_eligible,17031120300,3,remains_below_highest_quartile,True
copd,,,,False,tract_persistence,zcta,all_eligible,17031140400,3,remains_below_highest_quartile,True
copd,,,,False,tract_persistence,zcta,all_eligible,17031140800,3,remains_below_highest_quartile,True
copd,,,,False,tract_persistence,zcta,all_eligible,17031150200,3,remains_below_highest_quartile,True
copd,,,,False,tract_persistence,zcta,all_eligible,17031150300,3,remains_below_highest_quartile,True
copd,,,,False,tract_persistence,zcta,all_eligible,17031150402,3,remains_below_highest_quartile,True
copd,,,,False,tract_persistence,zcta,all_eligible,17031150700,3,remains_below_highest_quartile,True
copd,,,,False,tract_persistence,zcta,all_eligible,17031150800,3,remains_below_highest_quartile,True
copd,,,,False,tract_persistence,zcta,all_eligible,17031151100,3,remains_below_highest_quartile,True
copd,,,,False,tract_persistence,zcta,all_eligible,17031160300,3,remains_below_highest_quartile,True
copd,,,,False,tract_persistence,zcta,all_eligible,17031160400,3,remains_below_highest_quartile,True
copd,,,,False,tract_persistence,zcta,all_eligible,17031160700,3,remains_below_highest_quartile,True
copd,,,,False,tract_persistence,zcta,all_eligible,17031160900,3,remains_below_highest_quartile,True
copd,,,,False,tract_persistence,zcta,all_eligible,17031170200,3,remains_below_highest_quartile,True
copd,,,,False,tract_persistence,zcta,all_eligible,17031170300,3,remains_below_highest_quartile,True
copd,,,,False,tract_persistence,zcta,all_eligible,17031170400,3,remains_below_highest_quartile,True
copd,,,,False,tract_persistence,zcta,all_eligible,17031170500,3,remains_below_highest_quartile,True
copd,,,,False,tract_persistence,zcta,all_eligible,17031170800,3,moves_out_of_highest_quartile,True
copd,,,,False,tract_persistence,zcta,all_eligible,17031171000,3,remains_below_highest_quartile,True
copd,,,,False,tract_persistence,zcta,all_eligible,17031171100,3,remains_below_highest_quartile,True
copd,,,,False,tract_persistence,zcta,all_eligible,17031180100,3,remains_below_highest_quartile,True
copd,,,,False,tract_persistence,zcta,all_eligible,17031190200,3,remains_below_highest_quartile,True
copd,,,,False,tract_persistence,zcta,all_eligible,17031190300,3,remains_below_highest_quartile,True
copd,,,,False,tract_persistence,zcta,all_eligible,17031190402,3,remains_below_highest_quartile,True
copd,,,,False,tract_persistence,zcta,all_eligible,17031190800,3,remains_below_highest_quartile,True
copd,,,,False,tract_persistence,zcta,all_eligible,17031191100,3,remains_below_highest_quartile,True
copd,,,,False,tract_persistence,zcta,all_eligible,17031191301,3,remains_below_highest_quartile,True
copd,,,,False,tract_persistence,zcta,all_eligible,17031210100,3,remains_below_highest_quartile,True
copd,,,,False,tract_persistence,zcta,all_eligible,17031230700,3,moves_into_highest_quartile,True
copd,,,,False,tract_persistence,zcta,all_eligible,17031230900,3,moves_into_highest_quartile,True
copd,,,,False,tract_persistence,zcta,all_eligible,17031231100,3,moves_into_highest_quartile,True
copd,,,,False,tract_persistence,zcta,all_eligible,17031231200,3,moves_into_highest_quartile,True
copd,,,,False,tract_persistence,zcta,all_eligible,17031231500,3,remains_high,True
copd,,,,False,tract_persistence,zcta,all_eligible,17031241000,3,remains_below_highest_quartile,True
copd,,,,False,tract_persistence,zcta,all_eligible,17031241100,3,remains_below_highest_quartile,True
copd,,,,False,tract_persistence,zcta,all_eligible,17031242000,3,remains_below_highest_quartile,True
copd,,,,False,tract_persistence,zcta,all_eligible,17031242300,3,remains_below_highest_quartile,True
copd,,,,False,tract_persistence,zcta,all_eligible,17031242600,3,remains_below_highest_quartile,True
copd,,,,False,tract_persistence,zcta,all_eligible,17031243400,3,remains_below_highest_quartile,True
copd,,,,False,tract_persistence,zcta,all_eligible,17031243500,3,remains_below_highest_quartile,True
copd,,,,False,tract_persistence,zcta,all_eligible,17031250300,3,remains_below_highest_quartile,True
copd,,,,False,tract_persistence,zcta,all_eligible,17031250400,3,remains_below_highest_quartile,True
copd,,,,False,tract_persistence,zcta,all_eligible,17031250500,3,remains_below_highest_quartile,True
copd,,,,False,tract_persistence,zcta,all_eligible,17031250600,3,moves_into_highest_quartile,True
copd,,,,False,tract_persistence,zcta,all_eligible,17031250700,3,remains_high,True
copd,,,,False,tract_persistence,zcta,all_eligible,17031250800,3,moves_into_highest_quartile,True
copd,,,,False,tract_persistence,zcta,all_eligible,17031251100,3,remains_high,True
copd,,,,False,tract_persistence,zcta,all_eligible,17031251200,3,moves_into_highest_quartile,True
copd,,,,False,tract_persistence,zcta,all_eligible,17031251300,3,remains_high,True
copd,,,,False,tract_persistence,zcta,all_eligible,17031251400,3,remains_high,True
copd,,,,False,tract_persistence,zcta,all_eligible,17031251500,3,remains_high,True
copd,,,,False,tract_persistence,zcta,all_eligible,17031251600,3,remains_high,True
copd,,,,False,tract_persistence,zcta,all_eligible,17031251700,3,moves_into_highest_quartile,True
copd,,,,False,tract_persistence,zcta,all_eligible,17031251800,3,remains_high,True
copd,,,,False,tract_persistence,zcta,all_eligible,17031251900,3,moves_into_highest_quartile,True
copd,,,,False,tract_persistence,zcta,all_eligible,17031252000,3,remains_high,True
copd,,,,False,tract_persistence,zcta,all_eligible,17031252101,3,moves_into_highest_quartile,True
copd,,,,False,tract_persistence,zcta,all_eligible,17031252102,3,remains_high,True
copd,,,,False,tract_persistence,zcta,all_eligible,17031252201,3,remains_high,True
copd,,,,False,tract_persistence,zcta,all_eligible,17031252202,3,remains_high,True
copd,,,,False,tract_persistence,zcta,all_eligible,17031260100,3,remains_high,True
copd,,,,False,tract_persistence,zcta,all_eligible,17031260300,3,remains_high,True
copd,,,,False,tract_persistence,zcta,all_eligible,17031260400,3,moves_into_highest_quartile,True
copd,,,,False,tract_persistence,zcta,all_eligible,17031260500,3,remains_high,True
copd,,,,False,tract_persistence,zcta,all_eligible,17031260600,3,remains_high,True
copd,,,,False,tract_persistence,zcta,all_eligible,17031260700,3,remains_high,True
copd,,,,False,tract_persistence,zcta,all_eligible,17031260800,3,remains_high,True
copd,,,,False,tract_persistence,zcta,all_eligible,17031260900,3,moves_into_highest_quartile,True
copd,,,,False,tract_persistence,zcta,all_eligible,17031261000,3,remains_high,True
copd,,,,False,tract_persistence,zcta,all_eligible,17031270500,3,remains_high,True
copd,,,,False,tract_persistence,zcta,all_eligible,17031271200,3,remains_high,True
copd,,,,False,tract_persistence,zcta,all_eligible,17031271400,3,moves_into_highest_quartile,True
copd,,,,False,tract_persistence,zcta,all_eligible,17031271500,3,remains_high,True
copd,,,,False,tract_persistence,zcta,all_eligible,17031280400,3,remains_high,True
copd,,,,False,tract_persistence,zcta,all_eligible,17031280800,3,remains_high,True
copd,,,,False,tract_persistence,zcta,all_eligible,17031280900,3,remains_high,True
copd,,,,False,tract_persistence,zcta,all_eligible,17031281900,3,remains_below_highest_quartile,True
copd,,,,False,tract_persistence,zcta,all_eligible,17031282700,3,moves_into_highest_quartile,True
copd,,,,False,tract_persistence,zcta,all_eligible,17031283100,3,remains_below_highest_quartile,True
copd,,,,False,tract_persistence,zcta,all_eligible,17031283200,3,remains_below_highest_quartile,True
copd,,,,False,tract_persistence,zcta,all_eligible,17031283800,3,moves_out_of_highest_quartile,True
copd,,,,False,tract_persistence,zcta,all_eligible,17031290900,3,remains_below_highest_quartile,True
copd,,,,False,tract_persistence,zcta,all_eligible,17031291200,3,moves_out_of_highest_quartile,True
copd,,,,False,tract_persistence,zcta,all_eligible,17031292200,3,moves_out_of_highest_quartile,True
copd,,,,False,tract_persistence,zcta,all_eligible,17031292400,3,moves_out_of_highest_quartile,True
copd,,,,False,tract_persistence,zcta,all_eligible,17031292500,3,moves_out_of_highest_quartile,True
copd,,,,False,tract_persistence,zcta,all_eligible,17031300600,3,remains_below_highest_quartile,True
copd,,,,False,tract_persistence,zcta,all_eligible,17031300700,3,remains_below_highest_quartile,True
copd,,,,False,tract_persistence,zcta,all_eligible,17031301200,3,remains_below_highest_quartile,True
copd,,,,False,tract_persistence,zcta,all_eligible,17031301701,3,remains_below_highest_quartile,True
copd,,,,False,tract_persistence,zcta,all_eligible,17031301803,3,remains_below_highest_quartile,True
copd,,,,False,tract_persistence,zcta,all_eligible,17031310200,3,remains_below_highest_quartile,True
copd,,,,False,tract_persistence,zcta,all_eligible,17031310300,3,remains_below_highest_quartile,True
copd,,,,False,tract_persistence,zcta,all_eligible,17031310600,3,remains_below_highest_quartile,True
copd,,,,False,tract_persistence,zcta,all_eligible,17031310800,3,remains_below_highest_quartile,True
copd,,,,False,tract_persistence,zcta,all_eligible,17031310900,3,remains_below_highest_quartile,True
copd,,,,False,tract_persistence,zcta,all_eligible,17031320101,3,remains_below_highest_quartile,True
copd,,,,False,tract_persistence,zcta,all_eligible,17031320102,3,remains_below_highest_quartile,True
copd,,,,False,tract_persistence,zcta,all_eligible,17031320400,3,remains_below_highest_quartile,True
copd,,,,False,tract_persistence,zcta,all_eligible,17031320600,3,remains_below_highest_quartile,True
copd,,,,False,tract_persistence,zcta,all_eligible,17031330101,3,remains_below_highest_quartile,True
copd,,,,False,tract_persistence,zcta,all_eligible,17031330102,3,remains_below_highest_quartile,True
copd,,,,False,tract_persistence,zcta,all_eligible,17031330103,3,remains_below_highest_quartile,True
copd,,,,False,tract_persistence,zcta,all_eligible,17031330200,3,remains_below_highest_quartile,True
copd,,,,False,tract_persistence,zcta,all_eligible,17031340300,3,moves_out_of_highest_quartile,True
copd,,,,False,tract_persistence,zcta,all_eligible,17031340500,3,moves_out_of_highest_quartile,True
copd,,,,False,tract_persistence,zcta,all_eligible,17031350400,3,moves_out_of_highest_quartile,True
copd,,,,False,tract_persistence,zcta,all_eligible,17031351000,3,remains_below_highest_quartile,True
copd,,,,False,tract_persistence,zcta,all_eligible,17031351100,3,moves_into_highest_quartile,True
copd,,,,False,tract_persistence,zcta,all_eligible,17031351400,3,remains_high,True
copd,,,,False,tract_persistence,zcta,all_eligible,17031360200,3,moves_into_highest_quartile,True
copd,,,,False,tract_persistence,zcta,all_eligible,17031380100,3,remains_high,True
copd,,,,False,tract_persistence,zcta,all_eligible,17031380200,3,remains_high,True
copd,,,,False,tract_persistence,zcta,all_eligible,17031380600,3,moves_into_highest_quartile,True
copd,,,,False,tract_persistence,zcta,all_eligible,17031381200,3,remains_below_highest_quartile,True
copd,,,,False,tract_persistence,zcta,all_eligible,17031381500,3,remains_high,True
copd,,,,False,tract_persistence,zcta,all_eligible,17031381800,3,moves_out_of_highest_quartile,True
copd,,,,False,tract_persistence,zcta,all_eligible,17031381900,3,moves_out_of_highest_quartile,True
copd,,,,False,tract_persistence,zcta,all_eligible,17031390300,3,remains_high,True
copd,,,,False,tract_persistence,zcta,all_eligible,17031390400,3,moves_out_of_highest_quartile,True
copd,,,,False,tract_persistence,zcta,all_eligible,17031390600,3,remains_below_highest_quartile,True
copd,,,,False,tract_persistence,zcta,all_eligible,17031400300,3,unstable,False
copd,,,,False,tract_persistence,zcta,all_eligible,17031400400,3,moves_into_highest_quartile,True
copd,,,,False,tract_persistence,zcta,all_eligible,17031400500,3,moves_into_highest_quartile,True
copd,,,,False,tract_persistence,zcta,all_eligible,17031400800,3,remains_high,True
copd,,,,False,tract_persistence,zcta,all_eligible,17031410500,3,remains_below_highest_quartile,True
copd,,,,False,tract_persistence,zcta,all_eligible,17031410600,3,remains_below_highest_quartile,True
copd,,,,False,tract_persistence,zcta,all_eligible,17031410800,3,remains_below_highest_quartile,True
copd,,,,False,tract_persistence,zcta,all_eligible,17031420100,3,moves_into_highest_quartile,True
copd,,,,False,tract_persistence,zcta,all_eligible,17031420200,3,remains_high,True
copd,,,,False,tract_persistence,zcta,all_eligible,17031420400,3,moves_into_highest_quartile,True
copd,,,,False,tract_persistence,zcta,all_eligible,17031420500,3,unstable,False
copd,,,,False,tract_persistence,zcta,all_eligible,17031420600,3,unstable,False
copd,,,,False,tract_persistence,zcta,all_eligible,17031420700,3,remains_high,True
copd,,,,False,tract_persistence,zcta,all_eligible,17031420800,3,moves_into_highest_quartile,True
copd,,,,False,tract_persistence,zcta,all_eligible,17031421200,3,remains_high,True
copd,,,,False,tract_persistence,zcta,all_eligible,17031430101,3,moves_into_highest_quartile,True
copd,,,,False,tract_persistence,zcta,all_eligible,17031430200,3,moves_into_highest_quartile,True
copd,,,,False,tract_persistence,zcta,all_eligible,17031430500,3,remains_high,True
copd,,,,False,tract_persistence,zcta,all_eligible,17031430600,3,moves_into_highest_quartile,True
copd,,,,False,tract_persistence,zcta,all_eligible,17031430700,3,moves_into_highest_quartile,True
copd,,,,False,tract_persistence,zcta,all_eligible,17031430800,3,moves_into_highest_quartile,True
copd,,,,False,tract_persistence,zcta,all_eligible,17031430900,3,moves_into_highest_quartile,True
copd,,,,False,tract_persistence,zcta,all_eligible,17031431200,3,moves_into_highest_quartile,True
copd,,,,False,tract_persistence,zcta,all_eligible,17031431301,3,remains_high,True
copd,,,,False,tract_persistence,zcta,all_eligible,17031431302,3,moves_into_highest_quartile,True
copd,,,,False,tract_persistence,zcta,all_eligible,17031431400,3,remains_high,True
copd,,,,False,tract_persistence,zcta,all_eligible,17031440101,3,remains_high,True
copd,,,,False,tract_persistence,zcta,all_eligible,17031440102,3,remains_high,True
copd,,,,False,tract_persistence,zcta,all_eligible,17031440201,3,remains_high,True
copd,,,,False,tract_persistence,zcta,all_eligible,17031440202,3,moves_into_highest_quartile,True
copd,,,,False,tract_persistence,zcta,all_eligible,17031440300,3,moves_into_highest_quartile,True
copd,,,,False,tract_persistence,zcta,all_eligible,17031440600,3,moves_into_highest_quartile,True
copd,,,,False,tract_persistence,zcta,all_eligible,17031440900,3,moves_into_highest_quartile,True
copd,,,,False,tract_persistence,zcta,all_eligible,17031450300,3,remains_below_highest_quartile,True
copd,,,,False,tract_persistence,zcta,all_eligible,17031460100,3,moves_into_highest_quartile,True
copd,,,,False,tract_persistence,zcta,all_eligible,17031460301,3,remains_below_highest_quartile,True
copd,,,,False,tract_persistence,zcta,all_eligible,17031460400,3,remains_below_highest_quartile,True
copd,,,,False,tract_persistence,zcta,all_eligible,17031460500,3,remains_below_highest_quartile,True
copd,,,,False,tract_persistence,zcta,all_eligible,17031470100,3,remains_high,True
copd,,,,False,tract_persistence,zcta,all_eligible,17031480100,3,remains_below_highest_quartile,True
copd,,,,False,tract_persistence,zcta,all_eligible,17031480400,3,remains_below_highest_quartile,True
copd,,,,False,tract_persistence,zcta,all_eligible,17031480500,3,remains_below_highest_quartile,True
copd,,,,False,tract_persistence,zcta,all_eligible,17031490200,3,moves_into_highest_quartile,True
copd,,,,False,tract_persistence,zcta,all_eligible,17031490800,3,moves_into_highest_quartile,True
copd,,,,False,tract_persistence,zcta,all_eligible,17031490901,3,remains_high,True
copd,,,,False,tract_persistence,zcta,all_eligible,17031490902,3,remains_high,True
copd,,,,False,tract_persistence,zcta,all_eligible,17031491000,3,remains_high,True
copd,,,,False,tract_persistence,zcta,all_eligible,17031491100,3,moves_into_highest_quartile,True
copd,,,,False,tract_persistence,zcta,all_eligible,17031491200,3,moves_into_highest_quartile,True
copd,,,,False,tract_persistence,zcta,all_eligible,17031491300,3,remains_high,True
copd,,,,False,tract_persistence,zcta,all_eligible,17031491400,3,moves_into_highest_quartile,True
copd,,,,False,tract_persistence,zcta,all_eligible,17031500100,3,moves_into_highest_quartile,True
copd,,,,False,tract_persistence,zcta,all_eligible,17031510200,3,remains_below_highest_quartile,True
copd,,,,False,tract_persistence,zcta,all_eligible,17031510300,3,remains_below_highest_quartile,True
copd,,,,False,tract_persistence,zcta,all_eligible,17031520300,3,remains_below_highest_quartile,True
copd,,,,False,tract_persistence,zcta,all_eligible,17031520500,3,remains_below_highest_quartile,True
copd,,,,False,tract_persistence,zcta,all_eligible,17031530200,3,remains_high,True
copd,,,,False,tract_persistence,zcta,all_eligible,17031530300,3,remains_below_highest_quartile,True
copd,,,,False,tract_persistence,zcta,all_eligible,17031530501,3,moves_into_highest_quartile,True
copd,,,,False,tract_persistence,zcta,all_eligible,17031530502,3,remains_high,True
copd,,,,False,tract_persistence,zcta,all_eligible,17031530503,3,moves_into_highest_quartile,True
copd,,,,False,tract_persistence,zcta,all_eligible,17031530600,3,remains_high,True
copd,,,,False,tract_persistence,zcta,all_eligible,17031540101,3,remains_high,True
copd,,,,False,tract_persistence,zcta,all_eligible,17031540102,3,remains_high,True
copd,,,,False,tract_persistence,zcta,all_eligible,17031550100,3,remains_below_highest_quartile,True
copd,,,,False,tract_persistence,zcta,all_eligible,17031560200,3,remains_below_highest_quartile,True
copd,,,,False,tract_persistence,zcta,all_eligible,17031560300,3,remains_below_highest_quartile,True
copd,,,,False,tract_persistence,zcta,all_eligible,17031560700,3,remains_below_highest_quartile,True
copd,,,,False,tract_persistence,zcta,all_eligible,17031560800,3,remains_below_highest_quartile,True
copd,,,,False,tract_persistence,zcta,all_eligible,17031561000,3,remains_below_highest_quartile,True
copd,,,,False,tract_persistence,zcta,all_eligible,17031561100,3,remains_below_highest_quartile,True
copd,,,,False,tract_persistence,zcta,all_eligible,17031570300,3,remains_below_highest_quartile,True
copd,,,,False,tract_persistence,zcta,all_eligible,17031580100,3,remains_below_highest_quartile,True
copd,,,,False,tract_persistence,zcta,all_eligible,17031580400,3,remains_below_highest_quartile,True
copd,,,,False,tract_persistence,zcta,all_eligible,17031580502,3,remains_below_highest_quartile,True
copd,,,,False,tract_persistence,zcta,all_eligible,17031580600,3,remains_below_highest_quartile,True
copd,,,,False,tract_persistence,zcta,all_eligible,17031580700,3,remains_below_highest_quartile,True
copd,,,,False,tract_persistence,zcta,all_eligible,17031590600,3,remains_below_highest_quartile,True
copd,,,,False,tract_persistence,zcta,all_eligible,17031600400,3,remains_below_highest_quartile,True
copd,,,,False,tract_persistence,zcta,all_eligible,17031600900,3,remains_below_highest_quartile,True
copd,,,,False,tract_persistence,zcta,all_eligible,17031610300,3,remains_below_highest_quartile,True
copd,,,,False,tract_persistence,zcta,all_eligible,17031610400,3,remains_below_highest_quartile,True
copd,,,,False,tract_persistence,zcta,all_eligible,17031611300,3,remains_below_highest_quartile,True
copd,,,,False,tract_persistence,zcta,all_eligible,17031611800,3,remains_below_highest_quartile,True
copd,,,,False,tract_persistence,zcta,all_eligible,17031611900,3,remains_below_highest_quartile,True
copd,,,,False,tract_persistence,zcta,all_eligible,17031612000,3,remains_below_highest_quartile,True
copd,,,,False,tract_persistence,zcta,all_eligible,17031612100,3,moves_out_of_highest_quartile,True
copd,,,,False,tract_persistence,zcta,all_eligible,17031612200,3,remains_below_highest_quartile,True
copd,,,,False,tract_persistence,zcta,all_eligible,17031620300,3,remains_below_highest_quartile,True
copd,,,,False,tract_persistence,zcta,all_eligible,17031630400,3,remains_below_highest_quartile,True
copd,,,,False,tract_persistence,zcta,all_eligible,17031630500,3,remains_below_highest_quartile,True
copd,,,,False,tract_persistence,zcta,all_eligible,17031630800,3,remains_below_highest_quartile,True
copd,,,,False,tract_persistence,zcta,all_eligible,17031640300,3,remains_below_highest_quartile,True
copd,,,,False,tract_persistence,zcta,all_eligible,17031640500,3,remains_below_highest_quartile,True
copd,,,,False,tract_persistence,zcta,all_eligible,17031640600,3,remains_below_highest_quartile,True
copd,,,,False,tract_persistence,zcta,all_eligible,17031640700,3,remains_below_highest_quartile,True
copd,,,,False,tract_persistence,zcta,all_eligible,17031650100,3,remains_below_highest_quartile,True
copd,,,,False,tract_persistence,zcta,all_eligible,17031650200,3,remains_below_highest_quartile,True
copd,,,,False,tract_persistence,zcta,all_eligible,17031650302,3,remains_below_highest_quartile,True
copd,,,,False,tract_persistence,zcta,all_eligible,17031650400,3,remains_below_highest_quartile,True
copd,,,,False,tract_persistence,zcta,all_eligible,17031650500,3,remains_below_highest_quartile,True
copd,,,,False,tract_persistence,zcta,all_eligible,17031660600,3,remains_below_highest_quartile,True
copd,,,,False,tract_persistence,zcta,all_eligible,17031660700,3,unstable,False
copd,,,,False,tract_persistence,zcta,all_eligible,17031660800,3,remains_below_highest_quartile,True
copd,,,,False,tract_persistence,zcta,all_eligible,17031660900,3,remains_below_highest_quartile,True
copd,,,,False,tract_persistence,zcta,all_eligible,17031670300,3,moves_into_highest_quartile,True
copd,,,,False,tract_persistence,zcta,all_eligible,17031670400,3,unstable,False
copd,,,,False,tract_persistence,zcta,all_eligible,17031670700,3,unstable,False
copd,,,,False,tract_persistence,zcta,all_eligible,17031670800,3,moves_into_highest_quartile,True
copd,,,,False,tract_persistence,zcta,all_eligible,17031671300,3,remains_high,True
copd,,,,False,tract_persistence,zcta,all_eligible,17031671500,3,moves_into_highest_quartile,True
copd,,,,False,tract_persistence,zcta,all_eligible,17031680500,3,remains_high,True
copd,,,,False,tract_persistence,zcta,all_eligible,17031680900,3,remains_high,True
copd,,,,False,tract_persistence,zcta,all_eligible,17031681000,3,moves_into_highest_quartile,True
copd,,,,False,tract_persistence,zcta,all_eligible,17031681100,3,remains_high,True
copd,,,,False,tract_persistence,zcta,all_eligible,17031681200,3,moves_into_highest_quartile,True
copd,,,,False,tract_persistence,zcta,all_eligible,17031681300,3,remains_high,True
copd,,,,False,tract_persistence,zcta,all_eligible,17031690300,3,remains_high,True
copd,,,,False,tract_persistence,zcta,all_eligible,17031690400,3,moves_into_highest_quartile,True
copd,,,,False,tract_persistence,zcta,all_eligible,17031690900,3,moves_into_highest_quartile,True
copd,,,,False,tract_persistence,zcta,all_eligible,17031691000,3,moves_into_highest_quartile,True
copd,,,,False,tract_persistence,zcta,all_eligible,17031691100,3,moves_into_highest_quartile,True
copd,,,,False,tract_persistence,zcta,all_eligible,17031691200,3,remains_high,True
copd,,,,False,tract_persistence,zcta,all_eligible,17031691300,3,remains_high,True
copd,,,,False,tract_persistence,zcta,all_eligible,17031691400,3,remains_high,True
copd,,,,False,tract_persistence,zcta,all_eligible,17031691500,3,remains_high,True
copd,,,,False,tract_persistence,zcta,all_eligible,17031700100,3,remains_below_highest_quartile,True
copd,,,,False,tract_persistence,zcta,all_eligible,17031700301,3,remains_below_highest_quartile,True
copd,,,,False,tract_persistence,zcta,all_eligible,17031700302,3,remains_below_highest_quartile,True
copd,,,,False,tract_persistence,zcta,all_eligible,17031700401,3,remains_below_highest_quartile,True
copd,,,,False,tract_persistence,zcta,all_eligible,17031700501,3,remains_below_highest_quartile,True
copd,,,,False,tract_persistence,zcta,all_eligible,17031700502,3,remains_below_highest_quartile,True
copd,,,,False,tract_persistence,zcta,all_eligible,17031710200,3,moves_into_highest_quartile,True
copd,,,,False,tract_persistence,zcta,all_eligible,17031710400,3,moves_into_highest_quartile,True
copd,,,,False,tract_persistence,zcta,all_eligible,17031710500,3,moves_into_highest_quartile,True
copd,,,,False,tract_persistence,zcta,all_eligible,17031710600,3,moves_into_highest_quartile,True
copd,,,,False,tract_persistence,zcta,all_eligible,17031710700,3,moves_into_highest_quartile,True
copd,,,,False,tract_persistence,zcta,all_eligible,17031710800,3,remains_high,True
copd,,,,False,tract_persistence,zcta,all_eligible,17031710900,3,moves_into_highest_quartile,True
copd,,,,False,tract_persistence,zcta,all_eligible,17031711000,3,remains_high,True
copd,,,,False,tract_persistence,zcta,all_eligible,17031711100,3,moves_into_highest_quartile,True
copd,,,,False,tract_persistence,zcta,all_eligible,17031711200,3,remains_high,True
copd,,,,False,tract_persistence,zcta,all_eligible,17031711400,3,moves_into_highest_quartile,True
copd,,,,False,tract_persistence,zcta,all_eligible,17031720100,3,remains_below_highest_quartile,True
copd,,,,False,tract_persistence,zcta,all_eligible,17031720200,3,remains_below_highest_quartile,True
copd,,,,False,tract_persistence,zcta,all_eligible,17031720700,3,remains_below_highest_quartile,True
copd,,,,False,tract_persistence,zcta,all_eligible,17031730201,3,moves_into_highest_quartile,True
copd,,,,False,tract_persistence,zcta,all_eligible,17031730202,3,moves_into_highest_quartile,True
copd,,,,False,tract_persistence,zcta,all_eligible,17031730600,3,remains_below_highest_quartile,True
copd,,,,False,tract_persistence,zcta,all_eligible,17031730700,3,remains_below_highest_quartile,True
copd,,,,False,tract_persistence,zcta,all_eligible,17031740200,3,remains_below_highest_quartile,True
copd,,,,False,tract_persistence,zcta,all_eligible,17031740300,3,remains_below_highest_quartile,True
copd,,,,False,tract_persistence,zcta,all_eligible,17031740400,3,moves_out_of_highest_quartile,True
copd,,,,False,tract_persistence,zcta,all_eligible,17031750100,3,unstable,False
copd,,,,False,tract_persistence,zcta,all_eligible,17031750200,3,remains_below_highest_quartile,True
copd,,,,False,tract_persistence,zcta,all_eligible,17031750400,3,remains_below_highest_quartile,True
copd,,,,False,tract_persistence,zcta,all_eligible,17031750500,3,remains_below_highest_quartile,True
copd,,,,False,tract_persistence,zcta,all_eligible,17031750600,3,unstable,False
copd,,,,False,tract_persistence,zcta,all_eligible,17031830600,3,remains_below_highest_quartile,True
copd,,,,False,tract_persistence,zcta,all_eligible,17031830700,3,remains_below_highest_quartile,True
copd,,,,False,tract_persistence,zcta,all_eligible,17031831200,3,remains_below_highest_quartile,True
copd,,,,False,tract_persistence,zcta,all_eligible,17031831400,3,remains_high,True
copd,,,,False,tract_persistence,zcta,all_eligible,17031831500,3,remains_below_highest_quartile,True
copd,,,,False,tract_persistence,zcta,all_eligible,17031831600,3,remains_below_highest_quartile,True
copd,,,,False,tract_persistence,zcta,all_eligible,17031832500,3,remains_below_highest_quartile,True
copd,,,,False,tract_persistence,zcta,all_eligible,17031832900,3,remains_below_highest_quartile,True
copd,,,,False,tract_persistence,zcta,all_eligible,17031833000,3,remains_below_highest_quartile,True
copd,,,,False,tract_persistence,zcta,all_eligible,17031833100,3,remains_below_highest_quartile,True
copd,,,,False,tract_persistence,zcta,all_eligible,17031833300,3,remains_below_highest_quartile,True
copd,,,,False,tract_persistence,zcta,all_eligible,17031834000,3,moves_into_highest_quartile,True
copd,,,,False,tract_persistence,zcta,all_eligible,17031834200,3,moves_into_highest_quartile,True
copd,,,,False,tract_persistence,zcta,all_eligible,17031834400,3,moves_into_highest_quartile,True
copd,,,,False,tract_persistence,zcta,all_eligible,17031834500,3,remains_high,True
copd,,,,False,tract_persistence,zcta,all_eligible,17031834600,3,remains_high,True
copd,,,,False,tract_persistence,zcta,all_eligible,17031834700,3,moves_into_highest_quartile,True
copd,,,,False,tract_persistence,zcta,all_eligible,17031834800,3,remains_high,True
copd,,,,False,tract_persistence,zcta,all_eligible,17031834900,3,unstable,False
copd,,,,False,tract_persistence,zcta,all_eligible,17031835200,3,remains_below_highest_quartile,True
copd,,,,False,tract_persistence,zcta,all_eligible,17031835500,3,moves_out_of_highest_quartile,True
copd,,,,False,tract_persistence,zcta,all_eligible,17031835600,3,moves_out_of_highest_quartile,True
copd,,,,False,tract_persistence,zcta,all_eligible,17031836000,3,moves_into_highest_quartile,True
copd,,,,False,tract_persistence,zcta,all_eligible,17031836100,3,remains_below_highest_quartile,True
copd,,,,False,tract_persistence,zcta,all_eligible,17031836300,3,remains_below_highest_quartile,True
copd,,,,False,tract_persistence,zcta,all_eligible,17031836500,3,moves_into_highest_quartile,True
copd,,,,False,tract_persistence,zcta,all_eligible,17031836600,3,moves_into_highest_quartile,True
copd,,,,False,tract_persistence,zcta,all_eligible,17031836700,3,moves_into_highest_quartile,True
copd,,,,False,tract_persistence,zcta,all_eligible,17031836800,3,remains_high,True
copd,,,,False,tract_persistence,zcta,all_eligible,17031836900,3,moves_into_highest_quartile,True
copd,,,,False,tract_persistence,zcta,all_eligible,17031837000,3,moves_into_highest_quartile,True
copd,,,,False,tract_persistence,zcta,all_eligible,17031837300,3,moves_into_highest_quartile,True
copd,,,,False,tract_persistence,zcta,all_eligible,17031837400,3,remains_high,True
copd,,,,False,tract_persistence,zcta,all_eligible,17031837800,3,moves_into_highest_quartile,True
copd,,,,False,tract_persistence,zcta,all_eligible,17031838000,3,remains_high,True
copd,,,,False,tract_persistence,zcta,all_eligible,17031838100,3,remains_high,True
copd,,,,False,tract_persistence,zcta,all_eligible,17031838200,3,moves_into_highest_quartile,True
copd,,,,False,tract_persistence,zcta,all_eligible,17031838300,3,remains_below_highest_quartile,True
copd,,,,False,tract_persistence,zcta,all_eligible,17031838600,3,remains_high,True
copd,,,,False,tract_persistence,zcta,all_eligible,17031838700,3,moves_out_of_highest_quartile,True
copd,,,,False,tract_persistence,zcta,all_eligible,17031839000,3,remains_below_highest_quartile,True
copd,,,,False,tract_persistence,zcta,all_eligible,17031839100,3,remains_below_highest_quartile,True
copd,,,,False,tract_persistence,zcta,all_eligible,17031839200,3,unstable,False
copd,,,,False,tract_persistence,zcta,all_eligible,17031839500,3,moves_out_of_highest_quartile,True
copd,,,,False,tract_persistence,zcta,all_eligible,17031839600,3,remains_high,True
copd,,,,False,tract_persistence,zcta,all_eligible,17031839700,3,remains_below_highest_quartile,True
copd,,,,False,tract_persistence,zcta,all_eligible,17031839800,3,remains_below_highest_quartile,True
copd,,,,False,tract_persistence,zcta,all_eligible,17031839900,3,remains_below_highest_quartile,True
copd,,,,False,tract_persistence,zcta,all_eligible,17031840100,3,remains_below_highest_quartile,True
copd,,,,False,tract_persistence,zcta,all_eligible,17031840300,3,remains_below_highest_quartile,True
copd,,,,False,tract_persistence,zcta,all_eligible,17031841100,3,remains_below_highest_quartile,True
copd,,,,False,tract_persistence,zcta,all_eligible,17031841500,3,remains_below_highest_quartile,True
copd,,,,False,tract_persistence,zcta,all_eligible,17031841700,3,moves_out_of_highest_quartile,True
copd,,,,False,tract_persistence,zcta,all_eligible,17031841800,3,remains_high,True
copd,,,,False,tract_persistence,zcta,all_eligible,17031841900,3,remains_below_highest_quartile,True
copd,,,,False,tract_persistence,zcta,all_eligible,17031842000,3,remains_below_highest_quartile,True
copd,,,,False,tract_persistence,zcta,all_eligible,17031842200,3,remains_below_highest_quartile,True
copd,,,,False,tract_persistence,zcta,all_eligible,17031842500,3,moves_into_highest_quartile,True
copd,,,,False,tract_persistence,zcta,all_eligible,17031842600,3,moves_out_of_highest_quartile,True
copd,,,,False,tract_persistence,zcta,all_eligible,17031842800,3,remains_below_highest_quartile,True
copd,,,,False,tract_persistence,zcta,all_eligible,17031842900,3,moves_out_of_highest_quartile,True
copd,,,,False,tract_persistence,zcta,all_eligible,17031843000,3,remains_high,True
copd,,,,False,tract_persistence,zcta,all_eligible,17031843200,3,remains_below_highest_quartile,True
copd,,,,False,tract_persistence,zcta,all_eligible,17031843300,3,remains_below_highest_quartile,True
copd,,,,False,tract_persistence,zcta,all_eligible,17031843600,3,remains_below_highest_quartile,True
copd,,,,False,tract_persistence,zcta,all_eligible,17031843800,3,moves_out_of_highest_quartile,True
hypertension,,,,False,tract_persistence,zcta,all_eligible,17031010100,3,remains_below_highest_quartile,True
hypertension,,,,False,tract_persistence,zcta,all_eligible,17031010201,3,remains_below_highest_quartile,True
hypertension,,,,False,tract_persistence,zcta,all_eligible,17031010202,3,remains_below_highest_quartile,True
hypertension,,,,False,tract_persistence,zcta,all_eligible,17031010300,3,remains_below_highest_quartile,True
hypertension,,,,False,tract_persistence,zcta,all_eligible,17031010501,3,remains_below_highest_quartile,True
hypertension,,,,False,tract_persistence,zcta,all_eligible,17031010502,3,remains_below_highest_quartile,True
hypertension,,,,False,tract_persistence,zcta,all_eligible,17031010503,3,remains_below_highest_quartile,True
hypertension,,,,False,tract_persistence,zcta,all_eligible,17031010600,3,remains_below_highest_quartile,True
hypertension,,,,False,tract_persistence,zcta,all_eligible,17031010701,3,remains_below_highest_quartile,True
hypertension,,,,False,tract_persistence,zcta,all_eligible,17031010702,3,remains_below_highest_quartile,True
hypertension,,,,False,tract_persistence,zcta,all_eligible,17031020100,3,remains_below_highest_quartile,True
hypertension,,,,False,tract_persistence,zcta,all_eligible,17031020200,3,remains_below_highest_quartile,True
hypertension,,,,False,tract_persistence,zcta,all_eligible,17031020301,3,remains_below_highest_quartile,True
hypertension,,,,False,tract_persistence,zcta,all_eligible,17031020302,3,remains_below_highest_quartile,True
hypertension,,,,False,tract_persistence,zcta,all_eligible,17031020400,3,remains_below_highest_quartile,True
hypertension,,,,False,tract_persistence,zcta,all_eligible,17031020500,3,remains_below_highest_quartile,True
hypertension,,,,False,tract_persistence,zcta,all_eligible,17031020601,3,remains_below_highest_quartile,True
hypertension,,,,False,tract_persistence,zcta,all_eligible,17031020602,3,remains_below_highest_quartile,True
hypertension,,,,False,tract_persistence,zcta,all_eligible,17031020701,3,remains_below_highest_quartile,True
hypertension,,,,False,tract_persistence,zcta,all_eligible,17031020702,3,remains_below_highest_quartile,True
hypertension,,,,False,tract_persistence,zcta,all_eligible,17031020801,3,remains_below_highest_quartile,True
hypertension,,,,False,tract_persistence,zcta,all_eligible,17031020802,3,remains_below_highest_quartile,True
hypertension,,,,False,tract_persistence,zcta,all_eligible,17031020901,3,remains_below_highest_quartile,True
hypertension,,,,False,tract_persistence,zcta,all_eligible,17031020902,3,remains_below_highest_quartile,True
hypertension,,,,False,tract_persistence,zcta,all_eligible,17031030101,3,remains_below_highest_quartile,True
hypertension,,,,False,tract_persistence,zcta,all_eligible,17031030102,3,remains_below_highest_quartile,True
hypertension,,,,False,tract_persistence,zcta,all_eligible,17031030103,3,remains_below_highest_quartile,True
hypertension,,,,False,tract_persistence,zcta,all_eligible,17031030104,3,remains_below_highest_quartile,True
hypertension,,,,False,tract_persistence,zcta,all_eligible,17031030200,3,remains_below_highest_quartile,True
hypertension,,,,False,tract_persistence,zcta,all_eligible,17031030300,3,remains_below_highest_quartile,True
hypertension,,,,False,tract_persistence,zcta,all_eligible,17031030400,3,remains_below_highest_quartile,True
hypertension,,,,False,tract_persistence,zcta,all_eligible,17031030500,3,remains_below_highest_quartile,True
hypertension,,,,False,tract_persistence,zcta,all_eligible,17031030601,3,remains_below_highest_quartile,True
hypertension,,,,False,tract_persistence,zcta,all_eligible,17031030603,3,remains_below_highest_quartile,True
hypertension,,,,False,tract_persistence,zcta,all_eligible,17031030604,3,remains_below_highest_quartile,True
hypertension,,,,False,tract_persistence,zcta,all_eligible,17031030701,3,remains_below_highest_quartile,True
hypertension,,,,False,tract_persistence,zcta,all_eligible,17031030702,3,remains_below_highest_quartile,True
hypertension,,,,False,tract_persistence,zcta,all_eligible,17031030703,3,remains_below_highest_quartile,True
hypertension,,,,False,tract_persistence,zcta,all_eligible,17031030800,3,remains_below_highest_quartile,True
hypertension,,,,False,tract_persistence,zcta,all_eligible,17031030900,3,remains_below_highest_quartile,True
hypertension,,,,False,tract_persistence,zcta,all_eligible,17031031000,3,remains_below_highest_quartile,True
hypertension,,,,False,tract_persistence,zcta,all_eligible,17031031100,3,remains_below_highest_quartile,True
hypertension,,,,False,tract_persistence,zcta,all_eligible,17031031200,3,remains_below_highest_quartile,True
hypertension,,,,False,tract_persistence,zcta,all_eligible,17031031300,3,remains_below_highest_quartile,True
hypertension,,,,False,tract_persistence,zcta,all_eligible,17031031501,3,remains_below_highest_quartile,True
hypertension,,,,False,tract_persistence,zcta,all_eligible,17031031502,3,remains_below_highest_quartile,True
hypertension,,,,False,tract_persistence,zcta,all_eligible,17031031700,3,remains_below_highest_quartile,True
hypertension,,,,False,tract_persistence,zcta,all_eligible,17031031800,3,remains_below_highest_quartile,True
hypertension,,,,False,tract_persistence,zcta,all_eligible,17031031900,3,remains_below_highest_quartile,True
hypertension,,,,False,tract_persistence,zcta,all_eligible,17031032100,3,remains_below_highest_quartile,True
hypertension,,,,False,tract_persistence,zcta,all_eligible,17031040100,3,remains_below_highest_quartile,True
hypertension,,,,False,tract_persistence,zcta,all_eligible,17031040201,3,remains_below_highest_quartile,True
hypertension,,,,False,tract_persistence,zcta,all_eligible,17031040202,3,remains_below_highest_quartile,True
hypertension,,,,False,tract_persistence,zcta,all_eligible,17031040401,3,remains_below_highest_quartile,True
hypertension,,,,False,tract_persistence,zcta,all_eligible,17031040402,3,remains_below_highest_quartile,True
hypertension,,,,False,tract_persistence,zcta,all_eligible,17031040600,3,remains_below_highest_quartile,True
hypertension,,,,False,tract_persistence,zcta,all_eligible,17031040800,3,remains_below_highest_quartile,True
hypertension,,,,False,tract_persistence,zcta,all_eligible,17031040900,3,remains_below_highest_quartile,True
hypertension,,,,False,tract_persistence,zcta,all_eligible,17031050100,3,remains_below_highest_quartile,True
hypertension,,,,False,tract_persistence,zcta,all_eligible,17031050200,3,remains_below_highest_quartile,True
hypertension,,,,False,tract_persistence,zcta,all_eligible,17031050300,3,remains_below_highest_quartile,True
hypertension,,,,False,tract_persistence,zcta,all_eligible,17031050500,3,remains_below_highest_quartile,True
hypertension,,,,False,tract_persistence,zcta,all_eligible,17031050600,3,remains_below_highest_quartile,True
hypertension,,,,False,tract_persistence,zcta,all_eligible,17031050700,3,remains_below_highest_quartile,True
hypertension,,,,False,tract_persistence,zcta,all_eligible,17031050800,3,remains_below_highest_quartile,True
hypertension,,,,False,tract_persistence,zcta,all_eligible,17031050900,3,remains_below_highest_quartile,True
hypertension,,,,False,tract_persistence,zcta,all_eligible,17031051000,3,remains_below_highest_quartile,True
hypertension,,,,False,tract_persistence,zcta,all_eligible,17031051100,3,remains_below_highest_quartile,True
hypertension,,,,False,tract_persistence,zcta,all_eligible,17031051200,3,remains_below_highest_quartile,True
hypertension,,,,False,tract_persistence,zcta,all_eligible,17031051300,3,remains_below_highest_quartile,True
hypertension,,,,False,tract_persistence,zcta,all_eligible,17031051400,3,remains_below_highest_quartile,True
hypertension,,,,False,tract_persistence,zcta,all_eligible,17031060100,3,remains_below_highest_quartile,True
hypertension,,,,False,tract_persistence,zcta,all_eligible,17031060200,3,remains_below_highest_quartile,True
hypertension,,,,False,tract_persistence,zcta,all_eligible,17031060300,3,remains_below_highest_quartile,True
hypertension,,,,False,tract_persistence,zcta,all_eligible,17031060400,3,remains_below_highest_quartile,True
hypertension,,,,False,tract_persistence,zcta,all_eligible,17031060500,3,remains_below_highest_quartile,True
hypertension,,,,False,tract_persistence,zcta,all_eligible,17031060800,3,remains_below_highest_quartile,True
hypertension,,,,False,tract_persistence,zcta,all_eligible,17031060900,3,remains_below_highest_quartile,True
hypertension,,,,False,tract_persistence,zcta,all_eligible,17031061000,3,remains_below_highest_quartile,True
hypertension,,,,False,tract_persistence,zcta,all_eligible,17031061100,3,remains_below_highest_quartile,True
hypertension,,,,False,tract_persistence,zcta,all_eligible,17031061200,3,remains_below_highest_quartile,True
hypertension,,,,False,tract_persistence,zcta,all_eligible,17031061500,3,remains_below_highest_quartile,True
hypertension,,,,False,tract_persistence,zcta,all_eligible,17031061800,3,remains_below_highest_quartile,True
hypertension,,,,False,tract_persistence,zcta,all_eligible,17031061901,3,remains_below_highest_quartile,True
hypertension,,,,False,tract_persistence,zcta,all_eligible,17031061902,3,remains_below_highest_quartile,True
hypertension,,,,False,tract_persistence,zcta,all_eligible,17031062000,3,remains_below_highest_quartile,True
hypertension,,,,False,tract_persistence,zcta,all_eligible,17031062100,3,remains_below_highest_quartile,True
hypertension,,,,False,tract_persistence,zcta,all_eligible,17031062200,3,remains_below_highest_quartile,True
hypertension,,,,False,tract_persistence,zcta,all_eligible,17031062300,3,remains_below_highest_quartile,True
hypertension,,,,False,tract_persistence,zcta,all_eligible,17031062400,3,remains_below_highest_quartile,True
hypertension,,,,False,tract_persistence,zcta,all_eligible,17031062500,3,remains_below_highest_quartile,True
hypertension,,,,False,tract_persistence,zcta,all_eligible,17031062600,3,remains_below_highest_quartile,True
hypertension,,,,False,tract_persistence,zcta,all_eligible,17031062700,3,remains_below_highest_quartile,True
hypertension,,,,False,tract_persistence,zcta,all_eligible,17031062800,3,remains_below_highest_quartile,True
hypertension,,,,False,tract_persistence,zcta,all_eligible,17031062900,3,remains_below_highest_quartile,True
hypertension,,,,False,tract_persistence,zcta,all_eligible,17031063000,3,remains_below_highest_quartile,True
hypertension,,,,False,tract_persistence,zcta,all_eligible,17031063100,3,remains_below_highest_quartile,True
hypertension,,,,False,tract_persistence,zcta,all_eligible,17031063200,3,remains_below_highest_quartile,True
hypertension,,,,False,tract_persistence,zcta,all_eligible,17031063301,3,remains_below_highest_quartile,True
hypertension,,,,False,tract_persistence,zcta,all_eligible,17031063302,3,remains_below_highest_quartile,True
hypertension,,,,False,tract_persistence,zcta,all_eligible,17031063303,3,remains_below_highest_quartile,True
hypertension,,,,False,tract_persistence,zcta,all_eligible,17031063400,3,remains_below_highest_quartile,True
hypertension,,,,False,tract_persistence,zcta,all_eligible,17031070101,3,remains_below_highest_quartile,True
hypertension,,,,False,tract_persistence,zcta,all_eligible,17031070102,3,remains_below_highest_quartile,True
hypertension,,,,False,tract_persistence,zcta,all_eligible,17031070103,3,remains_below_highest_quartile,True
hypertension,,,,False,tract_persistence,zcta,all_eligible,17031070200,3,remains_below_highest_quartile,True
hypertension,,,,False,tract_persistence,zcta,all_eligible,17031070300,3,remains_below_highest_quartile,True
hypertension,,,,False,tract_persistence,zcta,all_eligible,17031070400,3,remains_below_highest_quartile,True
hypertension,,,,False,tract_persistence,zcta,all_eligible,17031070500,3,remains_below_highest_quartile,True
hypertension,,,,False,tract_persistence,zcta,all_eligible,17031070600,3,remains_below_highest_quartile,True
hypertension,,,,False,tract_persistence,zcta,all_eligible,17031070700,3,remains_below_highest_quartile,True
hypertension,,,,False,tract_persistence,zcta,all_eligible,17031071000,3,remains_below_highest_quartile,True
hypertension,,,,False,tract_persistence,zcta,all_eligible,17031071100,3,remains_below_highest_quartile,True
hypertension,,,,False,tract_persistence,zcta,all_eligible,17031071200,3,remains_below_highest_quartile,True
hypertension,,,,False,tract_persistence,zcta,all_eligible,17031071300,3,remains_below_highest_quartile,True
hypertension,,,,False,tract_persistence,zcta,all_eligible,17031071400,3,remains_below_highest_quartile,True
hypertension,,,,False,tract_persistence,zcta,all_eligible,17031071500,3,remains_below_highest_quartile,True
hypertension,,,,False,tract_persistence,zcta,all_eligible,17031071600,3,remains_below_highest_quartile,True
hypertension,,,,False,tract_persistence,zcta,all_eligible,17031071700,3,remains_below_highest_quartile,True
hypertension,,,,False,tract_persistence,zcta,all_eligible,17031071800,3,remains_below_highest_quartile,True
hypertension,,,,False,tract_persistence,zcta,all_eligible,17031080100,3,remains_below_highest_quartile,True
hypertension,,,,False,tract_persistence,zcta,all_eligible,17031080201,3,remains_below_highest_quartile,True
hypertension,,,,False,tract_persistence,zcta,all_eligible,17031080202,3,remains_below_highest_quartile,True
hypertension,,,,False,tract_persistence,zcta,all_eligible,17031080300,3,remains_below_highest_quartile,True
hypertension,,,,False,tract_persistence,zcta,all_eligible,17031080400,3,remains_below_highest_quartile,True
hypertension,,,,False,tract_persistence,zcta,all_eligible,17031081000,3,remains_below_highest_quartile,True
hypertension,,,,False,tract_persistence,zcta,all_eligible,17031081100,3,remains_below_highest_quartile,True
hypertension,,,,False,tract_persistence,zcta,all_eligible,17031081201,3,remains_below_highest_quartile,True
hypertension,,,,False,tract_persistence,zcta,all_eligible,17031081300,3,remains_below_highest_quartile,True
hypertension,,,,False,tract_persistence,zcta,all_eligible,17031081401,3,remains_below_highest_quartile,True
hypertension,,,,False,tract_persistence,zcta,all_eligible,17031081402,3,remains_below_highest_quartile,True
hypertension,,,,False,tract_persistence,zcta,all_eligible,17031081500,3,remains_below_highest_quartile,True
hypertension,,,,False,tract_persistence,zcta,all_eligible,17031081600,3,remains_below_highest_quartile,True
hypertension,,,,False,tract_persistence,zcta,all_eligible,17031081700,3,remains_below_highest_quartile,True
hypertension,,,,False,tract_persistence,zcta,all_eligible,17031081800,3,remains_below_highest_quartile,True
hypertension,,,,False,tract_persistence,zcta,all_eligible,17031081900,3,remains_below_highest_quartile,True
hypertension,,,,False,tract_persistence,zcta,all_eligible,17031090100,3,remains_below_highest_quartile,True
hypertension,,,,False,tract_persistence,zcta,all_eligible,17031090200,3,remains_below_highest_quartile,True
hypertension,,,,False,tract_persistence,zcta,all_eligible,17031090300,3,remains_below_highest_quartile,True
hypertension,,,,False,tract_persistence,zcta,all_eligible,17031100100,3,remains_below_highest_quartile,True
hypertension,,,,False,tract_persistence,zcta,all_eligible,17031100200,3,remains_below_highest_quartile,True
hypertension,,,,False,tract_persistence,zcta,all_eligible,17031100300,3,remains_below_highest_quartile,True
hypertension,,,,False,tract_persistence,zcta,all_eligible,17031100400,3,remains_below_highest_quartile,True
hypertension,,,,False,tract_persistence,zcta,all_eligible,17031100500,3,remains_below_highest_quartile,True
hypertension,,,,False,tract_persistence,zcta,all_eligible,17031100600,3,remains_below_highest_quartile,True
hypertension,,,,False,tract_persistence,zcta,all_eligible,17031100700,3,remains_below_highest_quartile,True
hypertension,,,,False,tract_persistence,zcta,all_eligible,17031110100,3,remains_below_highest_quartile,True
hypertension,,,,False,tract_persistence,zcta,all_eligible,17031110200,3,remains_below_highest_quartile,True
hypertension,,,,False,tract_persistence,zcta,all_eligible,17031110300,3,remains_below_highest_quartile,True
hypertension,,,,False,tract_persistence,zcta,all_eligible,17031110400,3,remains_below_highest_quartile,True
hypertension,,,,False,tract_persistence,zcta,all_eligible,17031110501,3,remains_below_highest_quartile,True
hypertension,,,,False,tract_persistence,zcta,all_eligible,17031110502,3,remains_below_highest_quartile,True
hypertension,,,,False,tract_persistence,zcta,all_eligible,17031120100,3,remains_below_highest_quartile,True
hypertension,,,,False,tract_persistence,zcta,all_eligible,17031120200,3,remains_below_highest_quartile,True
hypertension,,,,False,tract_persistence,zcta,all_eligible,17031120300,3,remains_below_highest_quartile,True
hypertension,,,,False,tract_persistence,zcta,all_eligible,17031120400,3,remains_below_highest_quartile,True
hypertension,,,,False,tract_persistence,zcta,all_eligible,17031130100,3,remains_below_highest_quartile,True
hypertension,,,,False,tract_persistence,zcta,all_eligible,17031130200,3,remains_below_highest_quartile,True
hypertension,,,,False,tract_persistence,zcta,all_eligible,17031130300,3,remains_below_highest_quartile,True
hypertension,,,,False,tract_persistence,zcta,all_eligible,17031140100,3,remains_below_highest_quartile,True
hypertension,,,,False,tract_persistence,zcta,all_eligible,17031140200,3,remains_below_highest_quartile,True
hypertension,,,,False,tract_persistence,zcta,all_eligible,17031140301,3,remains_below_highest_quartile,True
hypertension,,,,False,tract_persistence,zcta,all_eligible,17031140302,3,remains_below_highest_quartile,True
hypertension,,,,False,tract_persistence,zcta,all_eligible,17031140400,3,remains_below_highest_quartile,True
hypertension,,,,False,tract_persistence,zcta,all_eligible,17031140500,3,remains_below_highest_quartile,True
hypertension,,,,False,tract_persistence,zcta,all_eligible,17031140601,3,remains_below_highest_quartile,True
hypertension,,,,False,tract_persistence,zcta,all_eligible,17031140602,3,remains_below_highest_quartile,True
hypertension,,,,False,tract_persistence,zcta,all_eligible,17031140701,3,remains_below_highest_quartile,True
hypertension,,,,False,tract_persistence,zcta,all_eligible,17031140702,3,remains_below_highest_quartile,True
hypertension,,,,False,tract_persistence,zcta,all_eligible,17031140800,3,remains_below_highest_quartile,True
hypertension,,,,False,tract_persistence,zcta,all_eligible,17031150200,3,remains_below_highest_quartile,True
hypertension,,,,False,tract_persistence,zcta,all_eligible,17031150300,3,remains_below_highest_quartile,True
hypertension,,,,False,tract_persistence,zcta,all_eligible,17031150401,3,remains_below_highest_quartile,True
hypertension,,,,False,tract_persistence,zcta,all_eligible,17031150402,3,remains_below_highest_quartile,True
hypertension,,,,False,tract_persistence,zcta,all_eligible,17031150501,3,remains_below_highest_quartile,True
hypertension,,,,False,tract_persistence,zcta,all_eligible,17031150502,3,remains_below_highest_quartile,True
hypertension,,,,False,tract_persistence,zcta,all_eligible,17031150600,3,remains_below_highest_quartile,True
hypertension,,,,False,tract_persistence,zcta,all_eligible,17031150700,3,remains_below_highest_quartile,True
hypertension,,,,False,tract_persistence,zcta,all_eligible,17031150800,3,remains_below_highest_quartile,True
hypertension,,,,False,tract_persistence,zcta,all_eligible,17031151001,3,remains_below_highest_quartile,True
hypertension,,,,False,tract_persistence,zcta,all_eligible,17031151002,3,remains_below_highest_quartile,True
hypertension,,,,False,tract_persistence,zcta,all_eligible,17031151100,3,remains_below_highest_quartile,True
hypertension,,,,False,tract_persistence,zcta,all_eligible,17031151200,3,remains_below_highest_quartile,True
hypertension,,,,False,tract_persistence,zcta,all_eligible,17031160100,3,remains_below_highest_quartile,True
hypertension,,,,False,tract_persistence,zcta,all_eligible,17031160200,3,remains_below_highest_quartile,True
hypertension,,,,False,tract_persistence,zcta,all_eligible,17031160300,3,remains_below_highest_quartile,True
hypertension,,,,False,tract_persistence,zcta,all_eligible,17031160400,3,remains_below_highest_quartile,True
hypertension,,,,False,tract_persistence,zcta,all_eligible,17031160501,3,remains_below_highest_quartile,True
hypertension,,,,False,tract_persistence,zcta,all_eligible,17031160502,3,remains_below_highest_quartile,True
hypertension,,,,False,tract_persistence,zcta,all_eligible,17031160601,3,remains_below_highest_quartile,True
hypertension,,,,False,tract_persistence,zcta,all_eligible,17031160602,3,remains_below_highest_quartile,True
hypertension,,,,False,tract_persistence,zcta,all_eligible,17031160700,3,remains_below_highest_quartile,True
hypertension,,,,False,tract_persistence,zcta,all_eligible,17031160800,3,remains_below_highest_quartile,True
hypertension,,,,False,tract_persistence,zcta,all_eligible,17031160900,3,remains_below_highest_quartile,True
hypertension,,,,False,tract_persistence,zcta,all_eligible,17031161000,3,remains_below_highest_quartile,True
hypertension,,,,False,tract_persistence,zcta,all_eligible,17031161100,3,remains_below_highest_quartile,True
hypertension,,,,False,tract_persistence,zcta,all_eligible,17031161200,3,remains_below_highest_quartile,True
hypertension,,,,False,tract_persistence,zcta,all_eligible,17031161300,3,remains_below_highest_quartile,True
hypertension,,,,False,tract_persistence,zcta,all_eligible,17031170100,3,remains_below_highest_quartile,True
hypertension,,,,False,tract_persistence,zcta,all_eligible,17031170200,3,remains_below_highest_quartile,True
hypertension,,,,False,tract_persistence,zcta,all_eligible,17031170300,3,remains_below_highest_quartile,True
hypertension,,,,False,tract_persistence,zcta,all_eligible,17031170400,3,remains_below_highest_quartile,True
hypertension,,,,False,tract_persistence,zcta,all_eligible,17031170500,3,remains_below_highest_quartile,True
hypertension,,,,False,tract_persistence,zcta,all_eligible,17031170600,3,remains_below_highest_quartile,True
hypertension,,,,False,tract_persistence,zcta,all_eligible,17031170700,3,remains_below_highest_quartile,True
hypertension,,,,False,tract_persistence,zcta,all_eligible,17031170800,3,remains_below_highest_quartile,True
hypertension,,,,False,tract_persistence,zcta,all_eligible,17031170900,3,moves_into_highest_quartile,True
hypertension,,,,False,tract_persistence,zcta,all_eligible,17031171000,3,remains_below_highest_quartile,True
hypertension,,,,False,tract_persistence,zcta,all_eligible,17031171100,3,remains_below_highest_quartile,True
hypertension,,,,False,tract_persistence,zcta,all_eligible,17031180100,3,remains_below_highest_quartile,True
hypertension,,,,False,tract_persistence,zcta,all_eligible,17031190100,3,remains_below_highest_quartile,True
hypertension,,,,False,tract_persistence,zcta,all_eligible,17031190200,3,remains_below_highest_quartile,True
hypertension,,,,False,tract_persistence,zcta,all_eligible,17031190300,3,remains_below_highest_quartile,True
hypertension,,,,False,tract_persistence,zcta,all_eligible,17031190401,3,remains_below_highest_quartile,True
hypertension,,,,False,tract_persistence,zcta,all_eligible,17031190402,3,remains_below_highest_quartile,True
hypertension,,,,False,tract_persistence,zcta,all_eligible,17031190601,3,remains_below_highest_quartile,True
hypertension,,,,False,tract_persistence,zcta,all_eligible,17031190602,3,remains_below_highest_quartile,True
hypertension,,,,False,tract_persistence,zcta,all_eligible,17031190701,3,remains_below_highest_quartile,True
hypertension,,,,False,tract_persistence,zcta,all_eligible,17031190702,3,remains_below_highest_quartile,True
hypertension,,,,False,tract_persistence,zcta,all_eligible,17031190800,3,remains_below_highest_quartile,True
hypertension,,,,False,tract_persistence,zcta,all_eligible,17031190900,3,remains_below_highest_quartile,True
hypertension,,,,False,tract_persistence,zcta,all_eligible,17031191000,3,remains_below_highest_quartile,True
hypertension,,,,False,tract_persistence,zcta,all_eligible,17031191100,3,remains_below_highest_quartile,True
hypertension,,,,False,tract_persistence,zcta,all_eligible,17031191200,3,remains_below_highest_quartile,True
hypertension,,,,False,tract_persistence,zcta,all_eligible,17031191301,3,remains_below_highest_quartile,True
hypertension,,,,False,tract_persistence,zcta,all_eligible,17031200100,3,remains_below_highest_quartile,True
hypertension,,,,False,tract_persistence,zcta,all_eligible,17031200200,3,remains_below_highest_quartile,True
hypertension,,,,False,tract_persistence,zcta,all_eligible,17031200300,3,remains_below_highest_quartile,True
hypertension,,,,False,tract_persistence,zcta,all_eligible,17031200401,3,remains_below_highest_quartile,True
hypertension,,,,False,tract_persistence,zcta,all_eligible,17031200402,3,remains_below_highest_quartile,True
hypertension,,,,False,tract_persistence,zcta,all_eligible,17031210100,3,remains_below_highest_quartile,True
hypertension,,,,False,tract_persistence,zcta,all_eligible,17031210400,3,remains_below_highest_quartile,True
hypertension,,,,False,tract_persistence,zcta,all_eligible,17031210501,3,remains_below_highest_quartile,True
hypertension,,,,False,tract_persistence,zcta,all_eligible,17031210502,3,remains_below_highest_quartile,True
hypertension,,,,False,tract_persistence,zcta,all_eligible,17031210601,3,remains_below_highest_quartile,True
hypertension,,,,False,tract_persistence,zcta,all_eligible,17031210602,3,remains_below_highest_quartile,True
hypertension,,,,False,tract_persistence,zcta,all_eligible,17031210700,3,remains_below_highest_quartile,True
hypertension,,,,False,tract_persistence,zcta,all_eligible,17031210800,3,remains_below_highest_quartile,True
hypertension,,,,False,tract_persistence,zcta,all_eligible,17031210900,3,remains_below_highest_quartile,True
hypertension,,,,False,tract_persistence,zcta,all_eligible,17031220300,3,remains_below_highest_quartile,True
hypertension,,,,False,tract_persistence,zcta,all_eligible,17031220400,3,remains_below_highest_quartile,True
hypertension,,,,False,tract_persistence,zcta,all_eligible,17031220500,3,remains_below_highest_quartile,True
hypertension,,,,False,tract_persistence,zcta,all_eligible,17031220601,3,remains_below_highest_quartile,True
hypertension,,,,False,tract_persistence,zcta,all_eligible,17031220602,3,remains_below_highest_quartile,True
hypertension,,,,False,tract_persistence,zcta,all_eligible,17031220701,3,remains_below_highest_quartile,True
hypertension,,,,False,tract_persistence,zcta,all_eligible,17031220702,3,remains_below_highest_quartile,True
hypertension,,,,False,tract_persistence,zcta,all_eligible,17031220901,3,remains_below_highest_quartile,True
hypertension,,,,False,tract_persistence,zcta,all_eligible,17031220902,3,remains_below_highest_quartile,True
hypertension,,,,False,tract_persistence,zcta,all_eligible,17031221000,3,remains_below_highest_quartile,True
hypertension,,,,False,tract_persistence,zcta,all_eligible,17031221100,3,remains_below_highest_quartile,True
hypertension,,,,False,tract_persistence,zcta,all_eligible,17031221200,3,remains_below_highest_quartile,True
hypertension,,,,False,tract_persistence,zcta,all_eligible,17031221300,3,remains_below_highest_quartile,True
hypertension,,,,False,tract_persistence,zcta,all_eligible,17031221400,3,remains_below_highest_quartile,True
hypertension,,,,False,tract_persistence,zcta,all_eligible,17031221500,3,remains_below_highest_quartile,True
hypertension,,,,False,tract_persistence,zcta,all_eligible,17031221600,3,remains_below_highest_quartile,True
hypertension,,,,False,tract_persistence,zcta,all_eligible,17031222200,3,remains_below_highest_quartile,True
hypertension,,,,False,tract_persistence,zcta,all_eligible,17031222600,3,remains_below_highest_quartile,True
hypertension,,,,False,tract_persistence,zcta,all_eligible,17031222700,3,remains_below_highest_quartile,True
hypertension,,,,False,tract_persistence,zcta,all_eligible,17031222800,3,remains_below_highest_quartile,True
hypertension,,,,False,tract_persistence,zcta,all_eligible,17031222900,3,remains_below_highest_quartile,True
hypertension,,,,False,tract_persistence,zcta,all_eligible,17031230200,3,remains_below_highest_quartile,True
hypertension,,,,False,tract_persistence,zcta,all_eligible,17031230300,3,remains_below_highest_quartile,True
hypertension,,,,False,tract_persistence,zcta,all_eligible,17031230700,3,moves_into_highest_quartile,True
hypertension,,,,False,tract_persistence,zcta,all_eligible,17031230800,3,moves_into_highest_quartile,True
hypertension,,,,False,tract_persistence,zcta,all_eligible,17031230900,3,moves_into_highest_quartile,True
hypertension,,,,False,tract_persistence,zcta,all_eligible,17031231100,3,moves_into_highest_quartile,True
hypertension,,,,False,tract_persistence,zcta,all_eligible,17031231200,3,moves_into_highest_quartile,True
hypertension,,,,False,tract_persistence,zcta,all_eligible,17031231500,3,moves_into_highest_quartile,True
hypertension,,,,False,tract_persistence,zcta,all_eligible,17031240200,3,remains_below_highest_quartile,True
hypertension,,,,False,tract_persistence,zcta,all_eligible,17031240300,3,remains_below_highest_quartile,True
hypertension,,,,False,tract_persistence,zcta,all_eligible,17031240500,3,remains_below_highest_quartile,True
hypertension,,,,False,tract_persistence,zcta,all_eligible,17031240600,3,remains_below_highest_quartile,True
hypertension,,,,False,tract_persistence,zcta,all_eligible,17031240700,3,remains_below_highest_quartile,True
hypertension,,,,False,tract_persistence,zcta,all_eligible,17031240800,3,remains_below_highest_quartile,True
hypertension,,,,False,tract_persistence,zcta,all_eligible,17031240900,3,remains_below_highest_quartile,True
hypertension,,,,False,tract_persistence,zcta,all_eligible,17031241000,3,remains_below_highest_quartile,True
hypertension,,,,False,tract_persistence,zcta,all_eligible,17031241100,3,remains_below_highest_quartile,True
hypertension,,,,False,tract_persistence,zcta,all_eligible,17031241200,3,remains_below_highest_quartile,True
hypertension,,,,False,tract_persistence,zcta,all_eligible,17031241300,3,remains_below_highest_quartile,True
hypertension,,,,False,tract_persistence,zcta,all_eligible,17031241400,3,remains_below_highest_quartile,True
hypertension,,,,False,tract_persistence,zcta,all_eligible,17031241500,3,remains_below_highest_quartile,True
hypertension,,,,False,tract_persistence,zcta,all_eligible,17031241600,3,remains_below_highest_quartile,True
hypertension,,,,False,tract_persistence,zcta,all_eligible,17031242000,3,remains_below_highest_quartile,True
hypertension,,,,False,tract_persistence,zcta,all_eligible,17031242100,3,remains_below_highest_quartile,True
hypertension,,,,False,tract_persistence,zcta,all_eligible,17031242200,3,remains_below_highest_quartile,True
hypertension,,,,False,tract_persistence,zcta,all_eligible,17031242300,3,remains_below_highest_quartile,True
hypertension,,,,False,tract_persistence,zcta,all_eligible,17031242400,3,remains_below_highest_quartile,True
hypertension,,,,False,tract_persistence,zcta,all_eligible,17031242500,3,remains_below_highest_quartile,True
hypertension,,,,False,tract_persistence,zcta,all_eligible,17031242600,3,remains_below_highest_quartile,True
hypertension,,,,False,tract_persistence,zcta,all_eligible,17031242700,3,remains_below_highest_quartile,True
hypertension,,,,False,tract_persistence,zcta,all_eligible,17031242800,3,moves_into_highest_quartile,True
hypertension,,,,False,tract_persistence,zcta,all_eligible,17031242900,3,moves_into_highest_quartile,True
hypertension,,,,False,tract_persistence,zcta,all_eligible,17031243000,3,moves_into_highest_quartile,True
hypertension,,,,False,tract_persistence,zcta,all_eligible,17031243100,3,remains_below_highest_quartile,True
hypertension,,,,False,tract_persistence,zcta,all_eligible,17031243200,3,remains_below_highest_quartile,True
hypertension,,,,False,tract_persistence,zcta,all_eligible,17031243300,3,remains_below_highest_quartile,True
hypertension,,,,False,tract_persistence,zcta,all_eligible,17031243400,3,remains_below_highest_quartile,True
hypertension,,,,False,tract_persistence,zcta,all_eligible,17031243500,3,remains_below_highest_quartile,True
hypertension,,,,False,tract_persistence,zcta,all_eligible,17031250300,3,moves_out_of_highest_quartile,True
hypertension,,,,False,tract_persistence,zcta,all_eligible,17031250400,3,moves_out_of_highest_quartile,True
hypertension,,,,False,tract_persistence,zcta,all_eligible,17031250500,3,remains_high,True
hypertension,,,,False,tract_persistence,zcta,all_eligible,17031250600,3,remains_high,True
hypertension,,,,False,tract_persistence,zcta,all_eligible,17031250700,3,remains_high,True
hypertension,,,,False,tract_persistence,zcta,all_eligible,17031250800,3,remains_high,True
hypertension,,,,False,tract_persistence,zcta,all_eligible,17031251000,3,remains_high,True
hypertension,,,,False,tract_persistence,zcta,all_eligible,17031251100,3,remains_high,True
hypertension,,,,False,tract_persistence,zcta,all_eligible,17031251200,3,remains_high,True
hypertension,,,,False,tract_persistence,zcta,all_eligible,17031251300,3,remains_high,True
hypertension,,,,False,tract_persistence,zcta,all_eligible,17031251400,3,remains_high,True
hypertension,,,,False,tract_persistence,zcta,all_eligible,17031251500,3,remains_high,True
hypertension,,,,False,tract_persistence,zcta,all_eligible,17031251600,3,remains_high,True
hypertension,,,,False,tract_persistence,zcta,all_eligible,17031251700,3,remains_high,True
hypertension,,,,False,tract_persistence,zcta,all_eligible,17031251800,3,remains_high,True
hypertension,,,,False,tract_persistence,zcta,all_eligible,17031251900,3,remains_high,True
hypertension,,,,False,tract_persistence,zcta,all_eligible,17031252000,3,remains_high,True
hypertension,,,,False,tract_persistence,zcta,all_eligible,17031252101,3,remains_high,True
hypertension,,,,False,tract_persistence,zcta,all_eligible,17031252102,3,remains_high,True
hypertension,,,,False,tract_persistence,zcta,all_eligible,17031252201,3,remains_high,True
hypertension,,,,False,tract_persistence,zcta,all_eligible,17031252202,3,remains_high,True
hypertension,,,,False,tract_persistence,zcta,all_eligible,17031260100,3,remains_high,True
hypertension,,,,False,tract_persistence,zcta,all_eligible,17031260200,3,moves_into_highest_quartile,True
hypertension,,,,False,tract_persistence,zcta,all_eligible,17031260300,3,remains_high,True
hypertension,,,,False,tract_persistence,zcta,all_eligible,17031260400,3,remains_high,True
hypertension,,,,False,tract_persistence,zcta,all_eligible,17031260500,3,remains_high,True
hypertension,,,,False,tract_persistence,zcta,all_eligible,17031260600,3,moves_into_highest_quartile,True
hypertension,,,,False,tract_persistence,zcta,all_eligible,17031260700,3,remains_high,True
hypertension,,,,False,tract_persistence,zcta,all_eligible,17031260800,3,remains_high,True
hypertension,,,,False,tract_persistence,zcta,all_eligible,17031260900,3,remains_high,True
hypertension,,,,False,tract_persistence,zcta,all_eligible,17031261000,3,remains_high,True
hypertension,,,,False,tract_persistence,zcta,all_eligible,17031270500,3,remains_high,True
hypertension,,,,False,tract_persistence,zcta,all_eligible,17031271200,3,remains_high,True
hypertension,,,,False,tract_persistence,zcta,all_eligible,17031271300,3,remains_high,True
hypertension,,,,False,tract_persistence,zcta,all_eligible,17031271400,3,remains_high,True
hypertension,,,,False,tract_persistence,zcta,all_eligible,17031271500,3,remains_high,True
hypertension,,,,False,tract_persistence,zcta,all_eligible,17031271800,3,moves_into_highest_quartile,True
hypertension,,,,False,tract_persistence,zcta,all_eligible,17031280400,3,remains_high,True
hypertension,,,,False,tract_persistence,zcta,all_eligible,17031280800,3,remains_high,True
hypertension,,,,False,tract_persistence,zcta,all_eligible,17031280900,3,moves_into_highest_quartile,True
hypertension,,,,False,tract_persistence,zcta,all_eligible,17031281900,3,remains_below_highest_quartile,True
hypertension,,,,False,tract_persistence,zcta,all_eligible,17031282700,3,moves_into_highest_quartile,True
hypertension,,,,False,tract_persistence,zcta,all_eligible,17031282800,3,moves_into_highest_quartile,True
hypertension,,,,False,tract_persistence,zcta,all_eligible,17031283100,3,remains_below_highest_quartile,True
hypertension,,,,False,tract_persistence,zcta,all_eligible,17031283200,3,remains_below_highest_quartile,True
hypertension,,,,False,tract_persistence,zcta,all_eligible,17031283800,3,remains_below_highest_quartile,True
hypertension,,,,False,tract_persistence,zcta,all_eligible,17031290900,3,moves_into_highest_quartile,True
hypertension,,,,False,tract_persistence,zcta,all_eligible,17031291200,3,remains_high,True
hypertension,,,,False,tract_persistence,zcta,all_eligible,17031292200,3,moves_into_highest_quartile,True
hypertension,,,,False,tract_persistence,zcta,all_eligible,17031292400,3,remains_high,True
hypertension,,,,False,tract_persistence,zcta,all_eligible,17031292500,3,remains_high,True
hypertension,,,,False,tract_persistence,zcta,all_eligible,17031300500,3,moves_into_highest_quartile,True
hypertension,,,,False,tract_persistence,zcta,all_eligible,17031300600,3,moves_into_highest_quartile,True
hypertension,,,,False,tract_persistence,zcta,all_eligible,17031300700,3,moves_into_highest_quartile,True
hypertension,,,,False,tract_persistence,zcta,all_eligible,17031300800,3,moves_into_highest_quartile,True
hypertension,,,,False,tract_persistence,zcta,all_eligible,17031300900,3,moves_into_highest_quartile,True
hypertension,,,,False,tract_persistence,zcta,all_eligible,17031301100,3,moves_into_highest_quartile,True
hypertension,,,,False,tract_persistence,zcta,all_eligible,17031301200,3,remains_below_highest_quartile,True
hypertension,,,,False,tract_persistence,zcta,all_eligible,17031301600,3,moves_into_highest_quartile,True
hypertension,,,,False,tract_persistence,zcta,all_eligible,17031301701,3,moves_into_highest_quartile,True
hypertension,,,,False,tract_persistence,zcta,all_eligible,17031301702,3,moves_into_highest_quartile,True
hypertension,,,,False,tract_persistence,zcta,all_eligible,17031301801,3,moves_into_highest_quartile,True
hypertension,,,,False,tract_persistence,zcta,all_eligible,17031301802,3,moves_into_highest_quartile,True
hypertension,,,,False,tract_persistence,zcta,all_eligible,17031301803,3,moves_into_highest_quartile,True
hypertension,,,,False,tract_persistence,zcta,all_eligible,17031310200,3,moves_into_highest_quartile,True
hypertension,,,,False,tract_persistence,zcta,all_eligible,17031310300,3,remains_below_highest_quartile,True
hypertension,,,,False,tract_persistence,zcta,all_eligible,17031310400,3,remains_below_highest_quartile,True
hypertension,,,,False,tract_persistence,zcta,all_eligible,17031310500,3,remains_below_highest_quartile,True
hypertension,,,,False,tract_persistence,zcta,all_eligible,17031310600,3,remains_below_highest_quartile,True
hypertension,,,,False,tract_persistence,zcta,all_eligible,17031310700,3,remains_below_highest_quartile,True
hypertension,,,,False,tract_persistence,zcta,all_eligible,17031310800,3,remains_below_highest_quartile,True
hypertension,,,,False,tract_persistence,zcta,all_eligible,17031310900,3,remains_below_highest_quartile,True
hypertension,,,,False,tract_persistence,zcta,all_eligible,17031320101,3,remains_below_highest_quartile,True
hypertension,,,,False,tract_persistence,zcta,all_eligible,17031320102,3,remains_below_highest_quartile,True
hypertension,,,,False,tract_persistence,zcta,all_eligible,17031320400,3,remains_below_highest_quartile,True
hypertension,,,,False,tract_persistence,zcta,all_eligible,17031320600,3,remains_below_highest_quartile,True
hypertension,,,,False,tract_persistence,zcta,all_eligible,17031330101,3,remains_below_highest_quartile,True
hypertension,,,,False,tract_persistence,zcta,all_eligible,17031330102,3,remains_below_highest_quartile,True
hypertension,,,,False,tract_persistence,zcta,all_eligible,17031330103,3,moves_into_highest_quartile,True
hypertension,,,,False,tract_persistence,zcta,all_eligible,17031330200,3,moves_into_highest_quartile,True
hypertension,,,,False,tract_persistence,zcta,all_eligible,17031340300,3,remains_high,True
hypertension,,,,False,tract_persistence,zcta,all_eligible,17031340400,3,moves_into_highest_quartile,True
hypertension,,,,False,tract_persistence,zcta,all_eligible,17031340500,3,moves_into_highest_quartile,True
hypertension,,,,False,tract_persistence,zcta,all_eligible,17031350400,3,remains_high,True
hypertension,,,,False,tract_persistence,zcta,all_eligible,17031351000,3,remains_high,True
hypertension,,,,False,tract_persistence,zcta,all_eligible,17031351100,3,moves_into_highest_quartile,True
hypertension,,,,False,tract_persistence,zcta,all_eligible,17031351400,3,remains_high,True
hypertension,,,,False,tract_persistence,zcta,all_eligible,17031351500,3,moves_out_of_highest_quartile,True
hypertension,,,,False,tract_persistence,zcta,all_eligible,17031360200,3,moves_into_highest_quartile,True
hypertension,,,,False,tract_persistence,zcta,all_eligible,17031380100,3,remains_high,True
hypertension,,,,False,tract_persistence,zcta,all_eligible,17031380200,3,remains_high,True
hypertension,,,,False,tract_persistence,zcta,all_eligible,17031380600,3,moves_into_highest_quartile,True
hypertension,,,,False,tract_persistence,zcta,all_eligible,17031381200,3,remains_high,True
hypertension,,,,False,tract_persistence,zcta,all_eligible,17031381400,3,moves_into_highest_quartile,True
hypertension,,,,False,tract_persistence,zcta,all_eligible,17031381500,3,remains_high,True
hypertension,,,,False,tract_persistence,zcta,all_eligible,17031381800,3,remains_high,True
hypertension,,,,False,tract_persistence,zcta,all_eligible,17031381900,3,remains_high,True
hypertension,,,,False,tract_persistence,zcta,all_eligible,17031390100,3,moves_into_highest_quartile,True
hypertension,,,,False,tract_persistence,zcta,all_eligible,17031390200,3,moves_into_highest_quartile,True
hypertension,,,,False,tract_persistence,zcta,all_eligible,17031390300,3,remains_high,True
hypertension,,,,False,tract_persistence,zcta,all_eligible,17031390400,3,remains_high,True
hypertension,,,,False,tract_persistence,zcta,all_eligible,17031390500,3,moves_into_highest_quartile,True
hypertension,,,,False,tract_persistence,zcta,all_eligible,17031390600,3,moves_into_highest_quartile,True
hypertension,,,,False,tract_persistence,zcta,all_eligible,17031400300,3,moves_into_highest_quartile,True
hypertension,,,,False,tract_persistence,zcta,all_eligible,17031400400,3,moves_into_highest_quartile,True
hypertension,,,,False,tract_persistence,zcta,all_eligible,17031400500,3,moves_into_highest_quartile,True
hypertension,,,,False,tract_persistence,zcta,all_eligible,17031400800,3,remains_high,True
hypertension,,,,False,tract_persistence,zcta,all_eligible,17031410200,3,moves_into_highest_quartile,True
hypertension,,,,False,tract_persistence,zcta,all_eligible,17031410500,3,moves_into_highest_quartile,True
hypertension,,,,False,tract_persistence,zcta,all_eligible,17031410600,3,moves_into_highest_quartile,True
hypertension,,,,False,tract_persistence,zcta,all_eligible,17031410700,3,moves_into_highest_quartile,True
hypertension,,,,False,tract_persistence,zcta,all_eligible,17031410800,3,moves_into_highest_quartile,True
hypertension,,,,False,tract_persistence,zcta,all_eligible,17031411100,3,moves_into_highest_quartile,True
hypertension,,,,False,tract_persistence,zcta,all_eligible,17031411200,3,moves_into_highest_quartile,True
hypertension,,,,False,tract_persistence,zcta,all_eligible,17031420100,3,remains_high,True
hypertension,,,,False,tract_persistence,zcta,all_eligible,17031420200,3,moves_into_highest_quartile,True
hypertension,,,,False,tract_persistence,zcta,all_eligible,17031420300,3,moves_into_highest_quartile,True
hypertension,,,,False,tract_persistence,zcta,all_eligible,17031420400,3,remains_high,True
hypertension,,,,False,tract_persistence,zcta,all_eligible,17031420500,3,moves_into_highest_quartile,True
hypertension,,,,False,tract_persistence,zcta,all_eligible,17031420600,3,moves_into_highest_quartile,True
hypertension,,,,False,tract_persistence,zcta,all_eligible,17031420700,3,remains_high,True
hypertension,,,,False,tract_persistence,zcta,all_eligible,17031420800,3,moves_into_highest_quartile,True
hypertension,,,,False,tract_persistence,zcta,all_eligible,17031421200,3,remains_high,True
hypertension,,,,False,tract_persistence,zcta,all_eligible,17031430101,3,remains_high,True
hypertension,,,,False,tract_persistence,zcta,all_eligible,17031430200,3,remains_high,True
hypertension,,,,False,tract_persistence,zcta,all_eligible,17031430500,3,remains_high,True
hypertension,,,,False,tract_persistence,zcta,all_eligible,17031430600,3,remains_high,True
hypertension,,,,False,tract_persistence,zcta,all_eligible,17031430700,3,remains_high,True
hypertension,,,,False,tract_persistence,zcta,all_eligible,17031430800,3,remains_high,True
hypertension,,,,False,tract_persistence,zcta,all_eligible,17031430900,3,remains_high,True
hypertension,,,,False,tract_persistence,zcta,all_eligible,17031431200,3,remains_high,True
hypertension,,,,False,tract_persistence,zcta,all_eligible,17031431301,3,remains_high,True
hypertension,,,,False,tract_persistence,zcta,all_eligible,17031431302,3,moves_into_highest_quartile,True
hypertension,,,,False,tract_persistence,zcta,all_eligible,17031431400,3,remains_high,True
hypertension,,,,False,tract_persistence,zcta,all_eligible,17031440101,3,moves_into_highest_quartile,True
hypertension,,,,False,tract_persistence,zcta,all_eligible,17031440102,3,remains_high,True
hypertension,,,,False,tract_persistence,zcta,all_eligible,17031440201,3,remains_high,True
hypertension,,,,False,tract_persistence,zcta,all_eligible,17031440202,3,remains_high,True
hypertension,,,,False,tract_persistence,zcta,all_eligible,17031440300,3,remains_high,True
hypertension,,,,False,tract_persistence,zcta,all_eligible,17031440600,3,remains_high,True
hypertension,,,,False,tract_persistence,zcta,all_eligible,17031440700,3,remains_high,True
hypertension,,,,False,tract_persistence,zcta,all_eligible,17031440800,3,remains_high,True
hypertension,,,,False,tract_persistence,zcta,all_eligible,17031440900,3,remains_high,True
hypertension,,,,False,tract_persistence,zcta,all_eligible,17031450300,3,remains_high,True
hypertension,,,,False,tract_persistence,zcta,all_eligible,17031460100,3,remains_high,True
hypertension,,,,False,tract_persistence,zcta,all_eligible,17031460200,3,remains_high,True
hypertension,,,,False,tract_persistence,zcta,all_eligible,17031460301,3,moves_into_highest_quartile,True
hypertension,,,,False,tract_persistence,zcta,all_eligible,17031460302,3,moves_into_highest_quartile,True
hypertension,,,,False,tract_persistence,zcta,all_eligible,17031460400,3,remains_high,True
hypertension,,,,False,tract_persistence,zcta,all_eligible,17031460500,3,remains_high,True
hypertension,,,,False,tract_persistence,zcta,all_eligible,17031460800,3,moves_into_highest_quartile,True
hypertension,,,,False,tract_persistence,zcta,all_eligible,17031470100,3,remains_high,True
hypertension,,,,False,tract_persistence,zcta,all_eligible,17031480100,3,remains_high,True
hypertension,,,,False,tract_persistence,zcta,all_eligible,17031480200,3,remains_high,True
hypertension,,,,False,tract_persistence,zcta,all_eligible,17031480300,3,remains_high,True
hypertension,,,,False,tract_persistence,zcta,all_eligible,17031480400,3,remains_high,True
hypertension,,,,False,tract_persistence,zcta,all_eligible,17031480500,3,remains_high,True
hypertension,,,,False,tract_persistence,zcta,all_eligible,17031490200,3,remains_high,True
hypertension,,,,False,tract_persistence,zcta,all_eligible,17031490500,3,remains_high,True
hypertension,,,,False,tract_persistence,zcta,all_eligible,17031490600,3,remains_high,True
hypertension,,,,False,tract_persistence,zcta,all_eligible,17031490700,3,remains_high,True
hypertension,,,,False,tract_persistence,zcta,all_eligible,17031490800,3,remains_high,True
hypertension,,,,False,tract_persistence,zcta,all_eligible,17031490901,3,remains_high,True
hypertension,,,,False,tract_persistence,zcta,all_eligible,17031490902,3,remains_high,True
hypertension,,,,False,tract_persistence,zcta,all_eligible,17031491000,3,remains_high,True
hypertension,,,,False,tract_persistence,zcta,all_eligible,17031491100,3,remains_high,True
hypertension,,,,False,tract_persistence,zcta,all_eligible,17031491200,3,moves_into_highest_quartile,True
hypertension,,,,False,tract_persistence,zcta,all_eligible,17031491300,3,moves_into_highest_quartile,True
hypertension,,,,False,tract_persistence,zcta,all_eligible,17031491400,3,remains_high,True
hypertension,,,,False,tract_persistence,zcta,all_eligible,17031500100,3,remains_high,True
hypertension,,,,False,tract_persistence,zcta,all_eligible,17031500200,3,moves_into_highest_quartile,True
hypertension,,,,False,tract_persistence,zcta,all_eligible,17031500300,3,moves_into_highest_quartile,True
hypertension,,,,False,tract_persistence,zcta,all_eligible,17031510200,3,remains_high,True
hypertension,,,,False,tract_persistence,zcta,all_eligible,17031510300,3,remains_high,True
hypertension,,,,False,tract_persistence,zcta,all_eligible,17031520100,3,moves_into_highest_quartile,True
hypertension,,,,False,tract_persistence,zcta,all_eligible,17031520200,3,moves_into_highest_quartile,True
hypertension,,,,False,tract_persistence,zcta,all_eligible,17031520300,3,moves_into_highest_quartile,True
hypertension,,,,False,tract_persistence,zcta,all_eligible,17031520400,3,moves_into_highest_quartile,True
hypertension,,,,False,tract_persistence,zcta,all_eligible,17031520500,3,moves_into_highest_quartile,True
hypertension,,,,False,tract_persistence,zcta,all_eligible,17031520600,3,moves_into_highest_quartile,True
hypertension,,,,False,tract_persistence,zcta,all_eligible,17031530100,3,remains_high,True
hypertension,,,,False,tract_persistence,zcta,all_eligible,17031530200,3,remains_high,True
hypertension,,,,False,tract_persistence,zcta,all_eligible,17031530300,3,remains_high,True
hypertension,,,,False,tract_persistence,zcta,all_eligible,17031530400,3,remains_high,True
hypertension,,,,False,tract_persistence,zcta,all_eligible,17031530501,3,remains_high,True
hypertension,,,,False,tract_persistence,zcta,all_eligible,17031530502,3,remains_high,True
hypertension,,,,False,tract_persistence,zcta,all_eligible,17031530503,3,remains_high,True
hypertension,,,,False,tract_persistence,zcta,all_eligible,17031530600,3,remains_high,True
hypertension,,,,False,tract_persistence,zcta,all_eligible,17031540101,3,moves_into_highest_quartile,True
hypertension,,,,False,tract_persistence,zcta,all_eligible,17031540102,3,remains_high,True
hypertension,,,,False,tract_persistence,zcta,all_eligible,17031550100,3,remains_below_highest_quartile,True
hypertension,,,,False,tract_persistence,zcta,all_eligible,17031550200,3,remains_below_highest_quartile,True
hypertension,,,,False,tract_persistence,zcta,all_eligible,17031560100,3,remains_below_highest_quartile,True
hypertension,,,,False,tract_persistence,zcta,all_eligible,17031560200,3,moves_out_of_highest_quartile,True
hypertension,,,,False,tract_persistence,zcta,all_eligible,17031560300,3,remains_below_highest_quartile,True
hypertension,,,,False,tract_persistence,zcta,all_eligible,17031560700,3,remains_below_highest_quartile,True
hypertension,,,,False,tract_persistence,zcta,all_eligible,17031560800,3,remains_below_highest_quartile,True
hypertension,,,,False,tract_persistence,zcta,all_eligible,17031560900,3,remains_below_highest_quartile,True
hypertension,,,,False,tract_persistence,zcta,all_eligible,17031561000,3,remains_below_highest_quartile,True
hypertension,,,,False,tract_persistence,zcta,all_eligible,17031561100,3,remains_below_highest_quartile,True
hypertension,,,,False,tract_persistence,zcta,all_eligible,17031570100,3,remains_below_highest_quartile,True
hypertension,,,,False,tract_persistence,zcta,all_eligible,17031570200,3,remains_below_highest_quartile,True
hypertension,,,,False,tract_persistence,zcta,all_eligible,17031570300,3,remains_below_highest_quartile,True
hypertension,,,,False,tract_persistence,zcta,all_eligible,17031570400,3,remains_below_highest_quartile,True
hypertension,,,,False,tract_persistence,zcta,all_eligible,17031570500,3,remains_below_highest_quartile,True
hypertension,,,,False,tract_persistence,zcta,all_eligible,17031580100,3,remains_below_highest_quartile,True
hypertension,,,,False,tract_persistence,zcta,all_eligible,17031580200,3,remains_below_highest_quartile,True
hypertension,,,,False,tract_persistence,zcta,all_eligible,17031580400,3,remains_below_highest_quartile,True
hypertension,,,,False,tract_persistence,zcta,all_eligible,17031580501,3,remains_below_highest_quartile,True
hypertension,,,,False,tract_persistence,zcta,all_eligible,17031580502,3,remains_below_highest_quartile,True
hypertension,,,,False,tract_persistence,zcta,all_eligible,17031580600,3,remains_below_highest_quartile,True
hypertension,,,,False,tract_persistence,zcta,all_eligible,17031580700,3,remains_below_highest_quartile,True
hypertension,,,,False,tract_persistence,zcta,all_eligible,17031580800,3,remains_below_highest_quartile,True
hypertension,,,,False,tract_persistence,zcta,all_eligible,17031590500,3,remains_below_highest_quartile,True
hypertension,,,,False,tract_persistence,zcta,all_eligible,17031590600,3,remains_below_highest_quartile,True
hypertension,,,,False,tract_persistence,zcta,all_eligible,17031600400,3,moves_into_highest_quartile,True
hypertension,,,,False,tract_persistence,zcta,all_eligible,17031600900,3,remains_below_highest_quartile,True
hypertension,,,,False,tract_persistence,zcta,all_eligible,17031610300,3,remains_below_highest_quartile,True
hypertension,,,,False,tract_persistence,zcta,all_eligible,17031610400,3,remains_below_highest_quartile,True
hypertension,,,,False,tract_persistence,zcta,all_eligible,17031611200,3,remains_below_highest_quartile,True
hypertension,,,,False,tract_persistence,zcta,all_eligible,17031611300,3,remains_below_highest_quartile,True
hypertension,,,,False,tract_persistence,zcta,all_eligible,17031611400,3,remains_below_highest_quartile,True
hypertension,,,,False,tract_persistence,zcta,all_eligible,17031611700,3,remains_below_highest_quartile,True
hypertension,,,,False,tract_persistence,zcta,all_eligible,17031611800,3,remains_below_highest_quartile,True
hypertension,,,,False,tract_persistence,zcta,all_eligible,17031611900,3,remains_below_highest_quartile,True
hypertension,,,,False,tract_persistence,zcta,all_eligible,17031612000,3,unstable,False
hypertension,,,,False,tract_persistence,zcta,all_eligible,17031612100,3,moves_out_of_highest_quartile,True
hypertension,,,,False,tract_persistence,zcta,all_eligible,17031612200,3,remains_below_highest_quartile,True
hypertension,,,,False,tract_persistence,zcta,all_eligible,17031620200,3,remains_below_highest_quartile,True
hypertension,,,,False,tract_persistence,zcta,all_eligible,17031620300,3,remains_below_highest_quartile,True
hypertension,,,,False,tract_persistence,zcta,all_eligible,17031630400,3,remains_below_highest_quartile,True
hypertension,,,,False,tract_persistence,zcta,all_eligible,17031630500,3,remains_below_highest_quartile,True
hypertension,,,,False,tract_persistence,zcta,all_eligible,17031630600,3,remains_below_highest_quartile,True
hypertension,,,,False,tract_persistence,zcta,all_eligible,17031630800,3,remains_below_highest_quartile,True
hypertension,,,,False,tract_persistence,zcta,all_eligible,17031630900,3,remains_below_highest_quartile,True
hypertension,,,,False,tract_persistence,zcta,all_eligible,17031640100,3,remains_below_highest_quartile,True
hypertension,,,,False,tract_persistence,zcta,all_eligible,17031640300,3,remains_below_highest_quartile,True
hypertension,,,,False,tract_persistence,zcta,all_eligible,17031640400,3,remains_below_highest_quartile,True
hypertension,,,,False,tract_persistence,zcta,all_eligible,17031640500,3,remains_below_highest_quartile,True
hypertension,,,,False,tract_persistence,zcta,all_eligible,17031640600,3,remains_below_highest_quartile,True
hypertension,,,,False,tract_persistence,zcta,all_eligible,17031640700,3,remains_below_highest_quartile,True
hypertension,,,,False,tract_persistence,zcta,all_eligible,17031640800,3,remains_below_highest_quartile,True
hypertension,,,,False,tract_persistence,zcta,all_eligible,17031650100,3,remains_below_highest_quartile,True
hypertension,,,,False,tract_persistence,zcta,all_eligible,17031650200,3,remains_below_highest_quartile,True
hypertension,,,,False,tract_persistence,zcta,all_eligible,17031650301,3,remains_below_highest_quartile,True
hypertension,,,,False,tract_persistence,zcta,all_eligible,17031650302,3,remains_below_highest_quartile,True
hypertension,,,,False,tract_persistence,zcta,all_eligible,17031650400,3,remains_below_highest_quartile,True
hypertension,,,,False,tract_persistence,zcta,all_eligible,17031650500,3,moves_into_highest_quartile,True
hypertension,,,,False,tract_persistence,zcta,all_eligible,17031660301,3,remains_below_highest_quartile,True
hypertension,,,,False,tract_persistence,zcta,all_eligible,17031660302,3,remains_below_highest_quartile,True
hypertension,,,,False,tract_persistence,zcta,all_eligible,17031660400,3,remains_below_highest_quartile,True
hypertension,,,,False,tract_persistence,zcta,all_eligible,17031660500,3,remains_below_highest_quartile,True
hypertension,,,,False,tract_persistence,zcta,all_eligible,17031660600,3,remains_below_highest_quartile,True
hypertension,,,,False,tract_persistence,zcta,all_eligible,17031660700,3,moves_into_highest_quartile,True
hypertension,,,,False,tract_persistence,zcta,all_eligible,17031660800,3,remains_below_highest_quartile,True
hypertension,,,,False,tract_persistence,zcta,all_eligible,17031660900,3,remains_below_highest_quartile,True
hypertension,,,,False,tract_persistence,zcta,all_eligible,17031670100,3,moves_into_highest_quartile,True
hypertension,,,,False,tract_persistence,zcta,all_eligible,17031670200,3,moves_into_highest_quartile,True
hypertension,,,,False,tract_persistence,zcta,all_eligible,17031670300,3,remains_high,True
hypertension,,,,False,tract_persistence,zcta,all_eligible,17031670400,3,remains_high,True
hypertension,,,,False,tract_persistence,zcta,all_eligible,17031670500,3,remains_high,True
hypertension,,,,False,tract_persistence,zcta,all_eligible,17031670600,3,remains_high,True
hypertension,,,,False,tract_persistence,zcta,all_eligible,17031670700,3,remains_high,True
hypertension,,,,False,tract_persistence,zcta,all_eligible,17031670800,3,remains_high,True
hypertension,,,,False,tract_persistence,zcta,all_eligible,17031670900,3,moves_into_highest_quartile,True
hypertension,,,,False,tract_persistence,zcta,all_eligible,17031671100,3,remains_high,True
hypertension,,,,False,tract_persistence,zcta,all_eligible,17031671200,3,remains_high,True
hypertension,,,,False,tract_persistence,zcta,all_eligible,17031671300,3,remains_high,True
hypertension,,,,False,tract_persistence,zcta,all_eligible,17031671500,3,remains_high,True
hypertension,,,,False,tract_persistence,zcta,all_eligible,17031671600,3,remains_high,True
hypertension,,,,False,tract_persistence,zcta,all_eligible,17031671800,3,remains_high,True
hypertension,,,,False,tract_persistence,zcta,all_eligible,17031680500,3,remains_high,True
hypertension,,,,False,tract_persistence,zcta,all_eligible,17031680600,3,moves_into_highest_quartile,True
hypertension,,,,False,tract_persistence,zcta,all_eligible,17031680900,3,remains_high,True
hypertension,,,,False,tract_persistence,zcta,all_eligible,17031681000,3,remains_high,True
hypertension,,,,False,tract_persistence,zcta,all_eligible,17031681100,3,remains_high,True
hypertension,,,,False,tract_persistence,zcta,all_eligible,17031681200,3,moves_into_highest_quartile,True
hypertension,,,,False,tract_persistence,zcta,all_eligible,17031681300,3,remains_high,True
hypertension,,,,False,tract_persistence,zcta,all_eligible,17031690300,3,remains_high,True
hypertension,,,,False,tract_persistence,zcta,all_eligible,17031690400,3,remains_high,True
hypertension,,,,False,tract_persistence,zcta,all_eligible,17031690500,3,remains_high,True
hypertension,,,,False,tract_persistence,zcta,all_eligible,17031690900,3,remains_high,True
hypertension,,,,False,tract_persistence,zcta,all_eligible,17031691000,3,remains_high,True
hypertension,,,,False,tract_persistence,zcta,all_eligible,17031691100,3,moves_into_highest_quartile,True
hypertension,,,,False,tract_persistence,zcta,all_eligible,17031691200,3,moves_into_highest_quartile,True
hypertension,,,,False,tract_persistence,zcta,all_eligible,17031691300,3,remains_high,True
hypertension,,,,False,tract_persistence,zcta,all_eligible,17031691400,3,remains_high,True
hypertension,,,,False,tract_persistence,zcta,all_eligible,17031691500,3,moves_into_highest_quartile,True
hypertension,,,,False,tract_persistence,zcta,all_eligible,17031700100,3,remains_high,True
hypertension,,,,False,tract_persistence,zcta,all_eligible,17031700200,3,moves_into_highest_quartile,True
hypertension,,,,False,tract_persistence,zcta,all_eligible,17031700301,3,moves_into_highest_quartile,True
hypertension,,,,False,tract_persistence,zcta,all_eligible,17031700302,3,moves_into_highest_quartile,True
hypertension,,,,False,tract_persistence,zcta,all_eligible,17031700401,3,moves_into_highest_quartile,True
hypertension,,,,False,tract_persistence,zcta,all_eligible,17031700402,3,moves_into_highest_quartile,True
hypertension,,,,False,tract_persistence,zcta,all_eligible,17031700501,3,remains_high,True
hypertension,,,,False,tract_persistence,zcta,all_eligible,17031700502,3,remains_high,True
hypertension,,,,False,tract_persistence,zcta,all_eligible,17031710100,3,remains_high,True
hypertension,,,,False,tract_persistence,zcta,all_eligible,17031710200,3,moves_into_highest_quartile,True
hypertension,,,,False,tract_persistence,zcta,all_eligible,17031710300,3,remains_high,True
hypertension,,,,False,tract_persistence,zcta,all_eligible,17031710400,3,remains_high,True
hypertension,,,,False,tract_persistence,zcta,all_eligible,17031710500,3,remains_high,True
hypertension,,,,False,tract_persistence,zcta,all_eligible,17031710600,3,remains_high,True
hypertension,,,,False,tract_persistence,zcta,all_eligible,17031710700,3,remains_high,True
hypertension,,,,False,tract_persistence,zcta,all_eligible,17031710800,3,remains_high,True
hypertension,,,,False,tract_persistence,zcta,all_eligible,17031710900,3,remains_high,True
hypertension,,,,False,tract_persistence,zcta,all_eligible,17031711000,3,remains_high,True
hypertension,,,,False,tract_persistence,zcta,all_eligible,17031711100,3,remains_high,True
hypertension,,,,False,tract_persistence,zcta,all_eligible,17031711200,3,remains_high,True
hypertension,,,,False,tract_persistence,zcta,all_eligible,17031711300,3,remains_high,True
hypertension,,,,False,tract_persistence,zcta,all_eligible,17031711400,3,remains_high,True
hypertension,,,,False,tract_persistence,zcta,all_eligible,17031720100,3,moves_into_highest_quartile,True
hypertension,,,,False,tract_persistence,zcta,all_eligible,17031720200,3,moves_into_highest_quartile,True
hypertension,,,,False,tract_persistence,zcta,all_eligible,17031720300,3,moves_into_highest_quartile,True
hypertension,,,,False,tract_persistence,zcta,all_eligible,17031720400,3,moves_into_highest_quartile,True
hypertension,,,,False,tract_persistence,zcta,all_eligible,17031720500,3,moves_into_highest_quartile,True
hypertension,,,,False,tract_persistence,zcta,all_eligible,17031720600,3,moves_into_highest_quartile,True
hypertension,,,,False,tract_persistence,zcta,all_eligible,17031720700,3,moves_into_highest_quartile,True
hypertension,,,,False,tract_persistence,zcta,all_eligible,17031730201,3,remains_high,True
hypertension,,,,False,tract_persistence,zcta,all_eligible,17031730202,3,remains_high,True
hypertension,,,,False,tract_persistence,zcta,all_eligible,17031730500,3,remains_high,True
hypertension,,,,False,tract_persistence,zcta,all_eligible,17031730600,3,remains_high,True
hypertension,,,,False,tract_persistence,zcta,all_eligible,17031730700,3,remains_high,True
hypertension,,,,False,tract_persistence,zcta,all_eligible,17031740100,3,moves_into_highest_quartile,True
hypertension,,,,False,tract_persistence,zcta,all_eligible,17031740200,3,moves_into_highest_quartile,True
hypertension,,,,False,tract_persistence,zcta,all_eligible,17031740300,3,moves_into_highest_quartile,True
hypertension,,,,False,tract_persistence,zcta,all_eligible,17031740400,3,moves_into_highest_quartile,True
hypertension,,,,False,tract_persistence,zcta,all_eligible,17031750100,3,remains_high,True
hypertension,,,,False,tract_persistence,zcta,all_eligible,17031750200,3,remains_high,True
hypertension,,,,False,tract_persistence,zcta,all_eligible,17031750300,3,moves_into_highest_quartile,True
hypertension,,,,False,tract_persistence,zcta,all_eligible,17031750400,3,remains_high,True
hypertension,,,,False,tract_persistence,zcta,all_eligible,17031750500,3,remains_high,True
hypertension,,,,False,tract_persistence,zcta,all_eligible,17031750600,3,remains_high,True
hypertension,,,,False,tract_persistence,zcta,all_eligible,17031760801,3,remains_below_highest_quartile,True
hypertension,,,,False,tract_persistence,zcta,all_eligible,17031760802,3,moves_out_of_highest_quartile,True
hypertension,,,,False,tract_persistence,zcta,all_eligible,17031760803,3,remains_below_highest_quartile,True
hypertension,,,,False,tract_persistence,zcta,all_eligible,17031830500,3,moves_into_highest_quartile,True
hypertension,,,,False,tract_persistence,zcta,all_eligible,17031830600,3,remains_below_highest_quartile,True
hypertension,,,,False,tract_persistence,zcta,all_eligible,17031830700,3,remains_below_highest_quartile,True
hypertension,,,,False,tract_persistence,zcta,all_eligible,17031830800,3,remains_below_highest_quartile,True
hypertension,,,,False,tract_persistence,zcta,all_eligible,17031830900,3,remains_below_highest_quartile,True
hypertension,,,,False,tract_persistence,zcta,all_eligible,17031831100,3,remains_below_highest_quartile,True
hypertension,,,,False,tract_persistence,zcta,all_eligible,17031831200,3,remains_below_highest_quartile,True
hypertension,,,,False,tract_persistence,zcta,all_eligible,17031831300,3,remains_below_highest_quartile,True
hypertension,,,,False,tract_persistence,zcta,all_eligible,17031831400,3,remains_high,True
hypertension,,,,False,tract_persistence,zcta,all_eligible,17031831500,3,moves_into_highest_quartile,True
hypertension,,,,False,tract_persistence,zcta,all_eligible,17031831600,3,moves_into_highest_quartile,True
hypertension,,,,False,tract_persistence,zcta,all_eligible,17031831700,3,remains_below_highest_quartile,True
hypertension,,,,False,tract_persistence,zcta,all_eligible,17031831900,3,remains_below_highest_quartile,True
hypertension,,,,False,tract_persistence,zcta,all_eligible,17031832000,3,remains_below_highest_quartile,True
hypertension,,,,False,tract_persistence,zcta,all_eligible,17031832100,3,remains_below_highest_quartile,True
hypertension,,,,False,tract_persistence,zcta,all_eligible,17031832200,3,remains_below_highest_quartile,True
hypertension,,,,False,tract_persistence,zcta,all_eligible,17031832300,3,remains_below_highest_quartile,True
hypertension,,,,False,tract_persistence,zcta,all_eligible,17031832400,3,remains_below_highest_quartile,True
hypertension,,,,False,tract_persistence,zcta,all_eligible,17031832500,3,remains_below_highest_quartile,True
hypertension,,,,False,tract_persistence,zcta,all_eligible,17031832600,3,remains_below_highest_quartile,True
hypertension,,,,False,tract_persistence,zcta,all_eligible,17031832900,3,remains_below_highest_quartile,True
hypertension,,,,False,tract_persistence,zcta,all_eligible,17031833000,3,remains_below_highest_quartile,True
hypertension,,,,False,tract_persistence,zcta,all_eligible,17031833100,3,remains_below_highest_quartile,True
hypertension,,,,False,tract_persistence,zcta,all_eligible,17031833300,3,remains_below_highest_quartile,True
hypertension,,,,False,tract_persistence,zcta,all_eligible,17031833900,3,moves_into_highest_quartile,True
hypertension,,,,False,tract_persistence,zcta,all_eligible,17031834000,3,moves_into_highest_quartile,True
hypertension,,,,False,tract_persistence,zcta,all_eligible,17031834200,3,remains_high,True
hypertension,,,,False,tract_persistence,zcta,all_eligible,17031834400,3,moves_into_highest_quartile,True
hypertension,,,,False,tract_persistence,zcta,all_eligible,17031834500,3,moves_into_highest_quartile,True
hypertension,,,,False,tract_persistence,zcta,all_eligible,17031834600,3,remains_high,True
hypertension,,,,False,tract_persistence,zcta,all_eligible,17031834700,3,moves_into_highest_quartile,True
hypertension,,,,False,tract_persistence,zcta,all_eligible,17031834800,3,remains_high,True
hypertension,,,,False,tract_persistence,zcta,all_eligible,17031834900,3,remains_high,True
hypertension,,,,False,tract_persistence,zcta,all_eligible,17031835200,3,remains_below_highest_quartile,True
hypertension,,,,False,tract_persistence,zcta,all_eligible,17031835500,3,remains_below_highest_quartile,True
hypertension,,,,False,tract_persistence,zcta,all_eligible,17031835600,3,moves_out_of_highest_quartile,True
hypertension,,,,False,tract_persistence,zcta,all_eligible,17031835800,3,moves_into_highest_quartile,True
hypertension,,,,False,tract_persistence,zcta,all_eligible,17031836000,3,remains_high,True
hypertension,,,,False,tract_persistence,zcta,all_eligible,17031836100,3,moves_into_highest_quartile,True
hypertension,,,,False,tract_persistence,zcta,all_eligible,17031836300,3,moves_into_highest_quartile,True
hypertension,,,,False,tract_persistence,zcta,all_eligible,17031836500,3,moves_into_highest_quartile,True
hypertension,,,,False,tract_persistence,zcta,all_eligible,17031836600,3,moves_into_highest_quartile,True
hypertension,,,,False,tract_persistence,zcta,all_eligible,17031836700,3,moves_into_highest_quartile,True
hypertension,,,,False,tract_persistence,zcta,all_eligible,17031836800,3,remains_high,True
hypertension,,,,False,tract_persistence,zcta,all_eligible,17031836900,3,moves_into_highest_quartile,True
hypertension,,,,False,tract_persistence,zcta,all_eligible,17031837000,3,moves_into_highest_quartile,True
hypertension,,,,False,tract_persistence,zcta,all_eligible,17031837300,3,remains_high,True
hypertension,,,,False,tract_persistence,zcta,all_eligible,17031837400,3,moves_into_highest_quartile,True
hypertension,,,,False,tract_persistence,zcta,all_eligible,17031837800,3,moves_into_highest_quartile,True
hypertension,,,,False,tract_persistence,zcta,all_eligible,17031838000,3,remains_high,True
hypertension,,,,False,tract_persistence,zcta,all_eligible,17031838100,3,remains_high,True
hypertension,,,,False,tract_persistence,zcta,all_eligible,17031838200,3,moves_into_highest_quartile,True
hypertension,,,,False,tract_persistence,zcta,all_eligible,17031838300,3,remains_below_highest_quartile,True
hypertension,,,,False,tract_persistence,zcta,all_eligible,17031838600,3,remains_high,True
hypertension,,,,False,tract_persistence,zcta,all_eligible,17031838700,3,remains_high,True
hypertension,,,,False,tract_persistence,zcta,all_eligible,17031838800,3,remains_below_highest_quartile,True
hypertension,,,,False,tract_persistence,zcta,all_eligible,17031839000,3,remains_below_highest_quartile,True
hypertension,,,,False,tract_persistence,zcta,all_eligible,17031839100,3,remains_below_highest_quartile,True
hypertension,,,,False,tract_persistence,zcta,all_eligible,17031839200,3,remains_high,True
hypertension,,,,False,tract_persistence,zcta,all_eligible,17031839500,3,remains_high,True
hypertension,,,,False,tract_persistence,zcta,all_eligible,17031839600,3,remains_high,True
hypertension,,,,False,tract_persistence,zcta,all_eligible,17031839700,3,remains_below_highest_quartile,True
hypertension,,,,False,tract_persistence,zcta,all_eligible,17031839800,3,moves_into_highest_quartile,True
hypertension,,,,False,tract_persistence,zcta,all_eligible,17031839900,3,remains_below_highest_quartile,True
hypertension,,,,False,tract_persistence,zcta,all_eligible,17031840100,3,moves_into_highest_quartile,True
hypertension,,,,False,tract_persistence,zcta,all_eligible,17031840300,3,remains_below_highest_quartile,True
hypertension,,,,False,tract_persistence,zcta,all_eligible,17031840700,3,remains_below_highest_quartile,True
hypertension,,,,False,tract_persistence,zcta,all_eligible,17031840800,3,moves_into_highest_quartile,True
hypertension,,,,False,tract_persistence,zcta,all_eligible,17031841000,3,moves_into_highest_quartile,True
hypertension,,,,False,tract_persistence,zcta,all_eligible,17031841100,3,remains_high,True
hypertension,,,,False,tract_persistence,zcta,all_eligible,17031841500,3,moves_into_highest_quartile,True
hypertension,,,,False,tract_persistence,zcta,all_eligible,17031841700,3,remains_high,True
hypertension,,,,False,tract_persistence,zcta,all_eligible,17031841800,3,moves_into_highest_quartile,True
hypertension,,,,False,tract_persistence,zcta,all_eligible,17031841900,3,remains_below_highest_quartile,True
hypertension,,,,False,tract_persistence,zcta,all_eligible,17031842000,3,moves_into_highest_quartile,True
hypertension,,,,False,tract_persistence,zcta,all_eligible,17031842200,3,remains_below_highest_quartile,True
hypertension,,,,False,tract_persistence,zcta,all_eligible,17031842500,3,moves_into_highest_quartile,True
hypertension,,,,False,tract_persistence,zcta,all_eligible,17031842600,3,remains_below_highest_quartile,True
hypertension,,,,False,tract_persistence,zcta,all_eligible,17031842800,3,remains_below_highest_quartile,True
hypertension,,,,False,tract_persistence,zcta,all_eligible,17031842900,3,moves_out_of_highest_quartile,True
hypertension,,,,False,tract_persistence,zcta,all_eligible,17031843000,3,remains_high,True
hypertension,,,,False,tract_persistence,zcta,all_eligible,17031843100,3,remains_high,True
hypertension,,,,False,tract_persistence,zcta,all_eligible,17031843200,3,remains_below_highest_quartile,True
hypertension,,,,False,tract_persistence,zcta,all_eligible,17031843300,3,remains_below_highest_quartile,True
hypertension,,,,False,tract_persistence,zcta,all_eligible,17031843600,3,remains_high,True
hypertension,,,,False,tract_persistence,zcta,all_eligible,17031843700,3,remains_below_highest_quartile,True
hypertension,,,,False,tract_persistence,zcta,all_eligible,17031843800,3,unstable,False
hypertension,,,,False,tract_persistence,zcta,all_eligible,17031844600,3,moves_into_highest_quartile,True
hypertension,,,,False,tract_persistence,zcta,all_eligible,17031844700,3,moves_into_highest_quartile,True
copd,2022,284,0.395833333333,False,annual_jaccard,zcta,noncrossing_only,,,,
copd,2023,284,0.364285714286,False,annual_jaccard,zcta,noncrossing_only,,,,
copd,2024,284,0.385245901639,False,annual_jaccard,zcta,noncrossing_only,,,,
hypertension,2022,489,0.5,False,annual_jaccard,zcta,noncrossing_only,,,,
hypertension,2023,489,0.522727272727,False,annual_jaccard,zcta,noncrossing_only,,,,
hypertension,2024,489,0.532407407407,False,annual_jaccard,zcta,noncrossing_only,,,,
copd,,,,False,tract_persistence,zcta,noncrossing_only,17031010100,3,remains_below_highest_quartile,True
copd,,,,False,tract_persistence,zcta,noncrossing_only,17031010300,3,remains_below_highest_quartile,True
copd,,,,False,tract_persistence,zcta,noncrossing_only,17031010501,3,remains_below_highest_quartile,True
copd,,,,False,tract_persistence,zcta,noncrossing_only,17031010600,3,remains_below_highest_quartile,True
copd,,,,False,tract_persistence,zcta,noncrossing_only,17031020100,3,remains_below_highest_quartile,True
copd,,,,False,tract_persistence,zcta,noncrossing_only,17031020302,3,remains_below_highest_quartile,True
copd,,,,False,tract_persistence,zcta,noncrossing_only,17031020802,3,remains_below_highest_quartile,True
copd,,,,False,tract_persistence,zcta,noncrossing_only,17031020901,3,remains_below_highest_quartile,True
copd,,,,False,tract_persistence,zcta,noncrossing_only,17031030101,3,remains_below_highest_quartile,True
copd,,,,False,tract_persistence,zcta,noncrossing_only,17031030102,3,remains_below_highest_quartile,True
copd,,,,False,tract_persistence,zcta,noncrossing_only,17031030200,3,remains_below_highest_quartile,True
copd,,,,False,tract_persistence,zcta,noncrossing_only,17031030500,3,remains_below_highest_quartile,True
copd,,,,False,tract_persistence,zcta,noncrossing_only,17031030601,3,remains_below_highest_quartile,True
copd,,,,False,tract_persistence,zcta,noncrossing_only,17031030604,3,remains_below_highest_quartile,True
copd,,,,False,tract_persistence,zcta,noncrossing_only,17031030701,3,remains_below_highest_quartile,True
copd,,,,False,tract_persistence,zcta,noncrossing_only,17031030702,3,remains_below_highest_quartile,True
copd,,,,False,tract_persistence,zcta,noncrossing_only,17031030703,3,remains_below_highest_quartile,True
copd,,,,False,tract_persistence,zcta,noncrossing_only,17031031000,3,remains_below_highest_quartile,True
copd,,,,False,tract_persistence,zcta,noncrossing_only,17031031100,3,remains_below_highest_quartile,True
copd,,,,False,tract_persistence,zcta,noncrossing_only,17031031200,3,remains_below_highest_quartile,True
copd,,,,False,tract_persistence,zcta,noncrossing_only,17031031300,3,remains_below_highest_quartile,True
copd,,,,False,tract_persistence,zcta,noncrossing_only,17031031501,3,remains_below_highest_quartile,True
copd,,,,False,tract_persistence,zcta,noncrossing_only,17031031700,3,remains_below_highest_quartile,True
copd,,,,False,tract_persistence,zcta,noncrossing_only,17031032100,3,remains_below_highest_quartile,True
copd,,,,False,tract_persistence,zcta,noncrossing_only,17031050200,3,remains_below_highest_quartile,True
copd,,,,False,tract_persistence,zcta,noncrossing_only,17031050500,3,remains_below_highest_quartile,True
copd,,,,False,tract_persistence,zcta,noncrossing_only,17031060800,3,remains_below_highest_quartile,True
copd,,,,False,tract_persistence,zcta,noncrossing_only,17031061901,3,remains_below_highest_quartile,True
copd,,,,False,tract_persistence,zcta,noncrossing_only,17031063200,3,remains_below_highest_quartile,True
copd,,,,False,tract_persistence,zcta,noncrossing_only,17031063302,3,remains_below_highest_quartile,True
copd,,,,False,tract_persistence,zcta,noncrossing_only,17031070400,3,remains_below_highest_quartile,True
copd,,,,False,tract_persistence,zcta,noncrossing_only,17031071200,3,remains_below_highest_quartile,True
copd,,,,False,tract_persistence,zcta,noncrossing_only,17031071300,3,remains_below_highest_quartile,True
copd,,,,False,tract_persistence,zcta,noncrossing_only,17031071400,3,remains_below_highest_quartile,True
copd,,,,False,tract_persistence,zcta,noncrossing_only,17031080100,3,remains_below_highest_quartile,True
copd,,,,False,tract_persistence,zcta,noncrossing_only,17031080201,3,remains_below_highest_quartile,True
copd,,,,False,tract_persistence,zcta,noncrossing_only,17031080202,3,remains_below_highest_quartile,True
copd,,,,False,tract_persistence,zcta,noncrossing_only,17031080300,3,remains_below_highest_quartile,True
copd,,,,False,tract_persistence,zcta,noncrossing_only,17031080400,3,unstable,False
copd,,,,False,tract_persistence,zcta,noncrossing_only,17031081000,3,unstable,False
copd,,,,False,tract_persistence,zcta,noncrossing_only,17031081300,3,remains_below_highest_quartile,True
copd,,,,False,tract_persistence,zcta,noncrossing_only,17031081401,3,remains_below_highest_quartile,True
copd,,,,False,tract_persistence,zcta,noncrossing_only,17031081402,3,remains_below_highest_quartile,True
copd,,,,False,tract_persistence,zcta,noncrossing_only,17031081700,3,remains_below_highest_quartile,True
copd,,,,False,tract_persistence,zcta,noncrossing_only,17031090200,3,remains_below_highest_quartile,True
copd,,,,False,tract_persistence,zcta,noncrossing_only,17031110400,3,remains_below_highest_quartile,True
copd,,,,False,tract_persistence,zcta,noncrossing_only,17031110501,3,remains_below_highest_quartile,True
copd,,,,False,tract_persistence,zcta,noncrossing_only,17031110502,3,remains_below_highest_quartile,True
copd,,,,False,tract_persistence,zcta,noncrossing_only,17031120200,3,remains_below_highest_quartile,True
copd,,,,False,tract_persistence,zcta,noncrossing_only,17031140400,3,remains_below_highest_quartile,True
copd,,,,False,tract_persistence,zcta,noncrossing_only,17031150402,3,remains_below_highest_quartile,True
copd,,,,False,tract_persistence,zcta,noncrossing_only,17031150800,3,remains_below_highest_quartile,True
copd,,,,False,tract_persistence,zcta,noncrossing_only,17031160300,3,remains_below_highest_quartile,True
copd,,,,False,tract_persistence,zcta,noncrossing_only,17031160700,3,remains_below_highest_quartile,True
copd,,,,False,tract_persistence,zcta,noncrossing_only,17031170200,3,remains_below_highest_quartile,True
copd,,,,False,tract_persistence,zcta,noncrossing_only,17031170300,3,remains_below_highest_quartile,True
copd,,,,False,tract_persistence,zcta,noncrossing_only,17031170400,3,remains_below_highest_quartile,True
copd,,,,False,tract_persistence,zcta,noncrossing_only,17031170500,3,remains_below_highest_quartile,True
copd,,,,False,tract_persistence,zcta,noncrossing_only,17031170800,3,moves_out_of_highest_quartile,True
copd,,,,False,tract_persistence,zcta,noncrossing_only,17031171000,3,remains_below_highest_quartile,True
copd,,,,False,tract_persistence,zcta,noncrossing_only,17031171100,3,remains_below_highest_quartile,True
copd,,,,False,tract_persistence,zcta,noncrossing_only,17031190800,3,remains_below_highest_quartile,True
copd,,,,False,tract_persistence,zcta,noncrossing_only,17031191100,3,remains_below_highest_quartile,True
copd,,,,False,tract_persistence,zcta,noncrossing_only,17031191301,3,remains_below_highest_quartile,True
copd,,,,False,tract_persistence,zcta,noncrossing_only,17031210100,3,remains_below_highest_quartile,True
copd,,,,False,tract_persistence,zcta,noncrossing_only,17031231100,3,moves_into_highest_quartile,True
copd,,,,False,tract_persistence,zcta,noncrossing_only,17031231200,3,moves_into_highest_quartile,True
copd,,,,False,tract_persistence,zcta,noncrossing_only,17031242300,3,remains_below_highest_quartile,True
copd,,,,False,tract_persistence,zcta,noncrossing_only,17031242600,3,remains_below_highest_quartile,True
copd,,,,False,tract_persistence,zcta,noncrossing_only,17031243400,3,remains_below_highest_quartile,True
copd,,,,False,tract_persistence,zcta,noncrossing_only,17031243500,3,remains_below_highest_quartile,True
copd,,,,False,tract_persistence,zcta,noncrossing_only,17031250300,3,remains_below_highest_quartile,True
copd,,,,False,tract_persistence,zcta,noncrossing_only,17031250400,3,remains_below_highest_quartile,True
copd,,,,False,tract_persistence,zcta,noncrossing_only,17031251100,3,remains_high,True
copd,,,,False,tract_persistence,zcta,noncrossing_only,17031251200,3,moves_into_highest_quartile,True
copd,,,,False,tract_persistence,zcta,noncrossing_only,17031251300,3,moves_into_highest_quartile,True
copd,,,,False,tract_persistence,zcta,noncrossing_only,17031251800,3,moves_into_highest_quartile,True
copd,,,,False,tract_persistence,zcta,noncrossing_only,17031251900,3,moves_into_highest_quartile,True
copd,,,,False,tract_persistence,zcta,noncrossing_only,17031252000,3,remains_high,True
copd,,,,False,tract_persistence,zcta,noncrossing_only,17031252101,3,moves_into_highest_quartile,True
copd,,,,False,tract_persistence,zcta,noncrossing_only,17031252102,3,remains_high,True
copd,,,,False,tract_persistence,zcta,noncrossing_only,17031252201,3,remains_high,True
copd,,,,False,tract_persistence,zcta,noncrossing_only,17031260100,3,remains_high,True
copd,,,,False,tract_persistence,zcta,noncrossing_only,17031260300,3,remains_high,True
copd,,,,False,tract_persistence,zcta,noncrossing_only,17031260400,3,moves_into_highest_quartile,True
copd,,,,False,tract_persistence,zcta,noncrossing_only,17031260500,3,remains_high,True
copd,,,,False,tract_persistence,zcta,noncrossing_only,17031260600,3,remains_high,True
copd,,,,False,tract_persistence,zcta,noncrossing_only,17031260700,3,remains_high,True
copd,,,,False,tract_persistence,zcta,noncrossing_only,17031260800,3,remains_high,True
copd,,,,False,tract_persistence,zcta,noncrossing_only,17031260900,3,moves_into_highest_quartile,True
copd,,,,False,tract_persistence,zcta,noncrossing_only,17031261000,3,remains_high,True
copd,,,,False,tract_persistence,zcta,noncrossing_only,17031270500,3,remains_high,True
copd,,,,False,tract_persistence,zcta,noncrossing_only,17031271200,3,moves_into_highest_quartile,True
copd,,,,False,tract_persistence,zcta,noncrossing_only,17031271400,3,moves_into_highest_quartile,True
copd,,,,False,tract_persistence,zcta,noncrossing_only,17031271500,3,moves_into_highest_quartile,True
copd,,,,False,tract_persistence,zcta,noncrossing_only,17031280800,3,remains_high,True
copd,,,,False,tract_persistence,zcta,noncrossing_only,17031280900,3,moves_into_highest_quartile,True
copd,,,,False,tract_persistence,zcta,noncrossing_only,17031283100,3,remains_below_highest_quartile,True
copd,,,,False,tract_persistence,zcta,noncrossing_only,17031283800,3,moves_out_of_highest_quartile,True
copd,,,,False,tract_persistence,zcta,noncrossing_only,17031292200,3,moves_out_of_highest_quartile,True
copd,,,,False,tract_persistence,zcta,noncrossing_only,17031292400,3,moves_out_of_highest_quartile,True
copd,,,,False,tract_persistence,zcta,noncrossing_only,17031292500,3,moves_out_of_highest_quartile,True
copd,,,,False,tract_persistence,zcta,noncrossing_only,17031300600,3,remains_below_highest_quartile,True
copd,,,,False,tract_persistence,zcta,noncrossing_only,17031300700,3,remains_below_highest_quartile,True
copd,,,,False,tract_persistence,zcta,noncrossing_only,17031301200,3,remains_below_highest_quartile,True
copd,,,,False,tract_persistence,zcta,noncrossing_only,17031301701,3,remains_below_highest_quartile,True
copd,,,,False,tract_persistence,zcta,noncrossing_only,17031301803,3,remains_below_highest_quartile,True
copd,,,,False,tract_persistence,zcta,noncrossing_only,17031310300,3,remains_below_highest_quartile,True
copd,,,,False,tract_persistence,zcta,noncrossing_only,17031310600,3,remains_below_highest_quartile,True
copd,,,,False,tract_persistence,zcta,noncrossing_only,17031310800,3,remains_below_highest_quartile,True
copd,,,,False,tract_persistence,zcta,noncrossing_only,17031310900,3,remains_below_highest_quartile,True
copd,,,,False,tract_persistence,zcta,noncrossing_only,17031320101,3,remains_below_highest_quartile,True
copd,,,,False,tract_persistence,zcta,noncrossing_only,17031320600,3,remains_below_highest_quartile,True
copd,,,,False,tract_persistence,zcta,noncrossing_only,17031330102,3,remains_below_highest_quartile,True
copd,,,,False,tract_persistence,zcta,noncrossing_only,17031340300,3,moves_out_of_highest_quartile,True
copd,,,,False,tract_persistence,zcta,noncrossing_only,17031340500,3,moves_out_of_highest_quartile,True
copd,,,,False,tract_persistence,zcta,noncrossing_only,17031350400,3,moves_out_of_highest_quartile,True
copd,,,,False,tract_persistence,zcta,noncrossing_only,17031351000,3,remains_below_highest_quartile,True
copd,,,,False,tract_persistence,zcta,noncrossing_only,17031360200,3,moves_into_highest_quartile,True
copd,,,,False,tract_persistence,zcta,noncrossing_only,17031380100,3,remains_high,True
copd,,,,False,tract_persistence,zcta,noncrossing_only,17031380200,3,remains_high,True
copd,,,,False,tract_persistence,zcta,noncrossing_only,17031381500,3,remains_high,True
copd,,,,False,tract_persistence,zcta,noncrossing_only,17031381800,3,moves_out_of_highest_quartile,True
copd,,,,False,tract_persistence,zcta,noncrossing_only,17031381900,3,moves_out_of_highest_quartile,True
copd,,,,False,tract_persistence,zcta,noncrossing_only,17031390300,3,moves_into_highest_quartile,True
copd,,,,False,tract_persistence,zcta,noncrossing_only,17031390400,3,moves_out_of_highest_quartile,True
copd,,,,False,tract_persistence,zcta,noncrossing_only,17031390600,3,remains_below_highest_quartile,True
copd,,,,False,tract_persistence,zcta,noncrossing_only,17031400400,3,moves_into_highest_quartile,True
copd,,,,False,tract_persistence,zcta,noncrossing_only,17031410500,3,remains_below_highest_quartile,True
copd,,,,False,tract_persistence,zcta,noncrossing_only,17031410600,3,remains_below_highest_quartile,True
copd,,,,False,tract_persistence,zcta,noncrossing_only,17031420200,3,remains_high,True
copd,,,,False,tract_persistence,zcta,noncrossing_only,17031420400,3,moves_into_highest_quartile,True
copd,,,,False,tract_persistence,zcta,noncrossing_only,17031420500,3,unstable,False
copd,,,,False,tract_persistence,zcta,noncrossing_only,17031420600,3,unstable,False
copd,,,,False,tract_persistence,zcta,noncrossing_only,17031420700,3,remains_high,True
copd,,,,False,tract_persistence,zcta,noncrossing_only,17031420800,3,moves_into_highest_quartile,True
copd,,,,False,tract_persistence,zcta,noncrossing_only,17031421200,3,remains_high,True
copd,,,,False,tract_persistence,zcta,noncrossing_only,17031430101,3,moves_into_highest_quartile,True
copd,,,,False,tract_persistence,zcta,noncrossing_only,17031430200,3,moves_into_highest_quartile,True
copd,,,,False,tract_persistence,zcta,noncrossing_only,17031430500,3,remains_high,True
copd,,,,False,tract_persistence,zcta,noncrossing_only,17031430600,3,moves_into_highest_quartile,True
copd,,,,False,tract_persistence,zcta,noncrossing_only,17031430700,3,moves_into_highest_quartile,True
copd,,,,False,tract_persistence,zcta,noncrossing_only,17031430800,3,moves_into_highest_quartile,True
copd,,,,False,tract_persistence,zcta,noncrossing_only,17031430900,3,moves_into_highest_quartile,True
copd,,,,False,tract_persistence,zcta,noncrossing_only,17031431200,3,moves_into_highest_quartile,True
copd,,,,False,tract_persistence,zcta,noncrossing_only,17031431301,3,remains_high,True
copd,,,,False,tract_persistence,zcta,noncrossing_only,17031431302,3,moves_into_highest_quartile,True
copd,,,,False,tract_persistence,zcta,noncrossing_only,17031431400,3,remains_high,True
copd,,,,False,tract_persistence,zcta,noncrossing_only,17031440101,3,remains_high,True
copd,,,,False,tract_persistence,zcta,noncrossing_only,17031440102,3,remains_high,True
copd,,,,False,tract_persistence,zcta,noncrossing_only,17031440201,3,remains_high,True
copd,,,,False,tract_persistence,zcta,noncrossing_only,17031440202,3,moves_into_highest_quartile,True
copd,,,,False,tract_persistence,zcta,noncrossing_only,17031440300,3,moves_into_highest_quartile,True
copd,,,,False,tract_persistence,zcta,noncrossing_only,17031440600,3,moves_into_highest_quartile,True
copd,,,,False,tract_persistence,zcta,noncrossing_only,17031440900,3,moves_into_highest_quartile,True
copd,,,,False,tract_persistence,zcta,noncrossing_only,17031450300,3,remains_below_highest_quartile,True
copd,,,,False,tract_persistence,zcta,noncrossing_only,17031460301,3,remains_below_highest_quartile,True
copd,,,,False,tract_persistence,zcta,noncrossing_only,17031460400,3,remains_below_highest_quartile,True
copd,,,,False,tract_persistence,zcta,noncrossing_only,17031470100,3,moves_into_highest_quartile,True
copd,,,,False,tract_persistence,zcta,noncrossing_only,17031480100,3,remains_below_highest_quartile,True
copd,,,,False,tract_persistence,zcta,noncrossing_only,17031480400,3,remains_below_highest_quartile,True
copd,,,,False,tract_persistence,zcta,noncrossing_only,17031480500,3,remains_below_highest_quartile,True
copd,,,,False,tract_persistence,zcta,noncrossing_only,17031490200,3,moves_into_highest_quartile,True
copd,,,,False,tract_persistence,zcta,noncrossing_only,17031490800,3,moves_into_highest_quartile,True
copd,,,,False,tract_persistence,zcta,noncrossing_only,17031490901,3,remains_high,True
copd,,,,False,tract_persistence,zcta,noncrossing_only,17031490902,3,remains_high,True
copd,,,,False,tract_persistence,zcta,noncrossing_only,17031491000,3,remains_high,True
copd,,,,False,tract_persistence,zcta,noncrossing_only,17031491100,3,moves_into_highest_quartile,True
copd,,,,False,tract_persistence,zcta,noncrossing_only,17031491200,3,moves_into_highest_quartile,True
copd,,,,False,tract_persistence,zcta,noncrossing_only,17031491300,3,remains_high,True
copd,,,,False,tract_persistence,zcta,noncrossing_only,17031491400,3,moves_into_highest_quartile,True
copd,,,,False,tract_persistence,zcta,noncrossing_only,17031510200,3,remains_below_highest_quartile,True
copd,,,,False,tract_persistence,zcta,noncrossing_only,17031520300,3,remains_below_highest_quartile,True
copd,,,,False,tract_persistence,zcta,noncrossing_only,17031520500,3,remains_below_highest_quartile,True
copd,,,,False,tract_persistence,zcta,noncrossing_only,17031530200,3,remains_high,True
copd,,,,False,tract_persistence,zcta,noncrossing_only,17031530501,3,moves_into_highest_quartile,True
copd,,,,False,tract_persistence,zcta,noncrossing_only,17031530502,3,remains_high,True
copd,,,,False,tract_persistence,zcta,noncrossing_only,17031530600,3,moves_into_highest_quartile,True
copd,,,,False,tract_persistence,zcta,noncrossing_only,17031540101,3,moves_into_highest_quartile,True
copd,,,,False,tract_persistence,zcta,noncrossing_only,17031560200,3,remains_below_highest_quartile,True
copd,,,,False,tract_persistence,zcta,noncrossing_only,17031560300,3,remains_below_highest_quartile,True
copd,,,,False,tract_persistence,zcta,noncrossing_only,17031560700,3,remains_below_highest_quartile,True
copd,,,,False,tract_persistence,zcta,noncrossing_only,17031560800,3,remains_below_highest_quartile,True
copd,,,,False,tract_persistence,zcta,noncrossing_only,17031561000,3,remains_below_highest_quartile,True
copd,,,,False,tract_persistence,zcta,noncrossing_only,17031561100,3,remains_below_highest_quartile,True
copd,,,,False,tract_persistence,zcta,noncrossing_only,17031570300,3,remains_below_highest_quartile,True
copd,,,,False,tract_persistence,zcta,noncrossing_only,17031580100,3,remains_below_highest_quartile,True
copd,,,,False,tract_persistence,zcta,noncrossing_only,17031580400,3,remains_below_highest_quartile,True
copd,,,,False,tract_persistence,zcta,noncrossing_only,17031580502,3,remains_below_highest_quartile,True
copd,,,,False,tract_persistence,zcta,noncrossing_only,17031580600,3,remains_below_highest_quartile,True
copd,,,,False,tract_persistence,zcta,noncrossing_only,17031590600,3,remains_below_highest_quartile,True
copd,,,,False,tract_persistence,zcta,noncrossing_only,17031600900,3,remains_below_highest_quartile,True
copd,,,,False,tract_persistence,zcta,noncrossing_only,17031610300,3,remains_below_highest_quartile,True
copd,,,,False,tract_persistence,zcta,noncrossing_only,17031610400,3,remains_below_highest_quartile,True
copd,,,,False,tract_persistence,zcta,noncrossing_only,17031611300,3,remains_below_highest_quartile,True
copd,,,,False,tract_persistence,zcta,noncrossing_only,17031611800,3,remains_below_highest_quartile,True
copd,,,,False,tract_persistence,zcta,noncrossing_only,17031611900,3,remains_below_highest_quartile,True
copd,,,,False,tract_persistence,zcta,noncrossing_only,17031612000,3,remains_below_highest_quartile,True
copd,,,,False,tract_persistence,zcta,noncrossing_only,17031612100,3,moves_out_of_highest_quartile,True
copd,,,,False,tract_persistence,zcta,noncrossing_only,17031612200,3,remains_below_highest_quartile,True
copd,,,,False,tract_persistence,zcta,noncrossing_only,17031630400,3,remains_below_highest_quartile,True
copd,,,,False,tract_persistence,zcta,noncrossing_only,17031640300,3,remains_below_highest_quartile,True
copd,,,,False,tract_persistence,zcta,noncrossing_only,17031640500,3,remains_below_highest_quartile,True
copd,,,,False,tract_persistence,zcta,noncrossing_only,17031640600,3,remains_below_highest_quartile,True
copd,,,,False,tract_persistence,zcta,noncrossing_only,17031640700,3,remains_below_highest_quartile,True
copd,,,,False,tract_persistence,zcta,noncrossing_only,17031650100,3,remains_below_highest_quartile,True
copd,,,,False,tract_persistence,zcta,noncrossing_only,17031650200,3,remains_below_highest_quartile,True
copd,,,,False,tract_persistence,zcta,noncrossing_only,17031650302,3,remains_below_highest_quartile,True
copd,,,,False,tract_persistence,zcta,noncrossing_only,17031650400,3,remains_below_highest_quartile,True
copd,,,,False,tract_persistence,zcta,noncrossing_only,17031660700,3,unstable,False
copd,,,,False,tract_persistence,zcta,noncrossing_only,17031670300,3,moves_into_highest_quartile,True
copd,,,,False,tract_persistence,zcta,noncrossing_only,17031670400,3,unstable,False
copd,,,,False,tract_persistence,zcta,noncrossing_only,17031670700,3,unstable,False
copd,,,,False,tract_persistence,zcta,noncrossing_only,17031670800,3,moves_into_highest_quartile,True
copd,,,,False,tract_persistence,zcta,noncrossing_only,17031671300,3,unstable,False
copd,,,,False,tract_persistence,zcta,noncrossing_only,17031671500,3,moves_into_highest_quartile,True
copd,,,,False,tract_persistence,zcta,noncrossing_only,17031680900,3,remains_high,True
copd,,,,False,tract_persistence,zcta,noncrossing_only,17031681200,3,moves_into_highest_quartile,True
copd,,,,False,tract_persistence,zcta,noncrossing_only,17031690300,3,remains_high,True
copd,,,,False,tract_persistence,zcta,noncrossing_only,17031690900,3,moves_into_highest_quartile,True
copd,,,,False,tract_persistence,zcta,noncrossing_only,17031691000,3,moves_into_highest_quartile,True
copd,,,,False,tract_persistence,zcta,noncrossing_only,17031691100,3,moves_into_highest_quartile,True
copd,,,,False,tract_persistence,zcta,noncrossing_only,17031691200,3,remains_high,True
copd,,,,False,tract_persistence,zcta,noncrossing_only,17031691300,3,remains_high,True
copd,,,,False,tract_persistence,zcta,noncrossing_only,17031691400,3,remains_high,True
copd,,,,False,tract_persistence,zcta,noncrossing_only,17031691500,3,remains_high,True
copd,,,,False,tract_persistence,zcta,noncrossing_only,17031700301,3,remains_below_highest_quartile,True
copd,,,,False,tract_persistence,zcta,noncrossing_only,17031700302,3,remains_below_highest_quartile,True
copd,,,,False,tract_persistence,zcta,noncrossing_only,17031700401,3,remains_below_highest_quartile,True
copd,,,,False,tract_persistence,zcta,noncrossing_only,17031710200,3,moves_into_highest_quartile,True
copd,,,,False,tract_persistence,zcta,noncrossing_only,17031710400,3,moves_into_highest_quartile,True
copd,,,,False,tract_persistence,zcta,noncrossing_only,17031710500,3,moves_into_highest_quartile,True
copd,,,,False,tract_persistence,zcta,noncrossing_only,17031710600,3,moves_into_highest_quartile,True
copd,,,,False,tract_persistence,zcta,noncrossing_only,17031710700,3,moves_into_highest_quartile,True
copd,,,,False,tract_persistence,zcta,noncrossing_only,17031710800,3,remains_high,True
copd,,,,False,tract_persistence,zcta,noncrossing_only,17031710900,3,moves_into_highest_quartile,True
copd,,,,False,tract_persistence,zcta,noncrossing_only,17031711000,3,remains_high,True
copd,,,,False,tract_persistence,zcta,noncrossing_only,17031711100,3,moves_into_highest_quartile,True
copd,,,,False,tract_persistence,zcta,noncrossing_only,17031711200,3,remains_high,True
copd,,,,False,tract_persistence,zcta,noncrossing_only,17031711400,3,moves_into_highest_quartile,True
copd,,,,False,tract_persistence,zcta,noncrossing_only,17031720100,3,remains_below_highest_quartile,True
copd,,,,False,tract_persistence,zcta,noncrossing_only,17031720200,3,remains_below_highest_quartile,True
copd,,,,False,tract_persistence,zcta,noncrossing_only,17031720700,3,remains_below_highest_quartile,True
copd,,,,False,tract_persistence,zcta,noncrossing_only,17031740200,3,remains_below_highest_quartile,True
copd,,,,False,tract_persistence,zcta,noncrossing_only,17031740300,3,remains_below_highest_quartile,True
copd,,,,False,tract_persistence,zcta,noncrossing_only,17031740400,3,moves_out_of_highest_quartile,True
copd,,,,False,tract_persistence,zcta,noncrossing_only,17031750200,3,remains_below_highest_quartile,True
copd,,,,False,tract_persistence,zcta,noncrossing_only,17031750500,3,remains_below_highest_quartile,True
copd,,,,False,tract_persistence,zcta,noncrossing_only,17031831400,3,remains_high,True
copd,,,,False,tract_persistence,zcta,noncrossing_only,17031831600,3,remains_below_highest_quartile,True
copd,,,,False,tract_persistence,zcta,noncrossing_only,17031832500,3,remains_below_highest_quartile,True
copd,,,,False,tract_persistence,zcta,noncrossing_only,17031832900,3,remains_below_highest_quartile,True
copd,,,,False,tract_persistence,zcta,noncrossing_only,17031833100,3,remains_below_highest_quartile,True
copd,,,,False,tract_persistence,zcta,noncrossing_only,17031833300,3,remains_below_highest_quartile,True
copd,,,,False,tract_persistence,zcta,noncrossing_only,17031834400,3,moves_into_highest_quartile,True
copd,,,,False,tract_persistence,zcta,noncrossing_only,17031834600,3,remains_high,True
copd,,,,False,tract_persistence,zcta,noncrossing_only,17031834700,3,moves_into_highest_quartile,True
copd,,,,False,tract_persistence,zcta,noncrossing_only,17031834800,3,remains_high,True
copd,,,,False,tract_persistence,zcta,noncrossing_only,17031834900,3,unstable,False
copd,,,,False,tract_persistence,zcta,noncrossing_only,17031835500,3,moves_out_of_highest_quartile,True
copd,,,,False,tract_persistence,zcta,noncrossing_only,17031835600,3,moves_out_of_highest_quartile,True
copd,,,,False,tract_persistence,zcta,noncrossing_only,17031836000,3,moves_into_highest_quartile,True
copd,,,,False,tract_persistence,zcta,noncrossing_only,17031836300,3,remains_below_highest_quartile,True
copd,,,,False,tract_persistence,zcta,noncrossing_only,17031836500,3,moves_into_highest_quartile,True
copd,,,,False,tract_persistence,zcta,noncrossing_only,17031837000,3,moves_into_highest_quartile,True
copd,,,,False,tract_persistence,zcta,noncrossing_only,17031837400,3,remains_high,True
copd,,,,False,tract_persistence,zcta,noncrossing_only,17031837800,3,moves_into_highest_quartile,True
copd,,,,False,tract_persistence,zcta,noncrossing_only,17031838000,3,remains_high,True
copd,,,,False,tract_persistence,zcta,noncrossing_only,17031838300,3,remains_below_highest_quartile,True
copd,,,,False,tract_persistence,zcta,noncrossing_only,17031838600,3,remains_high,True
copd,,,,False,tract_persistence,zcta,noncrossing_only,17031839200,3,unstable,False
copd,,,,False,tract_persistence,zcta,noncrossing_only,17031839500,3,moves_out_of_highest_quartile,True
copd,,,,False,tract_persistence,zcta,noncrossing_only,17031839600,3,remains_high,True
copd,,,,False,tract_persistence,zcta,noncrossing_only,17031839900,3,remains_below_highest_quartile,True
copd,,,,False,tract_persistence,zcta,noncrossing_only,17031840100,3,remains_below_highest_quartile,True
copd,,,,False,tract_persistence,zcta,noncrossing_only,17031841500,3,remains_below_highest_quartile,True
copd,,,,False,tract_persistence,zcta,noncrossing_only,17031841700,3,moves_out_of_highest_quartile,True
copd,,,,False,tract_persistence,zcta,noncrossing_only,17031842000,3,remains_below_highest_quartile,True
copd,,,,False,tract_persistence,zcta,noncrossing_only,17031842600,3,moves_out_of_highest_quartile,True
copd,,,,False,tract_persistence,zcta,noncrossing_only,17031842800,3,remains_below_highest_quartile,True
copd,,,,False,tract_persistence,zcta,noncrossing_only,17031842900,3,moves_out_of_highest_quartile,True
copd,,,,False,tract_persistence,zcta,noncrossing_only,17031843000,3,remains_high,True
copd,,,,False,tract_persistence,zcta,noncrossing_only,17031843300,3,remains_below_highest_quartile,True
copd,,,,False,tract_persistence,zcta,noncrossing_only,17031843800,3,remains_below_highest_quartile,True
hypertension,,,,False,tract_persistence,zcta,noncrossing_only,17031010100,3,remains_below_highest_quartile,True
hypertension,,,,False,tract_persistence,zcta,noncrossing_only,17031010202,3,remains_below_highest_quartile,True
hypertension,,,,False,tract_persistence,zcta,noncrossing_only,17031010300,3,remains_below_highest_quartile,True
hypertension,,,,False,tract_persistence,zcta,noncrossing_only,17031010501,3,remains_below_highest_quartile,True
hypertension,,,,False,tract_persistence,zcta,noncrossing_only,17031010502,3,remains_below_highest_quartile,True
hypertension,,,,False,tract_persistence,zcta,noncrossing_only,17031010600,3,remains_below_highest_quartile,True
hypertension,,,,False,tract_persistence,zcta,noncrossing_only,17031010702,3,remains_below_highest_quartile,True
hypertension,,,,False,tract_persistence,zcta,noncrossing_only,17031020100,3,remains_below_highest_quartile,True
hypertension,,,,False,tract_persistence,zcta,noncrossing_only,17031020200,3,remains_below_highest_quartile,True
hypertension,,,,False,tract_persistence,zcta,noncrossing_only,17031020301,3,remains_below_highest_quartile,True
hypertension,,,,False,tract_persistence,zcta,noncrossing_only,17031020302,3,remains_below_highest_quartile,True
hypertension,,,,False,tract_persistence,zcta,noncrossing_only,17031020400,3,remains_below_highest_quartile,True
hypertension,,,,False,tract_persistence,zcta,noncrossing_only,17031020701,3,remains_below_highest_quartile,True
hypertension,,,,False,tract_persistence,zcta,noncrossing_only,17031020801,3,remains_below_highest_quartile,True
hypertension,,,,False,tract_persistence,zcta,noncrossing_only,17031020802,3,remains_below_highest_quartile,True
hypertension,,,,False,tract_persistence,zcta,noncrossing_only,17031020901,3,remains_below_highest_quartile,True
hypertension,,,,False,tract_persistence,zcta,noncrossing_only,17031030101,3,remains_below_highest_quartile,True
hypertension,,,,False,tract_persistence,zcta,noncrossing_only,17031030102,3,remains_below_highest_quartile,True
hypertension,,,,False,tract_persistence,zcta,noncrossing_only,17031030103,3,remains_below_highest_quartile,True
hypertension,,,,False,tract_persistence,zcta,noncrossing_only,17031030104,3,remains_below_highest_quartile,True
hypertension,,,,False,tract_persistence,zcta,noncrossing_only,17031030200,3,remains_below_highest_quartile,True
hypertension,,,,False,tract_persistence,zcta,noncrossing_only,17031030300,3,remains_below_highest_quartile,True
hypertension,,,,False,tract_persistence,zcta,noncrossing_only,17031030400,3,remains_below_highest_quartile,True
hypertension,,,,False,tract_persistence,zcta,noncrossing_only,17031030500,3,remains_below_highest_quartile,True
hypertension,,,,False,tract_persistence,zcta,noncrossing_only,17031030601,3,remains_below_highest_quartile,True
hypertension,,,,False,tract_persistence,zcta,noncrossing_only,17031030603,3,remains_below_highest_quartile,True
hypertension,,,,False,tract_persistence,zcta,noncrossing_only,17031030604,3,remains_below_highest_quartile,True
hypertension,,,,False,tract_persistence,zcta,noncrossing_only,17031030701,3,remains_below_highest_quartile,True
hypertension,,,,False,tract_persistence,zcta,noncrossing_only,17031030702,3,remains_below_highest_quartile,True
hypertension,,,,False,tract_persistence,zcta,noncrossing_only,17031030703,3,remains_below_highest_quartile,True
hypertension,,,,False,tract_persistence,zcta,noncrossing_only,17031031000,3,remains_below_highest_quartile,True
hypertension,,,,False,tract_persistence,zcta,noncrossing_only,17031031100,3,remains_below_highest_quartile,True
hypertension,,,,False,tract_persistence,zcta,noncrossing_only,17031031200,3,remains_below_highest_quartile,True
hypertension,,,,False,tract_persistence,zcta,noncrossing_only,17031031300,3,remains_below_highest_quartile,True
hypertension,,,,False,tract_persistence,zcta,noncrossing_only,17031031501,3,remains_below_highest_quartile,True
hypertension,,,,False,tract_persistence,zcta,noncrossing_only,17031031700,3,remains_below_highest_quartile,True
hypertension,,,,False,tract_persistence,zcta,noncrossing_only,17031031800,3,remains_below_highest_quartile,True
hypertension,,,,False,tract_persistence,zcta,noncrossing_only,17031031900,3,remains_below_highest_quartile,True
hypertension,,,,False,tract_persistence,zcta,noncrossing_only,17031032100,3,remains_below_highest_quartile,True
hypertension,,,,False,tract_persistence,zcta,noncrossing_only,17031040201,3,remains_below_highest_quartile,True
hypertension,,,,False,tract_persistence,zcta,noncrossing_only,17031040401,3,remains_below_highest_quartile,True
hypertension,,,,False,tract_persistence,zcta,noncrossing_only,17031040600,3,remains_below_highest_quartile,True
hypertension,,,,False,tract_persistence,zcta,noncrossing_only,17031050200,3,remains_below_highest_quartile,True
hypertension,,,,False,tract_persistence,zcta,noncrossing_only,17031050300,3,remains_below_highest_quartile,True
hypertension,,,,False,tract_persistence,zcta,noncrossing_only,17031050500,3,remains_below_highest_quartile,True
hypertension,,,,False,tract_persistence,zcta,noncrossing_only,17031050800,3,remains_below_highest_quartile,True
hypertension,,,,False,tract_persistence,zcta,noncrossing_only,17031050900,3,remains_below_highest_quartile,True
hypertension,,,,False,tract_persistence,zcta,noncrossing_only,17031051000,3,remains_below_highest_quartile,True
hypertension,,,,False,tract_persistence,zcta,noncrossing_only,17031051100,3,remains_below_highest_quartile,True
hypertension,,,,False,tract_persistence,zcta,noncrossing_only,17031051400,3,remains_below_highest_quartile,True
hypertension,,,,False,tract_persistence,zcta,noncrossing_only,17031060100,3,remains_below_highest_quartile,True
hypertension,,,,False,tract_persistence,zcta,noncrossing_only,17031060200,3,remains_below_highest_quartile,True
hypertension,,,,False,tract_persistence,zcta,noncrossing_only,17031060300,3,remains_below_highest_quartile,True
hypertension,,,,False,tract_persistence,zcta,noncrossing_only,17031060400,3,remains_below_highest_quartile,True
hypertension,,,,False,tract_persistence,zcta,noncrossing_only,17031060500,3,remains_below_highest_quartile,True
hypertension,,,,False,tract_persistence,zcta,noncrossing_only,17031060800,3,remains_below_highest_quartile,True
hypertension,,,,False,tract_persistence,zcta,noncrossing_only,17031061000,3,remains_below_highest_quartile,True
hypertension,,,,False,tract_persistence,zcta,noncrossing_only,17031061100,3,remains_below_highest_quartile,True
hypertension,,,,False,tract_persistence,zcta,noncrossing_only,17031061200,3,remains_below_highest_quartile,True
hypertension,,,,False,tract_persistence,zcta,noncrossing_only,17031061800,3,remains_below_highest_quartile,True
hypertension,,,,False,tract_persistence,zcta,noncrossing_only,17031061901,3,remains_below_highest_quartile,True
hypertension,,,,False,tract_persistence,zcta,noncrossing_only,17031061902,3,remains_below_highest_quartile,True
hypertension,,,,False,tract_persistence,zcta,noncrossing_only,17031062000,3,remains_below_highest_quartile,True
hypertension,,,,False,tract_persistence,zcta,noncrossing_only,17031062100,3,remains_below_highest_quartile,True
hypertension,,,,False,tract_persistence,zcta,noncrossing_only,17031062200,3,remains_below_highest_quartile,True
hypertension,,,,False,tract_persistence,zcta,noncrossing_only,17031062300,3,remains_below_highest_quartile,True
hypertension,,,,False,tract_persistence,zcta,noncrossing_only,17031062400,3,remains_below_highest_quartile,True
hypertension,,,,False,tract_persistence,zcta,noncrossing_only,17031062500,3,remains_below_highest_quartile,True
hypertension,,,,False,tract_persistence,zcta,noncrossing_only,17031063100,3,remains_below_highest_quartile,True
hypertension,,,,False,tract_persistence,zcta,noncrossing_only,17031063200,3,remains_below_highest_quartile,True
hypertension,,,,False,tract_persistence,zcta,noncrossing_only,17031063302,3,remains_below_highest_quartile,True
hypertension,,,,False,tract_persistence,zcta,noncrossing_only,17031070102,3,remains_below_highest_quartile,True
hypertension,,,,False,tract_persistence,zcta,noncrossing_only,17031070103,3,remains_below_highest_quartile,True
hypertension,,,,False,tract_persistence,zcta,noncrossing_only,17031070200,3,remains_below_highest_quartile,True
hypertension,,,,False,tract_persistence,zcta,noncrossing_only,17031070300,3,remains_below_highest_quartile,True
hypertension,,,,False,tract_persistence,zcta,noncrossing_only,17031070400,3,remains_below_highest_quartile,True
hypertension,,,,False,tract_persistence,zcta,noncrossing_only,17031070500,3,remains_below_highest_quartile,True
hypertension,,,,False,tract_persistence,zcta,noncrossing_only,17031070600,3,remains_below_highest_quartile,True
hypertension,,,,False,tract_persistence,zcta,noncrossing_only,17031071000,3,remains_below_highest_quartile,True
hypertension,,,,False,tract_persistence,zcta,noncrossing_only,17031071100,3,remains_below_highest_quartile,True
hypertension,,,,False,tract_persistence,zcta,noncrossing_only,17031071200,3,remains_below_highest_quartile,True
hypertension,,,,False,tract_persistence,zcta,noncrossing_only,17031071300,3,remains_below_highest_quartile,True
hypertension,,,,False,tract_persistence,zcta,noncrossing_only,17031071400,3,remains_below_highest_quartile,True
hypertension,,,,False,tract_persistence,zcta,noncrossing_only,17031071600,3,remains_below_highest_quartile,True
hypertension,,,,False,tract_persistence,zcta,noncrossing_only,17031071700,3,remains_below_highest_quartile,True
hypertension,,,,False,tract_persistence,zcta,noncrossing_only,17031080100,3,remains_below_highest_quartile,True
hypertension,,,,False,tract_persistence,zcta,noncrossing_only,17031080201,3,remains_below_highest_quartile,True
hypertension,,,,False,tract_persistence,zcta,noncrossing_only,17031080202,3,remains_below_highest_quartile,True
hypertension,,,,False,tract_persistence,zcta,noncrossing_only,17031080300,3,remains_below_highest_quartile,True
hypertension,,,,False,tract_persistence,zcta,noncrossing_only,17031080400,3,remains_below_highest_quartile,True
hypertension,,,,False,tract_persistence,zcta,noncrossing_only,17031081000,3,remains_below_highest_quartile,True
hypertension,,,,False,tract_persistence,zcta,noncrossing_only,17031081300,3,remains_below_highest_quartile,True
hypertension,,,,False,tract_persistence,zcta,noncrossing_only,17031081401,3,remains_below_highest_quartile,True
hypertension,,,,False,tract_persistence,zcta,noncrossing_only,17031081402,3,remains_below_highest_quartile,True
hypertension,,,,False,tract_persistence,zcta,noncrossing_only,17031081600,3,remains_below_highest_quartile,True
hypertension,,,,False,tract_persistence,zcta,noncrossing_only,17031081700,3,remains_below_highest_quartile,True
hypertension,,,,False,tract_persistence,zcta,noncrossing_only,17031090100,3,remains_below_highest_quartile,True
hypertension,,,,False,tract_persistence,zcta,noncrossing_only,17031090200,3,remains_below_highest_quartile,True
hypertension,,,,False,tract_persistence,zcta,noncrossing_only,17031090300,3,remains_below_highest_quartile,True
hypertension,,,,False,tract_persistence,zcta,noncrossing_only,17031100100,3,remains_below_highest_quartile,True
hypertension,,,,False,tract_persistence,zcta,noncrossing_only,17031100400,3,remains_below_highest_quartile,True
hypertension,,,,False,tract_persistence,zcta,noncrossing_only,17031110200,3,remains_below_highest_quartile,True
hypertension,,,,False,tract_persistence,zcta,noncrossing_only,17031110300,3,remains_below_highest_quartile,True
hypertension,,,,False,tract_persistence,zcta,noncrossing_only,17031110400,3,remains_below_highest_quartile,True
hypertension,,,,False,tract_persistence,zcta,noncrossing_only,17031110501,3,remains_below_highest_quartile,True
hypertension,,,,False,tract_persistence,zcta,noncrossing_only,17031110502,3,remains_below_highest_quartile,True
hypertension,,,,False,tract_persistence,zcta,noncrossing_only,17031120100,3,remains_below_highest_quartile,True
hypertension,,,,False,tract_persistence,zcta,noncrossing_only,17031120200,3,remains_below_highest_quartile,True
hypertension,,,,False,tract_persistence,zcta,noncrossing_only,17031130300,3,remains_below_highest_quartile,True
hypertension,,,,False,tract_persistence,zcta,noncrossing_only,17031140100,3,remains_below_highest_quartile,True
hypertension,,,,False,tract_persistence,zcta,noncrossing_only,17031140200,3,remains_below_highest_quartile,True
hypertension,,,,False,tract_persistence,zcta,noncrossing_only,17031140400,3,remains_below_highest_quartile,True
hypertension,,,,False,tract_persistence,zcta,noncrossing_only,17031140701,3,remains_below_highest_quartile,True
hypertension,,,,False,tract_persistence,zcta,noncrossing_only,17031150402,3,remains_below_highest_quartile,True
hypertension,,,,False,tract_persistence,zcta,noncrossing_only,17031150502,3,remains_below_highest_quartile,True
hypertension,,,,False,tract_persistence,zcta,noncrossing_only,17031150600,3,remains_below_highest_quartile,True
hypertension,,,,False,tract_persistence,zcta,noncrossing_only,17031150800,3,remains_below_highest_quartile,True
hypertension,,,,False,tract_persistence,zcta,noncrossing_only,17031151001,3,remains_below_highest_quartile,True
hypertension,,,,False,tract_persistence,zcta,noncrossing_only,17031151002,3,remains_below_highest_quartile,True
hypertension,,,,False,tract_persistence,zcta,noncrossing_only,17031151200,3,remains_below_highest_quartile,True
hypertension,,,,False,tract_persistence,zcta,noncrossing_only,17031160300,3,remains_below_highest_quartile,True
hypertension,,,,False,tract_persistence,zcta,noncrossing_only,17031160501,3,remains_below_highest_quartile,True
hypertension,,,,False,tract_persistence,zcta,noncrossing_only,17031160502,3,remains_below_highest_quartile,True
hypertension,,,,False,tract_persistence,zcta,noncrossing_only,17031160601,3,remains_below_highest_quartile,True
hypertension,,,,False,tract_persistence,zcta,noncrossing_only,17031160602,3,remains_below_highest_quartile,True
hypertension,,,,False,tract_persistence,zcta,noncrossing_only,17031160700,3,remains_below_highest_quartile,True
hypertension,,,,False,tract_persistence,zcta,noncrossing_only,17031160800,3,remains_below_highest_quartile,True
hypertension,,,,False,tract_persistence,zcta,noncrossing_only,17031161000,3,remains_below_highest_quartile,True
hypertension,,,,False,tract_persistence,zcta,noncrossing_only,17031161100,3,remains_below_highest_quartile,True
hypertension,,,,False,tract_persistence,zcta,noncrossing_only,17031161200,3,remains_below_highest_quartile,True
hypertension,,,,False,tract_persistence,zcta,noncrossing_only,17031161300,3,remains_below_highest_quartile,True
hypertension,,,,False,tract_persistence,zcta,noncrossing_only,17031170100,3,remains_below_highest_quartile,True
hypertension,,,,False,tract_persistence,zcta,noncrossing_only,17031170200,3,remains_below_highest_quartile,True
hypertension,,,,False,tract_persistence,zcta,noncrossing_only,17031170300,3,remains_below_highest_quartile,True
hypertension,,,,False,tract_persistence,zcta,noncrossing_only,17031170400,3,remains_below_highest_quartile,True
hypertension,,,,False,tract_persistence,zcta,noncrossing_only,17031170500,3,remains_below_highest_quartile,True
hypertension,,,,False,tract_persistence,zcta,noncrossing_only,17031170600,3,remains_below_highest_quartile,True
hypertension,,,,False,tract_persistence,zcta,noncrossing_only,17031170700,3,remains_below_highest_quartile,True
hypertension,,,,False,tract_persistence,zcta,noncrossing_only,17031170800,3,remains_below_highest_quartile,True
hypertension,,,,False,tract_persistence,zcta,noncrossing_only,17031171000,3,remains_below_highest_quartile,True
hypertension,,,,False,tract_persistence,zcta,noncrossing_only,17031171100,3,remains_below_highest_quartile,True
hypertension,,,,False,tract_persistence,zcta,noncrossing_only,17031190601,3,remains_below_highest_quartile,True
hypertension,,,,False,tract_persistence,zcta,noncrossing_only,17031190602,3,remains_below_highest_quartile,True
hypertension,,,,False,tract_persistence,zcta,noncrossing_only,17031190701,3,remains_below_highest_quartile,True
hypertension,,,,False,tract_persistence,zcta,noncrossing_only,17031190702,3,remains_below_highest_quartile,True
hypertension,,,,False,tract_persistence,zcta,noncrossing_only,17031190800,3,remains_below_highest_quartile,True
hypertension,,,,False,tract_persistence,zcta,noncrossing_only,17031190900,3,remains_below_highest_quartile,True
hypertension,,,,False,tract_persistence,zcta,noncrossing_only,17031191000,3,remains_below_highest_quartile,True
hypertension,,,,False,tract_persistence,zcta,noncrossing_only,17031191100,3,remains_below_highest_quartile,True
hypertension,,,,False,tract_persistence,zcta,noncrossing_only,17031191200,3,remains_below_highest_quartile,True
hypertension,,,,False,tract_persistence,zcta,noncrossing_only,17031191301,3,remains_below_highest_quartile,True
hypertension,,,,False,tract_persistence,zcta,noncrossing_only,17031200200,3,remains_below_highest_quartile,True
hypertension,,,,False,tract_persistence,zcta,noncrossing_only,17031200300,3,remains_below_highest_quartile,True
hypertension,,,,False,tract_persistence,zcta,noncrossing_only,17031200401,3,remains_below_highest_quartile,True
hypertension,,,,False,tract_persistence,zcta,noncrossing_only,17031210100,3,remains_below_highest_quartile,True
hypertension,,,,False,tract_persistence,zcta,noncrossing_only,17031210601,3,remains_below_highest_quartile,True
hypertension,,,,False,tract_persistence,zcta,noncrossing_only,17031220300,3,remains_below_highest_quartile,True
hypertension,,,,False,tract_persistence,zcta,noncrossing_only,17031220400,3,remains_below_highest_quartile,True
hypertension,,,,False,tract_persistence,zcta,noncrossing_only,17031220500,3,remains_below_highest_quartile,True
hypertension,,,,False,tract_persistence,zcta,noncrossing_only,17031220601,3,remains_below_highest_quartile,True
hypertension,,,,False,tract_persistence,zcta,noncrossing_only,17031220602,3,remains_below_highest_quartile,True
hypertension,,,,False,tract_persistence,zcta,noncrossing_only,17031220701,3,remains_below_highest_quartile,True
hypertension,,,,False,tract_persistence,zcta,noncrossing_only,17031221000,3,remains_below_highest_quartile,True
hypertension,,,,False,tract_persistence,zcta,noncrossing_only,17031221100,3,remains_below_highest_quartile,True
hypertension,,,,False,tract_persistence,zcta,noncrossing_only,17031221200,3,remains_below_highest_quartile,True
hypertension,,,,False,tract_persistence,zcta,noncrossing_only,17031221300,3,remains_below_highest_quartile,True
hypertension,,,,False,tract_persistence,zcta,noncrossing_only,17031221400,3,remains_below_highest_quartile,True
hypertension,,,,False,tract_persistence,zcta,noncrossing_only,17031221500,3,remains_below_highest_quartile,True
hypertension,,,,False,tract_persistence,zcta,noncrossing_only,17031221600,3,remains_below_highest_quartile,True
hypertension,,,,False,tract_persistence,zcta,noncrossing_only,17031222200,3,remains_below_highest_quartile,True
hypertension,,,,False,tract_persistence,zcta,noncrossing_only,17031222600,3,remains_below_highest_quartile,True
hypertension,,,,False,tract_persistence,zcta,noncrossing_only,17031222700,3,remains_below_highest_quartile,True
hypertension,,,,False,tract_persistence,zcta,noncrossing_only,17031222800,3,remains_below_highest_quartile,True
hypertension,,,,False,tract_persistence,zcta,noncrossing_only,17031222900,3,remains_below_highest_quartile,True
hypertension,,,,False,tract_persistence,zcta,noncrossing_only,17031230200,3,remains_below_highest_quartile,True
hypertension,,,,False,tract_persistence,zcta,noncrossing_only,17031230300,3,remains_below_highest_quartile,True
hypertension,,,,False,tract_persistence,zcta,noncrossing_only,17031231100,3,moves_into_highest_quartile,True
hypertension,,,,False,tract_persistence,zcta,noncrossing_only,17031231200,3,moves_into_highest_quartile,True
hypertension,,,,False,tract_persistence,zcta,noncrossing_only,17031240200,3,remains_below_highest_quartile,True
hypertension,,,,False,tract_persistence,zcta,noncrossing_only,17031240500,3,remains_below_highest_quartile,True
hypertension,,,,False,tract_persistence,zcta,noncrossing_only,17031240600,3,remains_below_highest_quartile,True
hypertension,,,,False,tract_persistence,zcta,noncrossing_only,17031240700,3,remains_below_highest_quartile,True
hypertension,,,,False,tract_persistence,zcta,noncrossing_only,17031240800,3,remains_below_highest_quartile,True
hypertension,,,,False,tract_persistence,zcta,noncrossing_only,17031241500,3,remains_below_highest_quartile,True
hypertension,,,,False,tract_persistence,zcta,noncrossing_only,17031242100,3,remains_below_highest_quartile,True
hypertension,,,,False,tract_persistence,zcta,noncrossing_only,17031242200,3,remains_below_highest_quartile,True
hypertension,,,,False,tract_persistence,zcta,noncrossing_only,17031242300,3,remains_below_highest_quartile,True
hypertension,,,,False,tract_persistence,zcta,noncrossing_only,17031242400,3,remains_below_highest_quartile,True
hypertension,,,,False,tract_persistence,zcta,noncrossing_only,17031242500,3,remains_below_highest_quartile,True
hypertension,,,,False,tract_persistence,zcta,noncrossing_only,17031242600,3,remains_below_highest_quartile,True
hypertension,,,,False,tract_persistence,zcta,noncrossing_only,17031242700,3,remains_below_highest_quartile,True
hypertension,,,,False,tract_persistence,zcta,noncrossing_only,17031243100,3,remains_below_highest_quartile,True
hypertension,,,,False,tract_persistence,zcta,noncrossing_only,17031243200,3,remains_below_highest_quartile,True
hypertension,,,,False,tract_persistence,zcta,noncrossing_only,17031243400,3,remains_below_highest_quartile,True
hypertension,,,,False,tract_persistence,zcta,noncrossing_only,17031243500,3,remains_below_highest_quartile,True
hypertension,,,,False,tract_persistence,zcta,noncrossing_only,17031250300,3,moves_out_of_highest_quartile,True
hypertension,,,,False,tract_persistence,zcta,noncrossing_only,17031250400,3,moves_out_of_highest_quartile,True
hypertension,,,,False,tract_persistence,zcta,noncrossing_only,17031251000,3,remains_high,True
hypertension,,,,False,tract_persistence,zcta,noncrossing_only,17031251100,3,remains_high,True
hypertension,,,,False,tract_persistence,zcta,noncrossing_only,17031251200,3,remains_high,True
hypertension,,,,False,tract_persistence,zcta,noncrossing_only,17031251300,3,remains_high,True
hypertension,,,,False,tract_persistence,zcta,noncrossing_only,17031251800,3,remains_high,True
hypertension,,,,False,tract_persistence,zcta,noncrossing_only,17031251900,3,remains_high,True
hypertension,,,,False,tract_persistence,zcta,noncrossing_only,17031252000,3,remains_high,True
hypertension,,,,False,tract_persistence,zcta,noncrossing_only,17031252101,3,remains_high,True
hypertension,,,,False,tract_persistence,zcta,noncrossing_only,17031252102,3,remains_high,True
hypertension,,,,False,tract_persistence,zcta,noncrossing_only,17031252201,3,remains_high,True
hypertension,,,,False,tract_persistence,zcta,noncrossing_only,17031260100,3,remains_high,True
hypertension,,,,False,tract_persistence,zcta,noncrossing_only,17031260200,3,moves_into_highest_quartile,True
hypertension,,,,False,tract_persistence,zcta,noncrossing_only,17031260300,3,remains_high,True
hypertension,,,,False,tract_persistence,zcta,noncrossing_only,17031260400,3,remains_high,True
hypertension,,,,False,tract_persistence,zcta,noncrossing_only,17031260500,3,moves_into_highest_quartile,True
hypertension,,,,False,tract_persistence,zcta,noncrossing_only,17031260600,3,moves_into_highest_quartile,True
hypertension,,,,False,tract_persistence,zcta,noncrossing_only,17031260700,3,remains_high,True
hypertension,,,,False,tract_persistence,zcta,noncrossing_only,17031260800,3,remains_high,True
hypertension,,,,False,tract_persistence,zcta,noncrossing_only,17031260900,3,remains_high,True
hypertension,,,,False,tract_persistence,zcta,noncrossing_only,17031261000,3,remains_high,True
hypertension,,,,False,tract_persistence,zcta,noncrossing_only,17031270500,3,remains_high,True
hypertension,,,,False,tract_persistence,zcta,noncrossing_only,17031271200,3,remains_high,True
hypertension,,,,False,tract_persistence,zcta,noncrossing_only,17031271400,3,remains_high,True
hypertension,,,,False,tract_persistence,zcta,noncrossing_only,17031271500,3,remains_high,True
hypertension,,,,False,tract_persistence,zcta,noncrossing_only,17031271800,3,moves_into_highest_quartile,True
hypertension,,,,False,tract_persistence,zcta,noncrossing_only,17031280800,3,remains_high,True
hypertension,,,,False,tract_persistence,zcta,noncrossing_only,17031280900,3,moves_into_highest_quartile,True
hypertension,,,,False,tract_persistence,zcta,noncrossing_only,17031282800,3,moves_into_highest_quartile,True
hypertension,,,,False,tract_persistence,zcta,noncrossing_only,17031283100,3,remains_below_highest_quartile,True
hypertension,,,,False,tract_persistence,zcta,noncrossing_only,17031283800,3,remains_below_highest_quartile,True
hypertension,,,,False,tract_persistence,zcta,noncrossing_only,17031292200,3,moves_into_highest_quartile,True
hypertension,,,,False,tract_persistence,zcta,noncrossing_only,17031292400,3,remains_high,True
hypertension,,,,False,tract_persistence,zcta,noncrossing_only,17031292500,3,remains_high,True
hypertension,,,,False,tract_persistence,zcta,noncrossing_only,17031300500,3,moves_into_highest_quartile,True
hypertension,,,,False,tract_persistence,zcta,noncrossing_only,17031300600,3,moves_into_highest_quartile,True
hypertension,,,,False,tract_persistence,zcta,noncrossing_only,17031300700,3,moves_into_highest_quartile,True
hypertension,,,,False,tract_persistence,zcta,noncrossing_only,17031300800,3,moves_into_highest_quartile,True
hypertension,,,,False,tract_persistence,zcta,noncrossing_only,17031300900,3,moves_into_highest_quartile,True
hypertension,,,,False,tract_persistence,zcta,noncrossing_only,17031301200,3,remains_below_highest_quartile,True
hypertension,,,,False,tract_persistence,zcta,noncrossing_only,17031301600,3,moves_into_highest_quartile,True
hypertension,,,,False,tract_persistence,zcta,noncrossing_only,17031301701,3,moves_into_highest_quartile,True
hypertension,,,,False,tract_persistence,zcta,noncrossing_only,17031301702,3,moves_into_highest_quartile,True
hypertension,,,,False,tract_persistence,zcta,noncrossing_only,17031301801,3,moves_into_highest_quartile,True
hypertension,,,,False,tract_persistence,zcta,noncrossing_only,17031301802,3,moves_into_highest_quartile,True
hypertension,,,,False,tract_persistence,zcta,noncrossing_only,17031301803,3,moves_into_highest_quartile,True
hypertension,,,,False,tract_persistence,zcta,noncrossing_only,17031310300,3,remains_below_highest_quartile,True
hypertension,,,,False,tract_persistence,zcta,noncrossing_only,17031310400,3,remains_below_highest_quartile,True
hypertension,,,,False,tract_persistence,zcta,noncrossing_only,17031310500,3,remains_below_highest_quartile,True
hypertension,,,,False,tract_persistence,zcta,noncrossing_only,17031310600,3,remains_below_highest_quartile,True
hypertension,,,,False,tract_persistence,zcta,noncrossing_only,17031310700,3,remains_below_highest_quartile,True
hypertension,,,,False,tract_persistence,zcta,noncrossing_only,17031310800,3,remains_below_highest_quartile,True
hypertension,,,,False,tract_persistence,zcta,noncrossing_only,17031310900,3,remains_below_highest_quartile,True
hypertension,,,,False,tract_persistence,zcta,noncrossing_only,17031320101,3,remains_below_highest_quartile,True
hypertension,,,,False,tract_persistence,zcta,noncrossing_only,17031320600,3,remains_below_highest_quartile,True
hypertension,,,,False,tract_persistence,zcta,noncrossing_only,17031330102,3,remains_below_highest_quartile,True
hypertension,,,,False,tract_persistence,zcta,noncrossing_only,17031340300,3,remains_high,True
hypertension,,,,False,tract_persistence,zcta,noncrossing_only,17031340400,3,moves_into_highest_quartile,True
hypertension,,,,False,tract_persistence,zcta,noncrossing_only,17031340500,3,moves_into_highest_quartile,True
hypertension,,,,False,tract_persistence,zcta,noncrossing_only,17031350400,3,moves_into_highest_quartile,True
hypertension,,,,False,tract_persistence,zcta,noncrossing_only,17031351000,3,remains_high,True
hypertension,,,,False,tract_persistence,zcta,noncrossing_only,17031351500,3,moves_out_of_highest_quartile,True
hypertension,,,,False,tract_persistence,zcta,noncrossing_only,17031360200,3,moves_into_highest_quartile,True
hypertension,,,,False,tract_persistence,zcta,noncrossing_only,17031380100,3,remains_high,True
hypertension,,,,False,tract_persistence,zcta,noncrossing_only,17031380200,3,remains_high,True
hypertension,,,,False,tract_persistence,zcta,noncrossing_only,17031381500,3,remains_high,True
hypertension,,,,False,tract_persistence,zcta,noncrossing_only,17031381800,3,remains_high,True
hypertension,,,,False,tract_persistence,zcta,noncrossing_only,17031381900,3,remains_high,True
hypertension,,,,False,tract_persistence,zcta,noncrossing_only,17031390100,3,moves_into_highest_quartile,True
hypertension,,,,False,tract_persistence,zcta,noncrossing_only,17031390200,3,moves_into_highest_quartile,True
hypertension,,,,False,tract_persistence,zcta,noncrossing_only,17031390300,3,remains_high,True
hypertension,,,,False,tract_persistence,zcta,noncrossing_only,17031390400,3,moves_into_highest_quartile,True
hypertension,,,,False,tract_persistence,zcta,noncrossing_only,17031390600,3,moves_into_highest_quartile,True
hypertension,,,,False,tract_persistence,zcta,noncrossing_only,17031400400,3,moves_into_highest_quartile,True
hypertension,,,,False,tract_persistence,zcta,noncrossing_only,17031410200,3,moves_into_highest_quartile,True
hypertension,,,,False,tract_persistence,zcta,noncrossing_only,17031410500,3,moves_into_highest_quartile,True
hypertension,,,,False,tract_persistence,zcta,noncrossing_only,17031410600,3,moves_into_highest_quartile,True
hypertension,,,,False,tract_persistence,zcta,noncrossing_only,17031410700,3,moves_into_highest_quartile,True
hypertension,,,,False,tract_persistence,zcta,noncrossing_only,17031420200,3,moves_into_highest_quartile,True
hypertension,,,,False,tract_persistence,zcta,noncrossing_only,17031420300,3,moves_into_highest_quartile,True
hypertension,,,,False,tract_persistence,zcta,noncrossing_only,17031420400,3,remains_high,True
hypertension,,,,False,tract_persistence,zcta,noncrossing_only,17031420500,3,moves_into_highest_quartile,True
hypertension,,,,False,tract_persistence,zcta,noncrossing_only,17031420600,3,moves_into_highest_quartile,True
hypertension,,,,False,tract_persistence,zcta,noncrossing_only,17031420700,3,remains_high,True
hypertension,,,,False,tract_persistence,zcta,noncrossing_only,17031420800,3,moves_into_highest_quartile,True
hypertension,,,,False,tract_persistence,zcta,noncrossing_only,17031421200,3,remains_high,True
hypertension,,,,False,tract_persistence,zcta,noncrossing_only,17031430101,3,remains_high,True
hypertension,,,,False,tract_persistence,zcta,noncrossing_only,17031430200,3,remains_high,True
hypertension,,,,False,tract_persistence,zcta,noncrossing_only,17031430500,3,remains_high,True
hypertension,,,,False,tract_persistence,zcta,noncrossing_only,17031430600,3,remains_high,True
hypertension,,,,False,tract_persistence,zcta,noncrossing_only,17031430700,3,remains_high,True
hypertension,,,,False,tract_persistence,zcta,noncrossing_only,17031430800,3,remains_high,True
hypertension,,,,False,tract_persistence,zcta,noncrossing_only,17031430900,3,moves_into_highest_quartile,True
hypertension,,,,False,tract_persistence,zcta,noncrossing_only,17031431200,3,remains_high,True
hypertension,,,,False,tract_persistence,zcta,noncrossing_only,17031431301,3,moves_into_highest_quartile,True
hypertension,,,,False,tract_persistence,zcta,noncrossing_only,17031431302,3,moves_into_highest_quartile,True
hypertension,,,,False,tract_persistence,zcta,noncrossing_only,17031431400,3,remains_high,True
hypertension,,,,False,tract_persistence,zcta,noncrossing_only,17031440101,3,moves_into_highest_quartile,True
hypertension,,,,False,tract_persistence,zcta,noncrossing_only,17031440102,3,remains_high,True
hypertension,,,,False,tract_persistence,zcta,noncrossing_only,17031440201,3,remains_high,True
hypertension,,,,False,tract_persistence,zcta,noncrossing_only,17031440202,3,remains_high,True
hypertension,,,,False,tract_persistence,zcta,noncrossing_only,17031440300,3,remains_high,True
hypertension,,,,False,tract_persistence,zcta,noncrossing_only,17031440600,3,remains_high,True
hypertension,,,,False,tract_persistence,zcta,noncrossing_only,17031440700,3,remains_high,True
hypertension,,,,False,tract_persistence,zcta,noncrossing_only,17031440800,3,remains_high,True
hypertension,,,,False,tract_persistence,zcta,noncrossing_only,17031440900,3,moves_into_highest_quartile,True
hypertension,,,,False,tract_persistence,zcta,noncrossing_only,17031450300,3,remains_high,True
hypertension,,,,False,tract_persistence,zcta,noncrossing_only,17031460200,3,moves_into_highest_quartile,True
hypertension,,,,False,tract_persistence,zcta,noncrossing_only,17031460301,3,moves_into_highest_quartile,True
hypertension,,,,False,tract_persistence,zcta,noncrossing_only,17031460400,3,remains_high,True
hypertension,,,,False,tract_persistence,zcta,noncrossing_only,17031460800,3,moves_into_highest_quartile,True
hypertension,,,,False,tract_persistence,zcta,noncrossing_only,17031470100,3,remains_high,True
hypertension,,,,False,tract_persistence,zcta,noncrossing_only,17031480100,3,remains_high,True
hypertension,,,,False,tract_persistence,zcta,noncrossing_only,17031480200,3,remains_high,True
hypertension,,,,False,tract_persistence,zcta,noncrossing_only,17031480400,3,remains_high,True
hypertension,,,,False,tract_persistence,zcta,noncrossing_only,17031480500,3,remains_high,True
hypertension,,,,False,tract_persistence,zcta,noncrossing_only,17031490200,3,remains_high,True
hypertension,,,,False,tract_persistence,zcta,noncrossing_only,17031490600,3,remains_high,True
hypertension,,,,False,tract_persistence,zcta,noncrossing_only,17031490700,3,remains_high,True
hypertension,,,,False,tract_persistence,zcta,noncrossing_only,17031490800,3,remains_high,True
hypertension,,,,False,tract_persistence,zcta,noncrossing_only,17031490901,3,remains_high,True
hypertension,,,,False,tract_persistence,zcta,noncrossing_only,17031490902,3,remains_high,True
hypertension,,,,False,tract_persistence,zcta,noncrossing_only,17031491000,3,remains_high,True
hypertension,,,,False,tract_persistence,zcta,noncrossing_only,17031491100,3,remains_high,True
hypertension,,,,False,tract_persistence,zcta,noncrossing_only,17031491200,3,moves_into_highest_quartile,True
hypertension,,,,False,tract_persistence,zcta,noncrossing_only,17031491300,3,moves_into_highest_quartile,True
hypertension,,,,False,tract_persistence,zcta,noncrossing_only,17031491400,3,remains_high,True
hypertension,,,,False,tract_persistence,zcta,noncrossing_only,17031500200,3,moves_into_highest_quartile,True
hypertension,,,,False,tract_persistence,zcta,noncrossing_only,17031500300,3,moves_into_highest_quartile,True
hypertension,,,,False,tract_persistence,zcta,noncrossing_only,17031510200,3,remains_high,True
hypertension,,,,False,tract_persistence,zcta,noncrossing_only,17031520100,3,moves_into_highest_quartile,True
hypertension,,,,False,tract_persistence,zcta,noncrossing_only,17031520200,3,moves_into_highest_quartile,True
hypertension,,,,False,tract_persistence,zcta,noncrossing_only,17031520300,3,moves_into_highest_quartile,True
hypertension,,,,False,tract_persistence,zcta,noncrossing_only,17031520400,3,moves_into_highest_quartile,True
hypertension,,,,False,tract_persistence,zcta,noncrossing_only,17031520500,3,moves_into_highest_quartile,True
hypertension,,,,False,tract_persistence,zcta,noncrossing_only,17031520600,3,moves_into_highest_quartile,True
hypertension,,,,False,tract_persistence,zcta,noncrossing_only,17031530100,3,remains_high,True
hypertension,,,,False,tract_persistence,zcta,noncrossing_only,17031530200,3,remains_high,True
hypertension,,,,False,tract_persistence,zcta,noncrossing_only,17031530501,3,remains_high,True
hypertension,,,,False,tract_persistence,zcta,noncrossing_only,17031530502,3,remains_high,True
hypertension,,,,False,tract_persistence,zcta,noncrossing_only,17031530600,3,remains_high,True
hypertension,,,,False,tract_persistence,zcta,noncrossing_only,17031540101,3,moves_into_highest_quartile,True
hypertension,,,,False,tract_persistence,zcta,noncrossing_only,17031550200,3,remains_below_highest_quartile,True
hypertension,,,,False,tract_persistence,zcta,noncrossing_only,17031560200,3,remains_below_highest_quartile,True
hypertension,,,,False,tract_persistence,zcta,noncrossing_only,17031560300,3,remains_below_highest_quartile,True
hypertension,,,,False,tract_persistence,zcta,noncrossing_only,17031560700,3,remains_below_highest_quartile,True
hypertension,,,,False,tract_persistence,zcta,noncrossing_only,17031560800,3,remains_below_highest_quartile,True
hypertension,,,,False,tract_persistence,zcta,noncrossing_only,17031560900,3,remains_below_highest_quartile,True
hypertension,,,,False,tract_persistence,zcta,noncrossing_only,17031561000,3,remains_below_highest_quartile,True
hypertension,,,,False,tract_persistence,zcta,noncrossing_only,17031561100,3,remains_below_highest_quartile,True
hypertension,,,,False,tract_persistence,zcta,noncrossing_only,17031570100,3,remains_below_highest_quartile,True
hypertension,,,,False,tract_persistence,zcta,noncrossing_only,17031570200,3,remains_below_highest_quartile,True
hypertension,,,,False,tract_persistence,zcta,noncrossing_only,17031570300,3,remains_below_highest_quartile,True
hypertension,,,,False,tract_persistence,zcta,noncrossing_only,17031570400,3,remains_below_highest_quartile,True
hypertension,,,,False,tract_persistence,zcta,noncrossing_only,17031570500,3,remains_below_highest_quartile,True
hypertension,,,,False,tract_persistence,zcta,noncrossing_only,17031580100,3,remains_below_highest_quartile,True
hypertension,,,,False,tract_persistence,zcta,noncrossing_only,17031580200,3,remains_below_highest_quartile,True
hypertension,,,,False,tract_persistence,zcta,noncrossing_only,17031580400,3,remains_below_highest_quartile,True
hypertension,,,,False,tract_persistence,zcta,noncrossing_only,17031580501,3,remains_below_highest_quartile,True
hypertension,,,,False,tract_persistence,zcta,noncrossing_only,17031580502,3,remains_below_highest_quartile,True
hypertension,,,,False,tract_persistence,zcta,noncrossing_only,17031580600,3,remains_below_highest_quartile,True
hypertension,,,,False,tract_persistence,zcta,noncrossing_only,17031590500,3,remains_below_highest_quartile,True
hypertension,,,,False,tract_persistence,zcta,noncrossing_only,17031590600,3,remains_below_highest_quartile,True
hypertension,,,,False,tract_persistence,zcta,noncrossing_only,17031600900,3,remains_below_highest_quartile,True
hypertension,,,,False,tract_persistence,zcta,noncrossing_only,17031610300,3,remains_below_highest_quartile,True
hypertension,,,,False,tract_persistence,zcta,noncrossing_only,17031610400,3,remains_below_highest_quartile,True
hypertension,,,,False,tract_persistence,zcta,noncrossing_only,17031611200,3,remains_below_highest_quartile,True
hypertension,,,,False,tract_persistence,zcta,noncrossing_only,17031611300,3,remains_below_highest_quartile,True
hypertension,,,,False,tract_persistence,zcta,noncrossing_only,17031611400,3,remains_below_highest_quartile,True
hypertension,,,,False,tract_persistence,zcta,noncrossing_only,17031611700,3,remains_below_highest_quartile,True
hypertension,,,,False,tract_persistence,zcta,noncrossing_only,17031611800,3,remains_below_highest_quartile,True
hypertension,,,,False,tract_persistence,zcta,noncrossing_only,17031611900,3,remains_below_highest_quartile,True
hypertension,,,,False,tract_persistence,zcta,noncrossing_only,17031612000,3,unstable,False
hypertension,,,,False,tract_persistence,zcta,noncrossing_only,17031612100,3,moves_out_of_highest_quartile,True
hypertension,,,,False,tract_persistence,zcta,noncrossing_only,17031612200,3,remains_below_highest_quartile,True
hypertension,,,,False,tract_persistence,zcta,noncrossing_only,17031620200,3,remains_below_highest_quartile,True
hypertension,,,,False,tract_persistence,zcta,noncrossing_only,17031630400,3,remains_below_highest_quartile,True
hypertension,,,,False,tract_persistence,zcta,noncrossing_only,17031640300,3,remains_below_highest_quartile,True
hypertension,,,,False,tract_persistence,zcta,noncrossing_only,17031640400,3,remains_below_highest_quartile,True
hypertension,,,,False,tract_persistence,zcta,noncrossing_only,17031640500,3,remains_below_highest_quartile,True
hypertension,,,,False,tract_persistence,zcta,noncrossing_only,17031640600,3,remains_below_highest_quartile,True
hypertension,,,,False,tract_persistence,zcta,noncrossing_only,17031640700,3,remains_below_highest_quartile,True
hypertension,,,,False,tract_persistence,zcta,noncrossing_only,17031650100,3,remains_below_highest_quartile,True
hypertension,,,,False,tract_persistence,zcta,noncrossing_only,17031650200,3,remains_below_highest_quartile,True
hypertension,,,,False,tract_persistence,zcta,noncrossing_only,17031650301,3,remains_below_highest_quartile,True
hypertension,,,,False,tract_persistence,zcta,noncrossing_only,17031650302,3,remains_below_highest_quartile,True
hypertension,,,,False,tract_persistence,zcta,noncrossing_only,17031650400,3,remains_below_highest_quartile,True
hypertension,,,,False,tract_persistence,zcta,noncrossing_only,17031660301,3,remains_below_highest_quartile,True
hypertension,,,,False,tract_persistence,zcta,noncrossing_only,17031660302,3,remains_below_highest_quartile,True
hypertension,,,,False,tract_persistence,zcta,noncrossing_only,17031660400,3,remains_below_highest_quartile,True
hypertension,,,,False,tract_persistence,zcta,noncrossing_only,17031660500,3,remains_below_highest_quartile,True
hypertension,,,,False,tract_persistence,zcta,noncrossing_only,17031660700,3,moves_into_highest_quartile,True
hypertension,,,,False,tract_persistence,zcta,noncrossing_only,17031670100,3,moves_into_highest_quartile,True
hypertension,,,,False,tract_persistence,zcta,noncrossing_only,17031670200,3,moves_into_highest_quartile,True
hypertension,,,,False,tract_persistence,zcta,noncrossing_only,17031670300,3,remains_high,True
hypertension,,,,False,tract_persistence,zcta,noncrossing_only,17031670400,3,remains_high,True
hypertension,,,,False,tract_persistence,zcta,noncrossing_only,17031670500,3,remains_high,True
hypertension,,,,False,tract_persistence,zcta,noncrossing_only,17031670600,3,remains_high,True
hypertension,,,,False,tract_persistence,zcta,noncrossing_only,17031670700,3,remains_high,True
hypertension,,,,False,tract_persistence,zcta,noncrossing_only,17031670800,3,remains_high,True
hypertension,,,,False,tract_persistence,zcta,noncrossing_only,17031670900,3,moves_into_highest_quartile,True
hypertension,,,,False,tract_persistence,zcta,noncrossing_only,17031671100,3,remains_high,True
hypertension,,,,False,tract_persistence,zcta,noncrossing_only,17031671200,3,remains_high,True
hypertension,,,,False,tract_persistence,zcta,noncrossing_only,17031671300,3,remains_high,True
hypertension,,,,False,tract_persistence,zcta,noncrossing_only,17031671500,3,remains_high,True
hypertension,,,,False,tract_persistence,zcta,noncrossing_only,17031671600,3,remains_high,True
hypertension,,,,False,tract_persistence,zcta,noncrossing_only,17031671800,3,remains_high,True
hypertension,,,,False,tract_persistence,zcta,noncrossing_only,17031680900,3,remains_high,True
hypertension,,,,False,tract_persistence,zcta,noncrossing_only,17031681200,3,moves_into_highest_quartile,True
hypertension,,,,False,tract_persistence,zcta,noncrossing_only,17031690300,3,remains_high,True
hypertension,,,,False,tract_persistence,zcta,noncrossing_only,17031690900,3,remains_high,True
hypertension,,,,False,tract_persistence,zcta,noncrossing_only,17031691000,3,remains_high,True
hypertension,,,,False,tract_persistence,zcta,noncrossing_only,17031691100,3,moves_into_highest_quartile,True
hypertension,,,,False,tract_persistence,zcta,noncrossing_only,17031691200,3,moves_into_highest_quartile,True
hypertension,,,,False,tract_persistence,zcta,noncrossing_only,17031691300,3,remains_high,True
hypertension,,,,False,tract_persistence,zcta,noncrossing_only,17031691400,3,remains_high,True
hypertension,,,,False,tract_persistence,zcta,noncrossing_only,17031691500,3,moves_into_highest_quartile,True
hypertension,,,,False,tract_persistence,zcta,noncrossing_only,17031700301,3,moves_into_highest_quartile,True
hypertension,,,,False,tract_persistence,zcta,noncrossing_only,17031700302,3,moves_into_highest_quartile,True
hypertension,,,,False,tract_persistence,zcta,noncrossing_only,17031700401,3,moves_into_highest_quartile,True
hypertension,,,,False,tract_persistence,zcta,noncrossing_only,17031700402,3,moves_into_highest_quartile,True
hypertension,,,,False,tract_persistence,zcta,noncrossing_only,17031710100,3,remains_high,True
hypertension,,,,False,tract_persistence,zcta,noncrossing_only,17031710200,3,moves_into_highest_quartile,True
hypertension,,,,False,tract_persistence,zcta,noncrossing_only,17031710300,3,remains_high,True
hypertension,,,,False,tract_persistence,zcta,noncrossing_only,17031710400,3,remains_high,True
hypertension,,,,False,tract_persistence,zcta,noncrossing_only,17031710500,3,remains_high,True
hypertension,,,,False,tract_persistence,zcta,noncrossing_only,17031710600,3,remains_high,True
hypertension,,,,False,tract_persistence,zcta,noncrossing_only,17031710700,3,remains_high,True
hypertension,,,,False,tract_persistence,zcta,noncrossing_only,17031710800,3,remains_high,True
hypertension,,,,False,tract_persistence,zcta,noncrossing_only,17031710900,3,remains_high,True
hypertension,,,,False,tract_persistence,zcta,noncrossing_only,17031711000,3,remains_high,True
hypertension,,,,False,tract_persistence,zcta,noncrossing_only,17031711100,3,remains_high,True
hypertension,,,,False,tract_persistence,zcta,noncrossing_only,17031711200,3,remains_high,True
hypertension,,,,False,tract_persistence,zcta,noncrossing_only,17031711300,3,moves_into_highest_quartile,True
hypertension,,,,False,tract_persistence,zcta,noncrossing_only,17031711400,3,remains_high,True
hypertension,,,,False,tract_persistence,zcta,noncrossing_only,17031720100,3,moves_into_highest_quartile,True
hypertension,,,,False,tract_persistence,zcta,noncrossing_only,17031720200,3,moves_into_highest_quartile,True
hypertension,,,,False,tract_persistence,zcta,noncrossing_only,17031720300,3,moves_into_highest_quartile,True
hypertension,,,,False,tract_persistence,zcta,noncrossing_only,17031720600,3,moves_into_highest_quartile,True
hypertension,,,,False,tract_persistence,zcta,noncrossing_only,17031720700,3,moves_into_highest_quartile,True
hypertension,,,,False,tract_persistence,zcta,noncrossing_only,17031730500,3,remains_high,True
hypertension,,,,False,tract_persistence,zcta,noncrossing_only,17031740100,3,moves_into_highest_quartile,True
hypertension,,,,False,tract_persistence,zcta,noncrossing_only,17031740200,3,moves_into_highest_quartile,True
hypertension,,,,False,tract_persistence,zcta,noncrossing_only,17031740300,3,moves_into_highest_quartile,True
hypertension,,,,False,tract_persistence,zcta,noncrossing_only,17031740400,3,moves_into_highest_quartile,True
hypertension,,,,False,tract_persistence,zcta,noncrossing_only,17031750200,3,remains_high,True
hypertension,,,,False,tract_persistence,zcta,noncrossing_only,17031750500,3,remains_high,True
hypertension,,,,False,tract_persistence,zcta,noncrossing_only,17031760803,3,remains_below_highest_quartile,True
hypertension,,,,False,tract_persistence,zcta,noncrossing_only,17031831400,3,remains_high,True
hypertension,,,,False,tract_persistence,zcta,noncrossing_only,17031831600,3,moves_into_highest_quartile,True
hypertension,,,,False,tract_persistence,zcta,noncrossing_only,17031831700,3,remains_below_highest_quartile,True
hypertension,,,,False,tract_persistence,zcta,noncrossing_only,17031832100,3,remains_below_highest_quartile,True
hypertension,,,,False,tract_persistence,zcta,noncrossing_only,17031832200,3,remains_below_highest_quartile,True
hypertension,,,,False,tract_persistence,zcta,noncrossing_only,17031832400,3,remains_below_highest_quartile,True
hypertension,,,,False,tract_persistence,zcta,noncrossing_only,17031832500,3,remains_below_highest_quartile,True
hypertension,,,,False,tract_persistence,zcta,noncrossing_only,17031832900,3,remains_below_highest_quartile,True
hypertension,,,,False,tract_persistence,zcta,noncrossing_only,17031833100,3,remains_below_highest_quartile,True
hypertension,,,,False,tract_persistence,zcta,noncrossing_only,17031833300,3,remains_below_highest_quartile,True
hypertension,,,,False,tract_persistence,zcta,noncrossing_only,17031833900,3,moves_into_highest_quartile,True
hypertension,,,,False,tract_persistence,zcta,noncrossing_only,17031834400,3,moves_into_highest_quartile,True
hypertension,,,,False,tract_persistence,zcta,noncrossing_only,17031834600,3,remains_high,True
hypertension,,,,False,tract_persistence,zcta,noncrossing_only,17031834700,3,moves_into_highest_quartile,True
hypertension,,,,False,tract_persistence,zcta,noncrossing_only,17031834800,3,remains_high,True
hypertension,,,,False,tract_persistence,zcta,noncrossing_only,17031834900,3,remains_high,True
hypertension,,,,False,tract_persistence,zcta,noncrossing_only,17031835500,3,remains_below_highest_quartile,True
hypertension,,,,False,tract_persistence,zcta,noncrossing_only,17031835600,3,moves_out_of_highest_quartile,True
hypertension,,,,False,tract_persistence,zcta,noncrossing_only,17031836000,3,remains_high,True
hypertension,,,,False,tract_persistence,zcta,noncrossing_only,17031836300,3,moves_into_highest_quartile,True
hypertension,,,,False,tract_persistence,zcta,noncrossing_only,17031836500,3,moves_into_highest_quartile,True
hypertension,,,,False,tract_persistence,zcta,noncrossing_only,17031837000,3,moves_into_highest_quartile,True
hypertension,,,,False,tract_persistence,zcta,noncrossing_only,17031837400,3,moves_into_highest_quartile,True
hypertension,,,,False,tract_persistence,zcta,noncrossing_only,17031837800,3,moves_into_highest_quartile,True
hypertension,,,,False,tract_persistence,zcta,noncrossing_only,17031838000,3,remains_high,True
hypertension,,,,False,tract_persistence,zcta,noncrossing_only,17031838300,3,remains_below_highest_quartile,True
hypertension,,,,False,tract_persistence,zcta,noncrossing_only,17031838600,3,remains_high,True
hypertension,,,,False,tract_persistence,zcta,noncrossing_only,17031839200,3,remains_high,True
hypertension,,,,False,tract_persistence,zcta,noncrossing_only,17031839500,3,remains_high,True
hypertension,,,,False,tract_persistence,zcta,noncrossing_only,17031839600,3,remains_high,True
hypertension,,,,False,tract_persistence,zcta,noncrossing_only,17031839900,3,remains_below_highest_quartile,True
hypertension,,,,False,tract_persistence,zcta,noncrossing_only,17031840100,3,moves_into_highest_quartile,True
hypertension,,,,False,tract_persistence,zcta,noncrossing_only,17031840800,3,moves_into_highest_quartile,True
hypertension,,,,False,tract_persistence,zcta,noncrossing_only,17031841000,3,moves_into_highest_quartile,True
hypertension,,,,False,tract_persistence,zcta,noncrossing_only,17031841500,3,moves_into_highest_quartile,True
hypertension,,,,False,tract_persistence,zcta,noncrossing_only,17031841700,3,remains_high,True
hypertension,,,,False,tract_persistence,zcta,noncrossing_only,17031842000,3,moves_into_highest_quartile,True
hypertension,,,,False,tract_persistence,zcta,noncrossing_only,17031842600,3,remains_below_highest_quartile,True
hypertension,,,,False,tract_persistence,zcta,noncrossing_only,17031842800,3,remains_below_highest_quartile,True
hypertension,,,,False,tract_persistence,zcta,noncrossing_only,17031842900,3,moves_out_of_highest_quartile,True
hypertension,,,,False,tract_persistence,zcta,noncrossing_only,17031843000,3,remains_high,True
hypertension,,,,False,tract_persistence,zcta,noncrossing_only,17031843300,3,remains_below_highest_quartile,True
hypertension,,,,False,tract_persistence,zcta,noncrossing_only,17031843700,3,remains_below_highest_quartile,True
hypertension,,,,False,tract_persistence,zcta,noncrossing_only,17031843800,3,unstable,False
hypertension,,,,False,tract_persistence,zcta,noncrossing_only,17031844700,3,moves_into_highest_quartile,True
